numero_permis,n_occurrences,is_suspect
1,15375,True
00/0000,3699,True
/,3580,True
00/00000,2372,True
0000000000,1942,True
00/0000000,1032,True
00/000000,1015,True
000000000,894,True
00000000,826,True
0000000,792,True
01/0000,637,True
0100000000,297,True
SANS CONDU,285,True
11/111111,284,True
01/2560,272,True
SANS COND,226,True
1111111,208,True
01/0000000,194,True
01/00000,193,True
12/2121,149,True
STATIONNE,149,True
01/010101,129,True
11111111,127,True
09/789654,105,True
11/1111111,93,True
01/115115,83,True
14/0001,74,True
01/000000,73,True
11/11111,61,True
01/365210,61,True
01/111111,59,True
11/1111,53,True
03/1256,47,True
01/2356987,46,True
01/3652410,40,True
NON FOURNI,38,True
02/23569,33,True
01/23569,33,True
0100000,32,True
02/0000,32,True
01/112112,31,True
09/123654,30,True
01/000001,30,True
01/235698,29,True
01/00001,28,True
01/11111,28,True
01/23654,27,True
01/22222,26,True
23/23924,26,True
15/022222,26,True
14/00001,25,True
01/236545,23,True
14/0000,23,True
01/222222,23,True
01/365241,22,True
24/7149,22,True
0 /00000,22,True
01/236541,21,True
15/125487,20,False
02/306157,20,False
01/340260,19,False
01/2222222,18,False
01/125463,18,False
19/003269,18,False
01/438604,17,False
01/0101,16,False
01/000111,16,False
12/0000001,16,False
EN STATION,16,False
14/ 0000,16,False
01/022222,16,False
01/219167,15,False
01/1254789,15,False
01/2365410,15,False
23/190933,15,False
01/326541,15,False
13/21722,15,False
01/236598,14,False
03/2222,14,False
01/1478596,14,False
01/124578,14,False
01/411719,14,False
03/5555,14,False
12/14863,14,False
12/003269,14,False
07/94752,14,False
04/24892,14,False
01/144580,14,False
06/31295,14,False
22/6912,14,False
00/434957,13,False
01/191307,13,False
23119083,13,False
03/134876,13,False
23/21366,13,False
00/00001,12,False
01/440601,12,False
17/6390,12,False
01/110110,12,False
01/169856,12,False
01/327233,12,False
02/280582,12,False
STATIONNÉ,12,False
23/57211,12,False
02/70473,12,False
22/113571,12,False
01/316188,12,False
22/40175,12,False
02/98392,12,False
01/394688,12,False
01/170922,12,False
22/123547,12,False
09/152323,11,False
12/21231,11,False
02/2456,11,False
01/309668,11,False
24/53485,11,False
15/20057,11,False
01/236589,11,False
24/90257,11,False
01/2356,11,False
24/69817,11,False
01/40977,11,False
11/27990,11,False
24/93167,11,False
01/2931,11,False
23/116870,11,False
23/41522,11,False
01/2356489,10,False
01010000,10,False
15/123456,10,False
01/99186,10,False
00/ 00000,10,False
10/0000001,10,False
0100001,10,False
01/492826,10,False
02/00000,10,False
01000000,10,False
01/1111111,10,False
12/2321,10,False
22/58557,10,False
01/428473,10,False
00/332346,10,False
111111111,10,False
01/266966,10,False
01/2236,10,False
12/36814,10,False
02/235698,10,False
02/172982,10,False
0101000,10,False
01/1111,10,False
23/96988,10,False
02/265283,10,False
01/294191,10,False
01/2222,10,False
23/13337,10,False
02/147280,10,False
01/455352,10,False
23/211322,10,False
02/284115,10,False
01/594604,10,False
02/170247,10,False
04/71161,10,False
02/146059,10,False
23/55036,10,False
23/146108,10,False
23/129411,10,False
01/407298,10,False
01/366036,10,False
02/190979,10,False
01/490114,10,False
02/73881,10,False
00/417688,10,False
00/458680,10,False
01/502942,10,False
09/142083,10,False
01/101659,10,False
22/77899,10,False
03/86323,10,False
01/13341,10,False
23/150237,10,False
02/7685,9,False
22/90762,9,False
01/333162,9,False
16/76512,9,False
10/33893,9,False
24/33995,9,False
01/442228,9,False
01/261924,9,False
23/30166,9,False
01/295674,9,False
01010101,9,False
00/333781,9,False
01/143932,9,False
24/6611,9,False
00/290526,9,False
04/54452,9,False
24/107797,9,False
09/82162,9,False
01/187149,9,False
22/8993,9,False
11/11744,9,False
11/1000000,9,False
00/121212,9,False
02/23659,9,False
01/210883,9,False
17/22848,9,False
02/68221,9,False
24/104906,9,False
01/473190,9,False
01/317428,9,False
02/124118,9,False
03/147378,9,False
22/65943,9,False
02/203164,9,False
00/325444,9,False
24/20111,9,False
01/442005,9,False
14/70227,9,False
01/347385,9,False
01/404642,9,False
23/81044,9,False
24/80664,9,False
22/115292,9,False
18/34882,9,False
02/247156,9,False
22/64345,9,False
02/83251,9,False
01/512280,9,False
01/485186,9,False
01/64826,9,False
01/436873,9,False
01/151120,9,False
01/255497,9,False
02/182984,9,False
01/191196,9,False
13/7405,9,False
01/415337,9,False
22/125386,9,False
03/200279,9,False
22/90957,9,False
01/12365,8,False
14/ 0001,8,False
02/193382,8,False
01/438151,8,False
01/118434,8,False
01/491050,8,False
01/125468,8,False
05/55568,8,False
02/89385,8,False
15/012548,8,False
01/89513,8,False
24/11306,8,False
00/ 0000,8,False
01000001,8,False
23/58917,8,False
06/34515,8,False
02/300449,8,False
15/44777,8,False
12/7640,8,False
03/1265,8,False
2325512,8,False
22/14408,8,False
23/22737,8,False
01/194946,8,False
09/111246,8,False
12/112112,8,False
00/456507,8,False
02/213854,8,False
01390710,8,False
16/26934,8,False
01/425996,8,False
23/74319,8,False
03/001245,8,False
22/89396,8,False
17/36888,8,False
01/236741,8,False
24/25376,8,False
23/29074,8,False
21/2558,8,False
21/007389,8,False
00/298229,8,False
22/37299,8,False
02/202088,8,False
01/123456,8,False
01/351833,8,False
01/350029,8,False
10/100000,8,False
02/2222,8,False
23/95523,8,False
00/145254,8,False
15/12458,8,False
08/45712,8,False
02/185727,8,False
22/29067,8,False
23/209272,8,False
01/550054,8,False
23/40436,8,False
01/235689,8,False
24/56987,8,False
01/202973,8,False
01/69062,8,False
08/2171,8,False
24/50015,8,False
08/74151,8,False
23/0166,8,False
01/547178,8,False
03/68490,8,False
01/206272,8,False
01/289863,8,False
01/18609,8,False
24/148739,8,False
24/85697,8,False
15/45781,8,False
0 /0000000,8,False
22/100304,8,False
23/188044,8,False
STATIONÉE,8,False
02/281137,8,False
23/127448,8,False
02/275542,8,False
22/129674,8,False
0 /000000,8,False
02/286101,8,False
09/193995,8,False
24/8675,8,False
01/330115,8,False
04/47243,8,False
01/426288,8,False
24/2278,8,False
01/375006,8,False
23/53701,8,False
23/41396,8,False
01/227326,8,False
02/139405,8,False
23/112695,8,False
12/56117,8,False
01/171417,8,False
23/74312,8,False
01/188194,8,False
18/18303,8,False
01/0001,8,False
01/294887,8,False
09/224822,8,False
23/12321,8,False
02/104346,8,False
16/16241,8,False
02/149933,8,False
08/6507,8,False
01/388470,8,False
24/6456,8,False
24/06456,8,False
01/372475,8,False
18/37679,8,False
01/136816,8,False
15/25450,8,False
02/260940,8,False
01/125399,8,False
10/35292,8,False
07/45899,8,False
23/72820,8,False
24/105161,8,False
01/207119,8,False
02/229766,8,False
14/90735,8,False
24/62477,8,False
24/85415,8,False
02/315371,8,False
01/449012,8,False
01/350372,8,False
24/44390,8,False
24/100974,8,False
01/338138,8,False
22/145006,8,False
23/169922,8,False
02/215108,8,False
04/98647,8,False
24/159947,8,False
02/177000,8,False
09/234167,8,False
24/36229,7,False
01/272734,7,False
01/484583,7,False
08/45217,7,False
23/48523,7,False
22/40404,7,False
01/336068,7,False
01/436562,7,False
02/93512,7,False
00399520,7,False
00/399520,7,False
00/384592,7,False
08/58671,7,False
08/74521,7,False
22/6182,7,False
23/103964,7,False
23/3909,7,False
01/381154,7,False
12/21211,7,False
02/123381,7,False
01/76598,7,False
01/275374,7,False
23/26226,7,False
01/15958,7,False
23/132139,7,False
02/121685,7,False
24/12799,7,False
00/441203,7,False
22/67920,7,False
01/7902,7,False
24/8608,7,False
01/269761,7,False
01/505444,7,False
09/105070,7,False
07/113903,7,False
00/444765,7,False
01/193490,7,False
23/55266,7,False
00/279092,7,False
15/15025,7,False
22/67253,7,False
01/63354,7,False
24/124700,7,False
01/258287,7,False
09/9859,7,False
03/61516,7,False
01/359180,7,False
01/512015,7,False
00/399865,7,False
11/33028,7,False
09/73802,7,False
01/374834,7,False
02/21969,7,False
23/112198,7,False
02/247180,7,False
01/475032,7,False
01/104287,7,False
02/98063,7,False
01/499351,7,False
01/514160,7,False
02/1256,7,False
02/7726,7,False
01/484780,7,False
01/362944,7,False
09/153855,7,False
01/12449,7,False
23/141102,7,False
02/36245,7,False
01/50916,7,False
02/341582,7,False
00/111111,7,False
01/17214,7,False
02/220762,7,False
18/36238,7,False
02/110955,7,False
01/447658,7,False
01/233474,7,False
23/185247,7,False
24/72083,7,False
22/48315,7,False
01/205126,7,False
03/2555,7,False
02/64566,7,False
01/352263,7,False
01/0101010,7,False
02/3929,7,False
01/238348,7,False
24/113142,7,False
02/252469,7,False
02/179917,7,False
23/149131,7,False
01/179075,7,False
23/173353,7,False
00/243481,7,False
13/8066,7,False
01/335610,7,False
13/51076,7,False
02/233710,7,False
23/141343,7,False
02/59741,7,False
01/355921,7,False
01/361285,7,False
22/136992,7,False
01/548212,7,False
23/39534,7,False
09/240472,7,False
01/82422,7,False
04/129299,7,False
12/22700,7,False
01/88987,7,False
01/211880,7,False
01/376513,7,False
23/65956,7,False
17/11420,7,False
01/304520,7,False
01/493846,7,False
01/502075,7,False
01/48231,7,False
22/112257,7,False
01/409650,7,False
14/51267,7,False
01/101309,7,False
24/43438,7,False
01/358647,7,False
23/25618,7,False
01/433762,7,False
00/455997,7,False
12/000000,7,False
24/26759,7,False
01/88786,7,False
02/99914,7,False
03/109468,7,False
02/98744,7,False
23/45870,7,False
01/346509,7,False
21/30945,7,False
03/136295,7,False
01/423787,7,False
02/271573,7,False
01/338503,7,False
02/203732,7,False
01/169990,7,False
23/126523,7,False
24/134740,7,False
00/423963,7,False
09/124722,7,False
21/25757,7,False
01/87315,7,False
22/149443,7,False
14/121611,7,False
23/205106,7,False
02/185127,7,False
24/80881,7,False
02/198057,7,False
24/58333,7,False
04/69039,7,False
00/379603,7,False
02/276093,7,False
01/233580,7,False
09/26413,6,False
02/79075,6,False
14/12342,6,False
23/73586,6,False
01/3659821,6,False
15/000000,6,False
23/112107,6,False
01/653210,6,False
01/99982,6,False
22/45243,6,False
13/9116,6,False
00/323679,6,False
17/30504,6,False
15/4477,6,False
01/28138,6,False
01/44898,6,False
08/4571,6,False
15/115115,6,False
03/12569,6,False
01/23656,6,False
01/273371,6,False
02/101727,6,False
09/33406,6,False
91/596443,6,False
01/336016,6,False
01/365272,6,False
01/314017,6,False
24/8563,6,False
23/105037,6,False
01/204964,6,False
03/6668,6,False
01/309072,6,False
23/43227,6,False
SAN CONDUC,6,False
23/123468,6,False
08/58472,6,False
08/10174,6,False
23/13306,6,False
01/363661,6,False
01/8895,6,False
23/54081,6,False
03/1259,6,False
17/11309,6,False
12/0032698,6,False
23/171934,6,False
24/63034,6,False
01/322031,6,False
01/108072,6,False
08/37139,6,False
01/386333,6,False
02/125832,6,False
02/263417,6,False
00/458137,6,False
02/72981,6,False
01/61644,6,False
17/10412,6,False
08/66474,6,False
05/70603,6,False
01/497921,6,False
23/8676,6,False
08/45721,6,False
24/28978,6,False
15/11447,6,False
14/51471,6,False
01/197835,6,False
23/130926,6,False
01/71240,6,False
01/242350,6,False
15/61271,6,False
16/015242,6,False
00/460735,6,False
17/36218,6,False
15/125489,6,False
SANS CONUC,6,False
01/2564,6,False
01/107258,6,False
01/279697,6,False
02/72968,6,False
01/130773,6,False
22/87616,6,False
01/198044,6,False
01/248555,6,False
01/235648,6,False
01/129200,6,False
01/304125,6,False
01/337024,6,False
15/012458,6,False
08/14171,6,False
23/159662,6,False
01/185410,6,False
17/8825,6,False
14/147503,6,False
23/115726,6,False
01/22365,6,False
01/98871,6,False
03/1569,6,False
21/11691,6,False
24/21320,6,False
01/350859,6,False
03/123346,6,False
09/456987,6,False
24/006798,6,False
23/83276,6,False
20/14899,6,False
00/416689,6,False
02/73362,6,False
15/02369,6,False
00/314256,6,False
01/170985,6,False
01/313836,6,False
01/271563,6,False
12/10807,6,False
23/133747,6,False
22/57056,6,False
1115092,6,False
23/112533,6,False
01/125478,6,False
13/21932,6,False
01/134269,6,False
23/52104,6,False
23/199875,6,False
01/144005,6,False
20/23901,6,False
10/1000000,6,False
01/306121,6,False
22/67761,6,False
24/126100,6,False
13/27497,6,False
01/248510,6,False
02/212872,6,False
23/176635,6,False
02/2121,6,False
23/122126,6,False
23/167047,6,False
01/88867,6,False
SANS CONU,6,False
13/31801,6,False
02/268221,6,False
01/524686,6,False
01/447469,6,False
01/442889,6,False
23/91501,6,False
02/133064,6,False
02/227834,6,False
00/188583,6,False
01/229433,6,False
23/2569,6,False
24/145052,6,False
24/30187,6,False
23/38099,6,False
07/159549,6,False
02/80428,6,False
22/35683,6,False
01391840,6,False
01/219207,6,False
15/88691,6,False
15/37425,6,False
09/172737,6,False
01/257328,6,False
02/5555,6,False
23/89975,6,False
01/259250,6,False
01/427720,6,False
23/114930,6,False
01/225739,6,False
23/172738,6,False
23/151863,6,False
01/416182,6,False
01/365636,6,False
22/68563,6,False
14/7061,6,False
02/316710,6,False
01/326996,6,False
08/45127,6,False
03/111267,6,False
01/495253,6,False
23/184385,6,False
24/50667,6,False
14/ 001,6,False
23/37692,6,False
23/103426,6,False
01/369811,6,False
01/154537,6,False
01/515336,6,False
22/45416,6,False
24/66544,6,False
05/35338,6,False
24/18232,6,False
00/346082,6,False
01/337700,6,False
01/359778,6,False
22/22689,6,False
01/307622,6,False
23/172149,6,False
01/430030,6,False
22/141303,6,False
23/14334,6,False
15/01245,6,False
01/48306,6,False
01/1235,6,False
04/117268,6,False
01/167752,6,False
01/411284,6,False
20/14348,6,False
23/168530,6,False
11/112112,6,False
14/00000,6,False
01/244808,6,False
00/213582,6,False
09/14674,6,False
17/46451,6,False
01/380744,6,False
01/198883,6,False
01/339525,6,False
24/83426,6,False
01/365982,6,False
23/82097,6,False
01/179829,6,False
12/2212,6,False
01/544298,6,False
02/161819,6,False
01011111,6,False
01/3265410,6,False
01/218140,6,False
02/52308,6,False
01/228675,6,False
01/259995,6,False
22/70340,6,False
01/152485,6,False
03/95959,6,False
16/8743,6,False
22/34457,6,False
23/3467,6,False
23/26323,6,False
02/328118,6,False
02/162699,6,False
02/291274,6,False
01/448711,6,False
03/108891,6,False
02/114111,6,False
01/460523,6,False
12/21212,6,False
14/68852,6,False
02/173399,6,False
24/67452,6,False
23/158073,6,False
03/71604,6,False
22/47593,6,False
02/217550,6,False
23/194707,6,False
01/284661,6,False
18/47807,6,False
23/104569,6,False
14/88367,6,False
03/51812,6,False
09/132234,6,False
23/99982,6,False
23/45206,6,False
23/243735,6,False
01/530053,6,False
02/329821,6,False
03/234337,6,False
09/61460,6,False
03/128238,6,False
15/42158,6,False
14/108338,6,False
01/243005,6,False
02/113608,6,False
02/43036,6,False
23/249612,6,False
02/166528,6,False
23/58629,6,False
02/294715,6,False
01/569346,6,False
07/187417,6,False
24/114378,6,False
00/203345,6,False
00/285344,6,False
0 0000000,6,False
22/91272,6,False
02/206737,6,False
22/73554,6,False
02/139692,6,False
02/331825,6,False
03/178177,6,False
01/349710,6,False
12/12121,6,False
01/326040,6,False
00/457907,6,False
01/197456,6,False
23/81702,6,False
01/345330,6,False
01/160256,6,False
01/0000001,6,False
23/64844,6,False
03/5285,6,False
24/38823,6,False
XXXXXXXX,6,False
01/2450,6,False
01/385343,6,False
23/104338,6,False
24/97170,6,False
05/52904,6,False
23/174113,6,False
01/470412,6,False
24/12011,6,False
23/100503,6,False
22/13363,6,False
02/228635,6,False
01/461899,6,False
02/164113,6,False
01/305974,6,False
01/359135,6,False
01/321401,6,False
02/63418,6,False
23/112192,6,False
02/2356,6,False
23/47120,6,False
17/40872,6,False
19/17812,6,False
06/29400,6,False
09/119061,6,False
01/159650,6,False
01/460992,6,False
01/392885,6,False
24/63469,6,False
02/148074,6,False
23/189584,6,False
02/327621,6,False
09/187358,6,False
00/ 000,6,False
01/396545,6,False
22/59733,6,False
01/307107,6,False
01/247551,6,False
01/414320,6,False
23/104692,6,False
23/118978,6,False
23/7197,6,False
21/9432,6,False
17/18726,6,False
22/134889,6,False
23/66943,6,False
01/406233,6,False
04/5056437,6,False
23/158643,6,False
23/63587,6,False
10/12393,6,False
01/200217,6,False
08/17672,6,False
01/511987,6,False
00/453414,6,False
02/248005,6,False
01/458801,6,False
21/54037,6,False
01/324118,6,False
02/83761,6,False
23/56710,6,False
01195569,6,False
14/ 00001,6,False
01/26841,6,False
01/76382,6,False
01/201500,6,False
02/144869,6,False
14/65872,6,False
01/397340,6,False
23/198672,6,False
01/358714,6,False
23/204100,6,False
02/309550,6,False
17/27953,6,False
01/392717,6,False
0102222,6,False
12/55928,6,False
23/7331,6,False
01/198755,6,False
01/443134,6,False
01/1254687,6,False
02/280472,6,False
01/294645,6,False
23/95876,6,False
01/292545,6,False
23/106405,6,False
00/442543,6,False
01/527670,6,False
09/87434,6,False
01/502321,6,False
01/384961,6,False
01/341560,6,False
24/71364,6,False
01/504219,6,False
23/101146,6,False
17/28837,6,False
23/12812,6,False
02/192646,6,False
23/134499,6,False
22/137754,6,False
22/111761,6,False
14/45738,6,False
23/97423,6,False
01/526942,6,False
22/44056,6,False
01/440271,6,False
00/463592,6,False
01/146975,6,False
01/186391,6,False
05/101414,6,False
22/50865,6,False
09/204494,6,False
15/57558,6,False
16/29495,6,False
02/100981,6,False
23/60005,6,False
12/9738,6,False
2315662,6,False
23/82756,6,False
01/285793,6,False
03/181013,6,False
01/210808,6,False
01/378854,6,False
23/111031,6,False
01/389055,6,False
11/24677,6,False
09/112465,6,False
09/151953,6,False
03/246896,6,False
01/513270,6,False
01/387639,6,False
04/191466,6,False
12/58233,6,False
23/69487,6,False
14/4623,6,False
12/57656,6,False
09/38660,6,False
01/736797,6,False
14/105908,6,False
09/195296,6,False
09/65571,6,False
02/266262,6,False
00/040384,6,False
02/296794,6,False
08/52457,5,False
01/212959,5,False
01/368223,5,False
01/2121,5,False
22/74346,5,False
01/240814,5,False
01/160941,5,False
11/18300,5,False
0824383,5,False
23/14065,5,False
23/78743,5,False
22/129663,5,False
09/25523,5,False
23/5385,5,False
14/99252,5,False
22/118392,5,False
24/60618,5,False
17/42032,5,False
01/231499,5,False
17/41872,5,False
22/102659,5,False
03/47761,5,False
23/5261,5,False
01/239874,5,False
18/15100,5,False
01/123654,5,False
01/439847,5,False
01/487897,5,False
17/9351,5,False
02/177787,5,False
02/214517,5,False
02/75205,5,False
00/393175,5,False
24/18152,5,False
03/109495,5,False
05/73037,5,False
24/102659,5,False
16/47499,5,False
13/40572,5,False
01/479430,5,False
23/127958,5,False
22/62150,5,False
17/30614,5,False
23/86790,5,False
23/83811,5,False
14/256487,5,False
24/43946,5,False
2470117,5,False
01471007,5,False
01/324290,5,False
09/177838,5,False
24/59760,5,False
24/86086,5,False
24/86826,5,False
01/349045,5,False
03/158044,5,False
24/17106,5,False
17/28016,5,False
01/416665,5,False
01/27020,5,False
23/84759,5,False
09/174444,5,False
24/31459,5,False
00/400906,5,False
24/6978,5,False
14/146609,5,False
01/135130,5,False
01/464107,5,False
17/6087,5,False
12/4674,5,False
22/122524,5,False
17/28623,5,False
01/116967,5,False
01/387816,5,False
23/88581,5,False
02/19422,5,False
17/38841,5,False
00/425383,5,False
01/480495,5,False
23/62169,5,False
07/39569,5,False
01/280611,5,False
23/178701,5,False
01/492600,5,False
15/14475,5,False
21/12290,5,False
02/51120,5,False
08/88237,5,False
00/428927,5,False
01/062421,5,False
23/6119,5,False
22/00642,5,False
01/124479,5,False
17/13349,5,False
01/252246,5,False
23/70773,5,False
14/81799,5,False
22/111034,5,False
03/119819,5,False
09/161251,5,False
02/85372,5,False
01/63960,5,False
09/14359,5,False
22/92370,5,False
02/174205,5,False
22/16664,5,False
01/210876,5,False
01/419473,5,False
01/188815,5,False
01/422901,5,False
22/123659,5,False
14/125487,5,False
00/456143,5,False
01/459425,5,False
24/68659,5,False
24/27604,5,False
02/91045,5,False
23/207188,5,False
02/171892,5,False
01/393344,5,False
02/203786,5,False
08/79489,5,False
01/263362,5,False
01/280116,5,False
23/91678,5,False
01/235697,5,False
08/18024,5,False
02/264080,5,False
01/118181,5,False
01/512173,5,False
22/91414,5,False
01/498457,5,False
01/431195,5,False
24/42654,5,False
23/187794,5,False
01/266380,5,False
01/485592,5,False
23/69976,5,False
01/18091,5,False
18/49325,5,False
12/21321,5,False
24/131195,5,False
18/22452,5,False
01/451236,5,False
01/386050,5,False
23/27795,5,False
17/43723,5,False
24/31575,5,False
02/180729,5,False
15/3363,5,False
01/501212,5,False
17/34100,5,False
23/17136,5,False
01/138980,5,False
04/29174,5,False
05/33742,5,False
16/51536,5,False
02/113121,5,False
23/142077,5,False
15/52570,5,False
2362455,5,False
23/66881,5,False
01/158272,5,False
01/451997,5,False
01/261605,5,False
01/1236,5,False
15/130901,5,False
21/21431,5,False
24/91369,5,False
02152597,5,False
01/159996,5,False
14/54856,5,False
23/188294,5,False
23/36009,5,False
01/522020,5,False
17/5712,5,False
01/35225,5,False
01/155894,5,False
01/261407,5,False
01/124673,5,False
17/46354,5,False
04/90626,5,False
02/218792,5,False
23/17739,5,False
24/64227,5,False
17/31343,5,False
01/448015,5,False
01/382921,5,False
23/26478,5,False
03/95714,5,False
01/304081,5,False
01/388449,5,False
02/192278,5,False
02/36629,5,False
01379939,5,False
22/66300,5,False
24/99541,5,False
12/115115,5,False
24/93598,5,False
22/3819,5,False
02/74259,5,False
03/165805,5,False
02/51794,5,False
14/169271,5,False
02/270968,5,False
01/55698,5,False
23/210940,5,False
01/415316,5,False
17/28433,5,False
04/120359,5,False
13/20531,5,False
01/245698,5,False
23/67665,5,False
15/40965,5,False
23/02680,5,False
01/368811,5,False
01/358575,5,False
24/40979,5,False
22/24056,5,False
22/94653,5,False
01/76135,5,False
01/1458963,5,False
22/70052,5,False
23/74578,5,False
01/355791,5,False
14/88932,5,False
01/011111,5,False
02/214978,5,False
01/1236598,5,False
01/232966,5,False
02/185385,5,False
17/38187,5,False
03/143359,5,False
23/67509,5,False
23/16857,5,False
17/13768,5,False
02/81491,5,False
03/108807,5,False
24/98777,5,False
07/29600,5,False
01/451322,5,False
24/103761,5,False
23/107861,5,False
14/4813,5,False
01/394617,5,False
09/69248,5,False
02/31095,5,False
01/421574,5,False
09/52243,5,False
02/174187,5,False
23/120040,5,False
14/157149,5,False
03/83233,5,False
23/5205,5,False
0702952002,5,False
22/90241,5,False
01/3652874,5,False
01/353994,5,False
01/292495,5,False
01/130344,5,False
15/89913,5,False
01/351655,5,False
22/48543,5,False
22/65931,5,False
23/62495,5,False
02/174060,5,False
02/170696,5,False
14/61356,5,False
04/135175,5,False
24/73136,5,False
09/208534,5,False
01/232891,5,False
13/47451,5,False
03/68021,5,False
14/126237,5,False
11/21046,5,False
11/42506,5,False
03/177262,5,False
23/104974,5,False
04/50390,5,False
09/72038,5,False
01/206590,5,False
02/229001,5,False
22/9705,5,False
01/534549,5,False
00/361239,5,False
11/21540,5,False
01/478250,5,False
03/93049,5,False
24/60514,5,False
01/77986,5,False
23/216042,5,False
01/41509,5,False
02/82248,5,False
22/109552,5,False
21/18753,5,False
181013348,5,False
03/102451,5,False
17/28298,5,False
24/37972,5,False
02/128354,5,False
14/17888,5,False
04/70985,5,False
04/98202,5,False
7903912351,5,False
04/61602,5,False
24/20733,5,False
0/000000,5,False
01/449111,5,False
01/427732,5,False
01/555861,5,False
04/121928,5,False
01/553280,5,False
22/143634,5,False
02/202050,5,False
23/96642,5,False
01/427075,5,False
03/144352,5,False
24/76548,5,False
24/95147,5,False
23/90540,5,False
09/190441,5,False
01/294741,5,False
02/300103,5,False
00/436126,5,False
22/22038,5,False
01/314975,5,False
01/760161,5,False
04/156420,5,False
04/82642,5,False
0 000000,5,False
01/491554,5,False
02/245202,5,False
01/476492,5,False
23/139952,5,False
21/24326,5,False
01/83254,5,False
24/85427,5,False
04/160105,5,False
23/34479,5,False
01/36524,5,False
23/112029,5,False
14/45808,5,False
23/146028,5,False
23/137974,5,False
24/36400,5,False
09/152013,5,False
01/511614,5,False
05/49037,5,False
01/418167,5,False
01/36120,5,False
16/35504,5,False
01/287975,5,False
23/63656,5,False
24/100499,5,False
01/379127,5,False
63655856,5,False
01/218795,5,False
17/2863,5,False
24/109359,5,False
01/484974,5,False
23/63539,5,False
22/37669,5,False
01/440798,5,False
00/267939,5,False
02/251071,5,False
15/36915,5,False
14/13572,5,False
03/171013,5,False
01/4141,5,False
08/59020,5,False
02/178518,5,False
24/61632,5,False
23/51276,5,False
01/339157,5,False
00/425636,5,False
22/84331,5,False
01/385016,5,False
01/290956,5,False
01/359911,5,False
01/343451,5,False
23/54391,5,False
23/58060,5,False
24/57243,5,False
02/5711,5,False
00/305566,5,False
02/111686,5,False
01/452472,5,False
22/43403,5,False
02/222342,5,False
01/72898,5,False
03/168878,5,False
01/347745,5,False
01/493768,5,False
23/5086,5,False
23/88011,5,False
22/92554,5,False
23/106285,5,False
24/47439,5,False
23/145051,5,False
02/176653,5,False
2461716,5,False
03/204649,5,False
03/122715,5,False
24/71552,5,False
23/156925,5,False
09/182835,5,False
22/120251,5,False
01/189932,5,False
22/76235,5,False
23/61807,5,False
01/385465,5,False
03/100980,5,False
01/130429,5,False
22/4170,5,False
22/102645,5,False
03/516420,5,False
24/4070,5,False
09/96841,5,False
24/98016,5,False
00/419590,5,False
17/31226,5,False
02/232016,5,False
04/50335,5,False
24/16804,5,False
01/499689,5,False
03/143330,5,False
01/205281,5,False
00/203994,5,False
03/97057,5,False
02/104423,5,False
09/27371,5,False
23/31012,5,False
01/167137,5,False
03/161938,5,False
02/130598,5,False
21/205126,5,False
24/41752,5,False
01/473443,5,False
01/440431,5,False
02/311173,5,False
23/68544,5,False
14/151720,5,False
23/139935,5,False
24/60705,5,False
01/491188,5,False
01/357065,5,False
24/123338,5,False
01/323809,5,False
01/372489,5,False
01/297141,5,False
15/63824,5,False
22/183760,5,False
03/159825,5,False
03/71827,5,False
01/378184,5,False
23/195179,5,False
01/199431,5,False
12/39224,5,False
23/106969,5,False
23/1486,5,False
23/134090,5,False
02/133092,5,False
01/497210,5,False
23202724,5,False
01/443690,5,False
10/42410,5,False
21/14499,5,False
02/253735,5,False
02/2318,5,False
23/205509,5,False
23/86425,5,False
09/213669,5,False
01/504062,5,False
23/155144,5,False
01/390555,5,False
23/21266,5,False
19/20430,5,False
23/66668,5,False
10/81277,5,False
22/108103,5,False
01/420987,5,False
23/111171,5,False
40452643,5,False
03/69941,5,False
02/157284,5,False
22/56221,5,False
03/164148,5,False
01/334023,5,False
02/281677,5,False
23/133099,5,False
01/314764,5,False
01/89225,5,False
01/264457,5,False
02/184905,5,False
01/386807,5,False
01/294927,5,False
22/147122,5,False
23/30816,5,False
14/136013,5,False
23/131187,5,False
01/454829,5,False
11/58517,5,False
22/93015,5,False
01/306819,5,False
09/48123,5,False
23/52985,5,False
24/68628,5,False
02/195669,5,False
23/110497,5,False
14/166303,5,False
22/22407,5,False
00/384796,5,False
08/62632,5,False
11/13647,5,False
07/155490,5,False
17/12836,5,False
09/106343,5,False
15/16598,5,False
23/145324,5,False
24/23728,5,False
01/433923,5,False
23/85475,5,False
24/53672,5,False
23/74799,5,False
02/288506,5,False
01/199419,5,False
23/72067,5,False
0503381004,5,False
23/216592,5,False
22/113838,5,False
24/149070,5,False
24/103916,5,False
01/550765,5,False
23/199902,5,False
14/32448,5,False
02/51488,5,False
24/60106,5,False
21/50185,5,False
01/141857,5,False
03/108325,5,False
02/73459,5,False
00/469930,5,False
17/27977,5,False
01/439305,5,False
01/498148,5,False
23/145528,5,False
01/733760,5,False
02/210394,5,False
01/538252,5,False
19/12162,5,False
23/24853,5,False
23/4615,5,False
22/152714,5,False
03/41296,5,False
23/57441,5,False
00/453342,5,False
01/734390,5,False
01/379514,5,False
01/520012,5,False
24/102365,5,False
12/17404,5,False
00/361850,5,False
24/87075,5,False
22/145373,5,False
01/473859,5,False
22/152733,5,False
23/108761,5,False
01/412735,5,False
23A222703,5,False
01/479577,5,False
22/159149,5,False
02/317024,5,False
09/143829,5,False
01/438551,5,False
01/515480,5,False
01/429306,4,False
24/117442,4,False
15/11445,4,False
22/105535,4,False
14/9068,4,False
23/28494,4,False
24/148113,4,False
14/122426,4,False
24/39557,4,False
01/431026,4,False
01/316644,4,False
00/274059,4,False
01/23308,4,False
01/555380,4,False
03/107947,4,False
14/0000836,4,False
15/11444,4,False
01/62814,4,False
01/365240,4,False
01/361331,4,False
02/10806,4,False
01/232239,4,False
01/5569,4,False
15/02222,4,False
02/48568,4,False
01/435964,4,False
05/60235,4,False
00/280006,4,False
01/418098,4,False
23/150524,4,False
23/106145,4,False
18/27922,4,False
22/81668,4,False
08/43202,4,False
21/30589,4,False
08/25018,4,False
01/168808,4,False
03/12565,4,False
07/53188,4,False
15/68307,4,False
03/6555,4,False
20/33099,4,False
10/00000,4,False
24/34518,4,False
06/16950,4,False
04/100113,4,False
00/297359,4,False
23/116534,4,False
03266761,4,False
23/96449,4,False
24/56074,4,False
17/20383,4,False
22/37675,4,False
08/10195,4,False
22/33742,4,False
23/33444,4,False
01/193372,4,False
01/438827,4,False
23/1782,4,False
23/114361,4,False
05/8189,4,False
01/505043,4,False
01/82308,4,False
08/74557,4,False
01/426973,4,False
09/161802,4,False
09/58927,4,False
13/24908,4,False
01/256987,4,False
14/42809,4,False
01/264861,4,False
10/23075,4,False
21/10609,4,False
02/159865,4,False
01/378014,4,False
05/42522,4,False
00/230429,4,False
00/123654,4,False
22/74125,4,False
03/2565,4,False
23/80351,4,False
23/144662,4,False
16/8748,4,False
21/24814,4,False
09/186279,4,False
01/309644,4,False
24/111553,4,False
09/43110,4,False
02/295641,4,False
24/159538,4,False
00/741147,4,False
17/35133,4,False
23/81943,4,False
01/352537,4,False
23/120404,4,False
15/53722,4,False
22/46716,4,False
22/72252,4,False
17/22216,4,False
15/96952,4,False
03/100981,4,False
07/12225,4,False
02/63747,4,False
20/22666,4,False
14/26048,4,False
10/101332,4,False
06/30349,4,False
03/208786,4,False
07/33488,4,False
01/235478,4,False
03/62809,4,False
23/120966,4,False
22/14339,4,False
02/9437,4,False
14/51765,4,False
24/50589,4,False
17/48090,4,False
01/447976,4,False
02/62755,4,False
01/1245789,4,False
01/479387,4,False
01/30731,4,False
24/26094,4,False
09/50340,4,False
23/6684,4,False
12/34469,4,False
14/40903,4,False
09/187241,4,False
23/88404,4,False
01/501719,4,False
14/141660,4,False
07/57132,4,False
23/130443,4,False
01/7130,4,False
01/262352,4,False
01/311155,4,False
01/57406,4,False
00/457583,4,False
07/1234,4,False
01/15800,4,False
00/407310,4,False
01/124563,4,False
22/30578,4,False
22/58648,4,False
01/298099,4,False
22/63355,4,False
07/00000,4,False
21/12147,4,False
21/3079,4,False
23/174594,4,False
04/26500,4,False
22/86369,4,False
06/31098,4,False
01/310828,4,False
17/4641,4,False
12/7045,4,False
02/218435,4,False
01/0111,4,False
01/384141,4,False
22/5327,4,False
05/42523,4,False
23/49592,4,False
11/37797,4,False
01/326514,4,False
16/66860,4,False
01/395992,4,False
01249308,4,False
01/249308,4,False
07/91987,4,False
01/063913,4,False
15/12548,4,False
01/454530,4,False
23/21060,4,False
03/125094,4,False
24/16144,4,False
22/135074,4,False
20/21756,4,False
01/102443,4,False
01/22556,4,False
01/441706,4,False
22/136094,4,False
04/95477,4,False
02/68700,4,False
18/29771,4,False
00/328974,4,False
23/121862,4,False
02/150518,4,False
01/272851,4,False
24/7170,4,False
22/53961,4,False
01/417467,4,False
15/1447,4,False
01/397338,4,False
21/13966,4,False
01/316750,4,False
14/25391,4,False
03/188156,4,False
23/183835,4,False
03/169716,4,False
09/10126,4,False
15/44788,4,False
22/19718,4,False
03/38849,4,False
23/18383,4,False
01/417901,4,False
01/375303,4,False
08/74512,4,False
02/148108,4,False
23/132943,4,False
01/254372,4,False
22/81598,4,False
13/38352,4,False
01/443940,4,False
22/158060,4,False
24/70791,4,False
01/364532,4,False
00/400060,4,False
01/390620,4,False
23/58909,4,False
01/737618,4,False
U160F4510A,4,False
02/200553,4,False
15/21995,4,False
23/62584,4,False
01/460434,4,False
23/190185,4,False
20/12193,4,False
09/167176,4,False
23/57977,4,False
01/425309,4,False
14/896521,4,False
01/732152,4,False
01/340673,4,False
22/17578,4,False
02/197547,4,False
01/473406,4,False
00/356488,4,False
12/59389,4,False
01/408099,4,False
01/89284,4,False
01/396834,4,False
01/260423,4,False
01/326531,4,False
22/129483,4,False
01/300256,4,False
02/168903,4,False
01/422590,4,False
01/386241,4,False
23/127746,4,False
02/236239,4,False
02/148288,4,False
22/26157,4,False
08/70517,4,False
00 0000,4,False
12/64316,4,False
11/1340,4,False
09/40095,4,False
00/322427,4,False
24/18985,4,False
17/50741,4,False
24/14153,4,False
14/150902,4,False
23/48255,4,False
01/326381,4,False
07/67753,4,False
22/58320,4,False
01/465101,4,False
12/28812,4,False
23/66937,4,False
01/405225,4,False
03/131137,4,False
07/154426,4,False
01/2365489,4,False
15/125849,4,False
21/31670,4,False
01/251887,4,False
21/26617,4,False
13/16931,4,False
00/358910,4,False
01/89518,4,False
23/184197,4,False
01/169205,4,False
02/11445,4,False
09/194188,4,False
01/479408,4,False
14/23763,4,False
04/52943,4,False
01/82897,4,False
16/59509,4,False
09/60037,4,False
09/161410,4,False
01/423297,4,False
21/36925,4,False
23/104918,4,False
01/241773,4,False
01/62749,4,False
02/283034,4,False
17/52712,4,False
01/357443,4,False
01/425098,4,False
01/316451,4,False
02/214387,4,False
01/314870,4,False
14/145296,4,False
23/42936,4,False
15/105830,4,False
10/17703,4,False
01/298337,4,False
24/90645,4,False
24/46498,4,False
24/152660,4,False
00/369592,4,False
A134412017,4,False
00/265558,4,False
01/306041,4,False
00/395067,4,False
01/243487,4,False
23/93151,4,False
04/5472,4,False
01/276503,4,False
14/0002,4,False
14/68040,4,False
15/7845,4,False
01/414759,4,False
14/16326,4,False
01/288463,4,False
23/67478,4,False
24/28304,4,False
01/138511,4,False
10/1200000,4,False
17/39696,4,False
07/103968,4,False
02/90326,4,False
01/22564,4,False
00/789456,4,False
00/219555,4,False
14/100305,4,False
23/1569,4,False
24/39453,4,False
02/271156,4,False
01/264099,4,False
08/44497,4,False
01/75092,4,False
21/45488,4,False
23/194803,4,False
21/22267,4,False
00/204157,4,False
01/1247896,4,False
01/12345,4,False
07/55313,4,False
01/387535,4,False
05/96807,4,False
07/74876,4,False
00/12456,4,False
22/27433,4,False
00/299342,4,False
15/110214,4,False
01/150179,4,False
09/15487,4,False
15/023692,4,False
17/0912,4,False
01/477772,4,False
01/314803,4,False
02/220272,4,False
23/27380,4,False
21/7964,4,False
17/17220,4,False
0/00000,4,False
00/14541,4,False
13/32634,4,False
17/5041,4,False
01/2205,4,False
23/193973,4,False
01/22654,4,False
22/133164,4,False
02/180706,4,False
14/ 000001,4,False
02/63805,4,False
24/17238,4,False
14/36303,4,False
23/155773,4,False
23/102715,4,False
01/252300,4,False
14/86632,4,False
01/237791,4,False
24/7177,4,False
24/115308,4,False
20/31699,4,False
08/48853,4,False
14/104941,4,False
14/000196,4,False
22/49779,4,False
02/218766,4,False
24/21526,4,False
22/123749,4,False
10/45645,4,False
01/323162,4,False
02/302043,4,False
17/40949,4,False
15/12711,4,False
24/105513,4,False
03/169217,4,False
22/89826,4,False
14/66996,4,False
24/81569,4,False
21/15346,4,False
01/413369,4,False
23/29876,4,False
23/24136,4,False
09/133470,4,False
01/243702,4,False
07/86113,4,False
17/24972,4,False
01/454854,4,False
01020000,4,False
02/126833,4,False
01/67232,4,False
21/00565,4,False
17/14443,4,False
01/169891,4,False
03/203347,4,False
2395914,4,False
00.0000,4,False
16/47014,4,False
11/15092,4,False
10/000000,4,False
15/4581,4,False
02/174735,4,False
23/27441,4,False
02/77893,4,False
02/259514,4,False
24/113988,4,False
08/89431,4,False
14/9500,4,False
02/0000000,4,False
24/19106,4,False
00/253897,4,False
22/132840,4,False
02/98425,4,False
15/14557,4,False
23/43449,4,False
04/84962,4,False
01/408903,4,False
21/14485,4,False
03/192029,4,False
23/137427,4,False
01/332895,4,False
01/2265,4,False
08/8575,4,False
02/10768,4,False
24/93290,4,False
24/75758,4,False
24/42381,4,False
01/82872,4,False
01/194749,4,False
00/344368,4,False
24/31293,4,False
22/123551,4,False
09/192975,4,False
24/5194,4,False
14/77126,4,False
01/532101,4,False
00/125225,4,False
16/58652,4,False
01/87836,4,False
18/23172,4,False
01/31883,4,False
01/506311,4,False
17/40745,4,False
02/280596,4,False
24/110178,4,False
01/175267,4,False
23/78090,4,False
01/145035,4,False
23/209429,4,False
24/44848,4,False
01/411730,4,False
19/13931,4,False
14/7042,4,False
23/187559,4,False
23/172457,4,False
07/152225,4,False
01/503309,4,False
01/392643,4,False
00/469041,4,False
23/194205,4,False
01/145746,4,False
06/24711,4,False
04/177453,4,False
02/170194,4,False
04/156890,4,False
01/391952,4,False
07/83045,4,False
00/392326,4,False
15/4587,4,False
01/532244,4,False
23/87616,4,False
24/57676,4,False
01/406064,4,False
02/241403,4,False
00/406718,4,False
24/8330,4,False
01/295802,4,False
18/40597,4,False
15/24291,4,False
02/149068,4,False
02/285184,4,False
01/477512,4,False
01/251998,4,False
17/30060,4,False
01/443299,4,False
10/2039,4,False
22/24611,4,False
01/261355,4,False
14/51496,4,False
04/149273,4,False
05/62177,4,False
17/8219,4,False
01/211090,4,False
07/129736,4,False
23/97499,4,False
23/143613,4,False
09/31159,4,False
01/26046,4,False
01/188045,4,False
01/317872,4,False
22/52835,4,False
23/24296,4,False
03/184107,4,False
24/77656,4,False
15/69858,4,False
02/2369,4,False
24/41439,4,False
01/400367,4,False
03/214557,4,False
03/177823,4,False
01/399430,4,False
01/146835,4,False
09/32844,4,False
10/40297,4,False
01/249301,4,False
02/2365,4,False
01/283000,4,False
24/89835,4,False
01/23514,4,False
22/95160,4,False
19/29142,4,False
01/341951,4,False
02/36672,4,False
08/28268,4,False
22/115197,4,False
01/189947,4,False
19/0032698,4,False
08/45178,4,False
14/79002,4,False
15/59992,4,False
14/106155,4,False
07/15252,4,False
14/73099,4,False
12/003265,4,False
01/420850,4,False
14/99308,4,False
03/1000,4,False
01/537570,4,False
09/72681,4,False
00/245297,4,False
09/90826,4,False
23/110013,4,False
01/60285,4,False
0123333,4,False
14/111345,4,False
09/142713,4,False
03/96579,4,False
0164423,4,False
2279668,4,False
23/168098,4,False
02/267085,4,False
03/99878,4,False
23/129956,4,False
01/356312,4,False
08/2564,4,False
02/126216,4,False
01/489670,4,False
01/396067,4,False
03/95823,4,False
01/423929,4,False
23/25444,4,False
04/4432,4,False
02/87819,4,False
14/128376,4,False
00/380275,4,False
09/176097,4,False
02/88510,4,False
14/50539,4,False
02/10745,4,False
01/367185,4,False
23/79757,4,False
01/22569,4,False
01/196373,4,False
01/169122,4,False
24/11388,4,False
15/22717,4,False
14/171596,4,False
01/388573,4,False
22/141843,4,False
01/447565,4,False
12/44007,4,False
27/3788001,4,False
03/227180,4,False
01/12305,4,False
15/022225,4,False
02/134031,4,False
14/53231,4,False
01/269016,4,False
02/61681,4,False
00/469904,4,False
01/245736,4,False
01/291425,4,False
01/1245879,4,False
02/221550,4,False
01/39734,4,False
24/57542,4,False
01/498920,4,False
21/56809,4,False
02/167060,4,False
23/72143,4,False
12/0032699,4,False
01/530612,4,False
23/72936,4,False
01/450105,4,False
01/238824,4,False
23/217095,4,False
01/48205,4,False
15/021548,4,False
02/1326,4,False
18/50331,4,False
00/231518,4,False
03/109367,4,False
22/49177,4,False
01/191910,4,False
01/543628,4,False
19/5924,4,False
01/370769,4,False
22/108188,4,False
07/30677,4,False
02/145916,4,False
02/192423,4,False
01/254436,4,False
14/164014,4,False
02/90475,4,False
24/135193,4,False
12/64065,4,False
15/778877,4,False
23/107351,4,False
19/24810,4,False
09/210304,4,False
23/19109,4,False
02/300099,4,False
00/363213,4,False
23/45590,4,False
15/81613,4,False
09/194196,4,False
01/077430,4,False
01/496305,4,False
23/82090,4,False
01/385464,4,False
01/194909,4,False
02/205900,4,False
24/71896,4,False
14AD56998,4,False
17/51653,4,False
01/2356478,4,False
02/77362,4,False
16/62788,4,False
19AN13784,4,False
01/422987,4,False
22/111394,4,False
23/167263,4,False
22/134746,4,False
10/67366,4,False
01/269525,4,False
09/91696,4,False
01/2333,4,False
02/212055,4,False
22/62855,4,False
22/28449,4,False
23/57860,4,False
01/20181,4,False
14/155070,4,False
01/467508,4,False
24/031318,4,False
15/7894,4,False
01/492789,4,False
23/211277,4,False
01/21021,4,False
09/125224,4,False
01/265680,4,False
15/77844,4,False
01/458941,4,False
00/404585,4,False
01/201688,4,False
01/240029,4,False
22/130551,4,False
01/368097,4,False
16/33362,4,False
24/58965,4,False
01/243387,4,False
03/214371,4,False
01/364347,4,False
01/197503,4,False
14/81764,4,False
23/22327,4,False
12/21869,4,False
13/43726,4,False
23/190436,4,False
03/229178,4,False
00/447133,4,False
23/183148,4,False
00/216264,4,False
15/97173,4,False
24/235468,4,False
01/248942,4,False
12/19636,4,False
23/191259,4,False
01/225665,4,False
24/74443,4,False
22/115737,4,False
02/789654,4,False
STATIONNÉE,4,False
01/298311,4,False
01/131830,4,False
09/110060,4,False
01/256714,4,False
02/238400,4,False
23/185911,4,False
01/186906,4,False
23/176489,4,False
01/508285,4,False
01/336430,4,False
00/379003,4,False
01/38888,4,False
01/253701,4,False
14/101977,4,False
14/00123,4,False
14/143173,4,False
24/30377,4,False
09/254185,4,False
0 00000,4,False
23/157532,4,False
02/277350,4,False
09/103380,4,False
15/4578,4,False
01/736490,4,False
23/77546,4,False
07/15225,4,False
01/301522,4,False
04/123205,4,False
23/22314,4,False
00/423981,4,False
22/14068,4,False
01/500651,4,False
00/454339,4,False
23/26241,4,False
01/81663,4,False
03/90937,4,False
03/93598,4,False
09/31263,4,False
06/1667,4,False
23/51519,4,False
24/25426,4,False
01/115447,4,False
23/18747,4,False
01/421211,4,False
01/130578,4,False
01/312775,4,False
02/216400,4,False
24/36870,4,False
15/778844,4,False
14/44276,4,False
24/104967,4,False
23/185967,4,False
01/110000,4,False
23/34947,4,False
14/177865,4,False
01/549677,4,False
01/404842,4,False
00/352133,4,False
23/168690,4,False
09/3741,4,False
02/155470,4,False
02/124538,4,False
01/277821,4,False
09/153678,4,False
01/547433,4,False
07/135829,4,False
21/39404,4,False
02/135561,4,False
24/78601,4,False
15/107962,4,False
01/368735,4,False
17/50448,4,False
01/459862,4,False
24/59189,4,False
01/231456,4,False
00/419980,4,False
01/2345678,4,False
24/3451,4,False
01/0000100,4,False
01/592710,4,False
21/20017,4,False
15AP02403,4,False
02/101662,4,False
01/589760,4,False
23/149670,4,False
02/245250,4,False
1731614,4,False
23/185087,4,False
09/154225,4,False
23/116258,4,False
01/342350,4,False
23/205821,4,False
02/119486,4,False
09/21564,4,False
01/208274,4,False
01/217091,4,False
23/20127,4,False
03/75848,4,False
22/93925,4,False
00/400375,4,False
17/24860,4,False
14/159942,4,False
15/23669,4,False
14/31314,4,False
01/326545,4,False
15/112262,4,False
24/5789,4,False
18/13148,4,False
01/19855,4,False
23/180724,4,False
17/46877,4,False
24/23658,4,False
07/110061,4,False
03/143361,4,False
01/8095,4,False
01/408970,4,False
01/70852,4,False
17/42750,4,False
15/11477,4,False
23/157746,4,False
08/35367,4,False
01/355561,4,False
01/167054,4,False
23/82371,4,False
01/555209,4,False
01/495235,4,False
00/0000001,4,False
09/109372,4,False
24/14999,4,False
01/514013,4,False
23/207215,4,False
01/397923,4,False
09/111542,4,False
F010COAKM8,4,False
22AC95261,4,False
01/224155,4,False
24/93332,4,False
02/324914,4,False
01/255608,4,False
21/18796,4,False
2431521,4,False
24/5897,4,False
08/32968,4,False
22/64096,4,False
01/296552,4,False
14/30941,4,False
03/150268,4,False
09/181842,4,False
02/254371,4,False
00/301319,4,False
21/11922,4,False
24/109860,4,False
01/483371,4,False
01/555041,4,False
01/354098,4,False
22/5900,4,False
02/185355,4,False
01/22658,4,False
01/116714,4,False
01/224089,4,False
23/70663,4,False
23/73824,4,False
02/43975,4,False
20/6205,4,False
01/408265,4,False
24/11648,4,False
01/475737,4,False
13/018692,4,False
23/191808,4,False
01/321565,4,False
01/342749,4,False
02/204755,4,False
14/90045,4,False
22/50565,4,False
24/151786,4,False
00/443901,4,False
23/218781,4,False
24/72647,4,False
24/69145,4,False
01/382471,4,False
00/466845,4,False
02/203545,4,False
14/7657,4,False
22/175688,4,False
22/173133,4,False
17/11672,4,False
01/146300,4,False
01/251451,4,False
24/020111,4,False
21/29027,4,False
15/79495,4,False
23/161037,4,False
21/2365478,4,False
02/314087,4,False
00/425498,4,False
08/72154,4,False
16/56434,4,False
24/45178,4,False
22/4064,4,False
18/20850,4,False
21/041874,4,False
14/114122,4,False
15/47757,4,False
22/149749,4,False
01/459497,4,False
05/37946,4,False
17/16896,4,False
22/94532,4,False
01/13266,4,False
22/168556,4,False
22/173644,4,False
16/105826,4,False
15/108486,4,False
04/72135,4,False
09/90257,4,False
23/232020,4,False
24/94286,4,False
24/54420,4,False
23/200385,4,False
09/139256,4,False
23131999,4,False
02/188503,4,False
23/159287,4,False
02/162230,4,False
01/540507,4,False
23/50758,4,False
01/497849,4,False
23/74579,4,False
23/249257,4,False
04/25218,4,False
03/118914,4,False
23/126165,4,False
19/00245,4,False
22/135903,4,False
23/63084,4,False
21/52367,4,False
01/12546,4,False
24/52968,4,False
03/131891,4,False
22/66356,4,False
15/79397,4,False
01/1254896,4,False
21/6573,4,False
14/0003,4,False
09/8002,4,False
23/109929,4,False
22/127242,4,False
01/460879,4,False
02/253646,4,False
01337961,4,False
24/82007,4,False
0 / 00000,4,False
03/77098,4,False
01/397760,4,False
14/78788,4,False
16/49571,4,False
01/284301,4,False
24/61648,4,False
23/146888,4,False
14/137565,4,False
23/6005,4,False
02/23600,4,False
22/167011,4,False
17/10982,4,False
01/291208,4,False
08/37426,4,False
17/29045,4,False
02/149497,4,False
00/000001,4,False
15/28986,4,False
A03073206,4,False
01/30359,4,False
08/70237,4,False
00/383108,4,False
21/60734,4,False
04/65870,4,False
02/107649,4,False
23/4351,4,False
15/53685,4,False
01/358351,4,False
15/4524,4,False
09/149579,4,False
18AU20853,4,False
23/139160,4,False
02/88245,4,False
23/249165,4,False
23/146542,4,False
01/261199,4,False
01/355896,4,False
01/437606,4,False
01/318970,4,False
23/223651,4,False
21/15771,4,False
09/215342,4,False
02/174949,4,False
07/48756,4,False
17/31500,4,False
09/131984,4,False
22/52629,4,False
01/470021,4,False
16/75538,4,False
01/385592,4,False
04/156499,4,False
00 00000,4,False
01/289103,4,False
02/160062,4,False
02/114835,4,False
08/7762,4,False
01/414280,4,False
23/18394,4,False
22/145855,4,False
00/311160,4,False
09/71248,4,False
22/161256,4,False
07/171218,4,False
02/210253,4,False
02/252233,4,False
13/15095,4,False
24/29469,4,False
02/85090,4,False
17/25896,4,False
23/166939,4,False
23/263419,4,False
21/0039989,4,False
02/155803,4,False
22/2222222,4,False
23/66505,4,False
01/340102,4,False
22/2053,4,False
24AD14128,4,False
01/222712,4,False
05/88094,4,False
22/39416,4,False
12/15582,4,False
23166370,4,False
11/18844,4,False
02/61378,4,False
17/5178,4,False
01/158009,4,False
24/4188,4,False
23/97169,4,False
01/460884,4,False
XXXXXXX,4,False
00/447608,4,False
9201751110,4,False
24/51813,4,False
07/125252,4,False
19/26904,4,False
24/92567,4,False
13/16216,4,False
01/2520,4,False
24/15088,4,False
03/65954,4,False
24/66270,4,False
01/231225,4,False
19/11059,4,False
22/25522,4,False
09/170785,4,False
03165209,4,False
17/36098,4,False
23/102337,4,False
01/448850,4,False
12/00000,4,False
01/126046,4,False
21/28887,4,False
12/28627,4,False
24/19578,4,False
24/31656,4,False
0111069,4,False
03/153018,4,False
09/155024,4,False
01/183814,4,False
04/46049,4,False
23/83774,4,False
05/24440,4,False
23/73263,4,False
23/10594,4,False
01/40428,4,False
01/463062,4,False
01/488974,4,False
18/41630,4,False
23/174539,4,False
01/326126,4,False
02/108420,4,False
01/369146,4,False
01/372846,4,False
01/419320,4,False
09/161338,4,False
01/158668,4,False
00/318094,4,False
02/180340,4,False
13/14928,4,False
01/447234,4,False
24/31642,4,False
17/46948,4,False
01/343638,4,False
01/30676,4,False
01159097,4,False
23/87786,4,False
00/364673,4,False
01/336345,4,False
09/53322,4,False
22/17595,4,False
22/30337,4,False
09/173361,4,False
23/152670,4,False
22/110920,4,False
17/20596,4,False
00/442069,4,False
23/57883,4,False
02/238878,4,False
22/3447,4,False
12/1723,4,False
22/9810,4,False
21/10789,4,False
01497267,4,False
20/22201,4,False
00344689,4,False
23/135271,4,False
24/39763,4,False
07/168387,4,False
01/373913,4,False
01/534599,4,False
01/381216,4,False
02/11255,4,False
01/237022,4,False
15/41608,4,False
15/114777,4,False
01/338885,4,False
02/165520,4,False
01/103350,4,False
07/13156,4,False
01/346705,4,False
17/49362,4,False
01/1234568,4,False
14/112036,4,False
09/151804,4,False
2381675,4,False
01/148470,4,False
24/16470,4,False
17/17184,4,False
24/48194,4,False
02/178598,4,False
22/001001,4,False
23/198825,4,False
01/318678,4,False
00/438905,4,False
22/51313,4,False
01/308745,4,False
01/145222,4,False
01/366619,4,False
01/428441,4,False
00/290554,4,False
23/215421,4,False
01/408029,4,False
01/6512,4,False
01/81825,4,False
07/45148,4,False
17/45863,4,False
01/436860,4,False
00/436125,4,False
0102000,4,False
01/521623,4,False
01/360218,4,False
01/55681,4,False
14/50027,4,False
03/152784,4,False
18/6003,4,False
04/5591,4,False
21/28648,4,False
24/78256,4,False
01/230812,4,False
01/490984,4,False
01/243692,4,False
01/398404,4,False
23/38974,4,False
02/215650,4,False
01/440613,4,False
05/60358,4,False
22/86888,4,False
24/44824,4,False
22/60979,4,False
23/100176,4,False
03/30064,4,False
05/99831,4,False
10/44532,4,False
23/150717,4,False
01/2225,4,False
01/242124,4,False
01/393123,4,False
06/24087,4,False
9331106R71,4,False
01/2335,4,False
04/94666,4,False
01/450082,4,False
10/00012,4,False
24/43823,4,False
22/40915,4,False
02/213086,4,False
01/98799,4,False
12/20044,4,False
01/246274,4,False
14/134266,4,False
02/22222,4,False
02/160159,4,False
18/9740,4,False
24/33426,4,False
13/32748,4,False
19/16247,4,False
07/5980,4,False
16/16872,4,False
02/66572,4,False
01/26541,4,False
23/164453,4,False
01/112206,4,False
01/93817,4,False
05/64619,4,False
01/353559,4,False
00/207358,4,False
21/3039,4,False
03/111701,4,False
23/69211,4,False
01/250265,4,False
24108229,4,False
21/25241,4,False
02/2560,4,False
06/16580,4,False
19/21894,4,False
23/26978,4,False
06/20468,4,False
00/319046,4,False
21/39079,4,False
01/357117,4,False
18/15897,4,False
02/5332,4,False
01/388059,4,False
23/31656,4,False
02/319985,4,False
09/137409,4,False
23/15831,4,False
09/93771,4,False
03/93984,4,False
22/21072,4,False
01/345119,4,False
23/110538,4,False
02/199618,4,False
22/120843,4,False
17/51219,4,False
22/10111,4,False
23/73446,4,False
02/15928,4,False
01/230442,4,False
17/46725,4,False
23/78746,4,False
17/43751,4,False
04/57281,4,False
17/16790,4,False
01/367166,4,False
16/28344,4,False
10/46097,4,False
00/358288,4,False
01/428006,4,False
24/18751,4,False
23/173702,4,False
00/287801,4,False
01/303029,4,False
23/150389,4,False
01/251143,4,False
24/28441,4,False
01/241463,4,False
23/70306,4,False
01/323770,4,False
24/129375,4,False
23/191175,4,False
02/116525,4,False
01/217664,4,False
00/1000001,4,False
00/414260,4,False
01/467856,4,False
09/33065,4,False
13/30638,4,False
22/38156,4,False
00/404323,4,False
24/80184,4,False
#AN5126977,4,False
24/24487,4,False
23/179157,4,False
22/108548,4,False
02/200755,4,False
01/249640,4,False
01/501105,4,False
02/111702,4,False
07/86128,4,False
01/147991,4,False
00/244982,4,False
22/78236,4,False
03/108352,4,False
12/0000,4,False
23/199366,4,False
24/88129,4,False
14/108831,4,False
23/200321,4,False
15/112549,4,False
01/469991,4,False
24/114373,4,False
07/30307,4,False
00/317196,4,False
22/19600,4,False
22/26054,4,False
24/34716,4,False
03/98354,4,False
23/63930,4,False
02/157281,4,False
01/365298,4,False
22/24299,4,False
02/096802,4,False
02/159200,4,False
21/7433,4,False
24/70183,4,False
02/3256,4,False
09/21468,4,False
22/65780,4,False
03/123456,4,False
07/142197,4,False
03/139902,4,False
08/33387,4,False
24/8737,4,False
01/222365,4,False
24/125484,4,False
01/456326,4,False
24/83128,4,False
21/37420,4,False
08/0980,4,False
01/382719,4,False
02/77738,4,False
23/174165,4,False
24/147946,4,False
01/165239,4,False
22/122901,4,False
01/2782,4,False
23/166841,4,False
02/214056,4,False
01/183176,4,False
22/26677,4,False
23/4094,4,False
00/344080,4,False
23/109045,4,False
23/189653,4,False
17/33189,4,False
01/485870,4,False
1827282,4,False
17/38924,4,False
02/270854,4,False
24/67766,4,False
23/96299,4,False
11/23088,4,False
22/46854,4,False
03/103856,4,False
01/478748,4,False
22/130210,4,False
24/25089,4,False
01/310156,4,False
23/210609,4,False
23/201910,4,False
01/363934,4,False
02/147658,4,False
22/91858,4,False
01/1254683,4,False
14/72961,4,False
07/0001,4,False
22/60280,4,False
22/83056,4,False
01/397769,4,False
24/89239,4,False
17/18085,4,False
07/57932,4,False
2325570,4,False
01/458674,4,False
01/487573,4,False
09/80615,4,False
15/122850,4,False
03/0000,4,False
24/73181,4,False
21/45670,4,False
01/351253,4,False
09/69874,4,False
01/478373,4,False
01/275580,4,False
09/191550,4,False
22/46153,4,False
01/283969,4,False
01/2586,4,False
22/106533,4,False
01/512254,4,False
01/62763,4,False
02/111290,4,False
0111111111,4,False
00/418408,4,False
01/431920,4,False
00/460873,4,False
24/143642,4,False
01/1342,4,False
16/48117,4,False
01/466751,4,False
15/62021,4,False
18/067727,4,False
0805923010,4,False
09/130674,4,False
01/517089,4,False
23/200447,4,False
17/54058,4,False
01/171926,4,False
01/40799,4,False
01/78932,4,False
07/78932,4,False
23/134237,4,False
01/285887,4,False
01/369262,4,False
01/378919,4,False
17/42351,4,False
14/98968,4,False
01/373417,4,False
24/69543,4,False
07/45810,4,False
00/444850,4,False
05/36109,4,False
21/26613,4,False
23/80720,4,False
02/28201,4,False
00/409910,4,False
21/16738,4,False
01/297740,4,False
09/202775,4,False
01/146628,4,False
02/52709,4,False
18/32639,4,False
02/36411,4,False
01464166,4,False
23/30021,4,False
22/11321,4,False
01/439523,4,False
03/100717,4,False
04/107728,4,False
01/245590,4,False
15/42687,4,False
01/46403,4,False
23/178023,4,False
02/140016,4,False
24/59692,4,False
00/453795,4,False
01/296068,4,False
15/144557,4,False
01/368460,4,False
23/36255,4,False
09/103394,4,False
01/417265,4,False
00/324908,4,False
07/178630,4,False
09/29957,4,False
01/273857,4,False
24/58972,4,False
23/200247,4,False
02/136113,4,False
01/398760,4,False
01/218797,4,False
01/405033,4,False
02/1111,4,False
10/63352,4,False
16/15015,4,False
01/453318,4,False
01/396708,4,False
04/86160,4,False
23/192659,4,False
00/453635,4,False
22/116895,4,False
05/79088,4,False
24/130986,4,False
00/422339,4,False
01/363478,4,False
22/30114,4,False
23/105176,4,False
23/62798,4,False
01/502370,4,False
01/052370,4,False
15/129468,4,False
22/88946,4,False
04/156235,4,False
14/71784,4,False
01/477151,4,False
01/448563,4,False
01/271146,4,False
01/358028,4,False
23/110110,4,False
23135110,4,False
22/115664,4,False
14/019723,4,False
01/524209,4,False
23/87275,4,False
02/227894,4,False
02/180416,4,False
23/127064,4,False
04/87143,4,False
24/23869,4,False
04/161219,4,False
00232367,4,False
09/205423,4,False
23/70796,4,False
02/355117,4,False
01/430298,4,False
01/66623,4,False
21/30050,4,False
23/210807,4,False
10/21309,4,False
23/145119,4,False
01/219753,4,False
01/379364,4,False
01/382901,4,False
12/39936,4,False
24/77614,4,False
01/461020,4,False
03/204895,4,False
22/69925,4,False
24/76341,4,False
02/230945,4,False
17/41904,4,False
02/293706,4,False
02/133607,4,False
01/489274,4,False
23/159193,4,False
09/162530,4,False
23/120362,4,False
01/422458,4,False
22/105375,4,False
24/137124,4,False
23/69755,4,False
19/11501,4,False
22/77282,4,False
01/323393,4,False
23/64492,4,False
01/238716,4,False
23134378,4,False
22/92946,4,False
15/45747,4,False
00/423200,4,False
24/51730,4,False
15/7012,4,False
02/329129,4,False
23/67145,4,False
06/22433,4,False
04/106131,4,False
23/213024,4,False
23/122542,4,False
01/486372,4,False
24/143594,4,False
24/118307,4,False
15/33592,4,False
06/7774,4,False
22/47502,4,False
00/513611,4,False
01/398151,4,False
22/84792,4,False
03/43866,4,False
01/448345,4,False
01/163965,4,False
09/110586,4,False
23/73687,4,False
12/61215,4,False
24/40988,4,False
01/301076,4,False
0490107,4,False
23/39646,4,False
02/172327,4,False
18/50823,4,False
23/18818,4,False
01225463,4,False
24/63929,4,False
15/127393,4,False
01/530414,4,False
00/11111,4,False
02/201821,4,False
04/105970,4,False
22/114596,4,False
01/414389,4,False
24/10521,4,False
16/21773,4,False
24/17230,4,False
13/34966,4,False
01/272596,4,False
15/23736,4,False
00/331449,4,False
24/114717,4,False
09/503532,4,False
00/449899,4,False
02/185592,4,False
23/53082,4,False
17/11580,4,False
07/170366,4,False
14/160226,4,False
02/189911,4,False
15/110496,4,False
01/277181,4,False
23/151027,4,False
23/80619,4,False
02/190838,4,False
23/167342,4,False
13/32781,4,False
38/124908,4,False
01/155390,4,False
01/201046,4,False
02/215328,4,False
23/213484,4,False
23/218116,4,False
14/30452,4,False
15/1733,4,False
8895914315,4,False
00 0000000,4,False
01/229488,4,False
23/204959,4,False
15/131785,4,False
24/125329,4,False
01/296170,4,False
02/89665,4,False
02/51485,4,False
24/28918,4,False
01/439817,4,False
01/23811,4,False
23/108765,4,False
01/525130,4,False
24/93791,4,False
24/107062,4,False
23/211938,4,False
23/142459,4,False
16/7338,4,False
00/372883,4,False
01/430725,4,False
09/92611,4,False
01/203991,4,False
2242846,4,False
01/1259638,4,False
09/224328,4,False
01/261214,4,False
02/3448427,4,False
01/66736,4,False
23/2121,4,False
01/254371,4,False
08/82739,4,False
03/73652,4,False
10/8383,4,False
13/56581,4,False
01/457001,4,False
00/442617,4,False
01/325671,4,False
01/16235,4,False
16/86099,4,False
03/124085,4,False
23/244095,4,False
22/82590,4,False
01/3659824,4,False
24/135356,4,False
24/93856,4,False
02/236313,4,False
01/23126,4,False
17/51909,4,False
14/67711,4,False
22/50327,4,False
23/80584,4,False
01/26734,4,False
24/157127,4,False
02/177564,4,False
01/420122,4,False
05/35885,4,False
00/352771,4,False
01/262553,4,False
23/147619,4,False
10/48186,4,False
24/56982,4,False
01/266303,4,False
01/412103,4,False
17/61246,4,False
15/135936,4,False
23/122679,4,False
07/100343,4,False
01/484759,4,False
09/87634,4,False
23/229057,4,False
21/22537,4,False
09/172152,4,False
07/119070,4,False
02/70876,4,False
01/275651,4,False
23/196791,4,False
01/221570,4,False
8209103104,4,False
24/7362,4,False
13/7647,4,False
21/56707,4,False
02/242964,4,False
01/286859,4,False
03/150941,4,False
02/331801,4,False
09/211409,4,False
01/31134,4,False
01/46169,4,False
23/242988,4,False
09/206925,4,False
23/100326,4,False
23/163047,4,False
01/394181,4,False
23/177216,4,False
02/325925,4,False
23/85815,4,False
04/20433,3,False
01/461398,3,False
23/31740,3,False
01/4419415,3,False
04/45813,3,False
07/15935,3,False
24/10830,3,False
06/6219,3,False
00/365292,3,False
04/62660,3,False
09/162540,3,False
24/18487,3,False
03/139685,3,False
18/6665,3,False
24/94556,3,False
01242954,3,False
02/347772,3,False
01/368755,3,False
01/193686,3,False
24/64519,3,False
23/87793,3,False
10/66262,3,False
01/208311,3,False
01/223929,3,False
01/13065,3,False
2482871,3,False
24/82871,3,False
02/144130,3,False
09/95788,3,False
18/2648,3,False
22/31329,3,False
01/320747,3,False
02/7070,3,False
24/116357,3,False
00/379393,3,False
23/189347,3,False
01/42566,3,False
08/50076,3,False
01/74221,3,False
01/4062448,3,False
01/406248,3,False
01/212139,3,False
23/31762,3,False
01/323470,3,False
22/69158,3,False
17/51072,3,False
02/93718,3,False
01/384271,3,False
23/82690,3,False
01/205935,3,False
03/7613,3,False
23/115026,3,False
02/55070,3,False
01369832,3,False
11/6193,3,False
23/21300,3,False
04/117329,3,False
22/29321,3,False
24/31386,3,False
09/91279,3,False
20/25344,3,False
23/147421,3,False
02/72276,3,False
24/88342,3,False
17/15066,3,False
01/216724,3,False
18/14133,3,False
01/402288,3,False
00/387856,3,False
05/25147,3,False
00/259006,3,False
00/450447,3,False
17/120383,3,False
11/36701,3,False
01/426606,3,False
09/225862,3,False
23/775975,3,False
05/71532,3,False
02/188411,3,False
23/2587,3,False
24/100221,3,False
23/57978,3,False
09/137221,3,False
10/30365,3,False
23/109523,3,False
24/108357,3,False
24/46439,3,False
18/7246,3,False
02/8658,3,False
03/203810,3,False
23/197954,3,False
01/392720,3,False
01/229000,3,False
04/136686,3,False
03/117918,3,False
00/458555,3,False
22/116030,3,False
17/5975,3,False
22/97644,3,False
23/142612,3,False
15/73597,3,False
08/90863,3,False
00/117321,3,False
01/137845,3,False
01/116904,3,False
21/14205,3,False
01/402689,3,False
09/124651,3,False
1817320011,3,False
24/75423,3,False
19/14412,3,False
10/2546,3,False
24/6424,3,False
09/169514,3,False
23/32569,3,False
01378114,3,False
01/51494,3,False
01/399171,3,False
17/9660,3,False
23/209679,3,False
01/130612,3,False
08/13171,3,False
15/31217,3,False
23/39410,3,False
01/461728,3,False
24/34640,3,False
01/228191,3,False
02/231222,3,False
01/101159,3,False
09/93038,3,False
22/120047,3,False
09/144947,3,False
04/42799,3,False
24/127395,3,False
02/76044,3,False
01/316648,3,False
02/334396,3,False
16/81380,3,False
06/31954,3,False
07/7172,3,False
12/50226,3,False
24/150123,3,False
07/50818,3,False
24/92505,3,False
24/79352,3,False
04/71674,3,False
02/86707,3,False
02/097660,3,False
24/ 50589,3,False
24/34779,3,False
01/42974,3,False
04/44847,3,False
00/364625,3,False
23/870695,3,False
00/298829,3,False
16/43244,3,False
01/1083795,3,False
24/118585,3,False
23/15921,3,False
23/116602,3,False
03/96449,3,False
00453619,3,False
010458022,3,False
23/157389,3,False
24/61732,3,False
09/5034,3,False
09/182363,3,False
02/195425,3,False
23/48616,3,False
22/119644,3,False
01/538281,3,False
02/212533,3,False
01/232760,3,False
01/123548,3,False
01/38855,3,False
11/005924,3,False
23/225867,3,False
24/64606,3,False
01/310367,3,False
24/106803,3,False
14/25706,3,False
23/89346,3,False
01383191,3,False
07/149192,3,False
23/23523,3,False
01/251019,3,False
07/53430,3,False
01/231315,3,False
14/74805,3,False
15/70118,3,False
22/84088,3,False
08/36965,3,False
22/117024,3,False
16/20284,3,False
03/12563,3,False
24122995,3,False
01/317116,3,False
22/44936,3,False
24/36551,3,False
24/108975,3,False
04/117007,3,False
07/79544,3,False
02/302205,3,False
16/33764,3,False
01/493918,3,False
02/156228,3,False
04/85624,3,False
23/18825,3,False
22/1697,3,False
23/220381,3,False
13/18170,3,False
23/67235,3,False
01/232502,3,False
10/21490,3,False
09/106524,3,False
22/45142,3,False
03/100576,3,False
0321587,3,False
15/54583,3,False
24/158529,3,False
21/9506,3,False
01/457432,3,False
08/46648,3,False
00326707,3,False
14/4165,3,False
01/0101020,3,False
23/103612,3,False
02/172927,3,False
01/370099,3,False
09/193681,3,False
23/8030,3,False
23/83321,3,False
01/22356,3,False
22/109363,3,False
21/4468,3,False
23/30778,3,False
04/83932,3,False
16/16355,3,False
15/46162,3,False
04/18625,3,False
23/83235,3,False
01/362255,3,False
23/10799,3,False
24/82268,3,False
23/183494,3,False
24/26577,3,False
48/1444789,3,False
10/33183,3,False
22/61999,3,False
10/36230,3,False
22/ 9494,3,False
02/146332,3,False
23/172921,3,False
23/180571,3,False
23W06214,3,False
22/108840,3,False
01/54506,3,False
23/125060,3,False
22/111154,3,False
23/207654,3,False
23/49079,3,False
23/105113,3,False
14/78296,3,False
24/103185,3,False
00/36490,3,False
01/582108,3,False
01/22458,3,False
23/41413,3,False
05/36126,3,False
00/251256,3,False
10/37607,3,False
01/506761,3,False
23/181665,3,False
22/21776,3,False
09/196095,3,False
A00415462R,3,False
17/4654,3,False
22/126602,3,False
04/94352,3,False
23/151308,3,False
01/209482,3,False
23/55204,3,False
24/60634,3,False
01/259968,3,False
09/137330,3,False
20/33180,3,False
01/267067,3,False
08/59899,3,False
24/107539,3,False
24/20519,3,False
14/134205,3,False
16/61348,3,False
09/38672,3,False
16/55596,3,False
2387415,3,False
2346490,3,False
01/480245,3,False
01/1456557,3,False
16/83455,3,False
24/75426,3,False
17/17338,3,False
04/69322,3,False
01/166058,3,False
09/101552,3,False
23/45755,3,False
08/40584,3,False
02/205281,3,False
24/6952,3,False
01/504553,3,False
23/224863,3,False
22/24496,3,False
01/304876,3,False
09/209211,3,False
05/54428,3,False
44/4444,3,False
01/458372,3,False
03/140556,3,False
01/214444,3,False
01/39247,3,False
23/157902,3,False
23/96674,3,False
01/356424,3,False
02/78642,3,False
10/86075,3,False
23/137484,3,False
8001691103,3,False
01/493119,3,False
12/5589,3,False
17/16706,3,False
01/327610,3,False
17/3592,3,False
12/37360,3,False
01/140008,3,False
02/234368,3,False
09/110916,3,False
19/12387,3,False
14/90766,3,False
22/40550,3,False
01/149733,3,False
21/14340,3,False
01/205146,3,False
01/133490,3,False
24/21413,3,False
02/249567,3,False
24/49338,3,False
00/42770,3,False
09/241335,3,False
24/54133,3,False
01/232169,3,False
23/222741,3,False
23/118621,3,False
00/45111,3,False
02/69060,3,False
12/26762,3,False
12/18717,3,False
23/120122,3,False
0379221,3,False
01/113284,3,False
04/104224,3,False
01/477578,3,False
23/62261,3,False
12/38323,3,False
22/49374,3,False
23/193327,3,False
01/154225,3,False
22/96325,3,False
01/511848,3,False
22/70791,3,False
23/203949,3,False
01/481044,3,False
01/335632,3,False
02/19995,3,False
01/182684,3,False
22/29702,3,False
18/17684,3,False
01/231585,3,False
23/78313,3,False
09/64648,3,False
23/33487,3,False
09/22691,3,False
24/46961,3,False
01/273655,3,False
01/244732,3,False
01/542004,3,False
22/136951,3,False
07/189687,3,False
03/186754,3,False
24/130028,3,False
01/13545,3,False
24/137810,3,False
01/485065,3,False
23/103508,3,False
22/000642,3,False
17/50678,3,False
01/196247,3,False
14/62283,3,False
01/421925,3,False
03/95146,3,False
R4867661,3,False
5015103604,3,False
20AB63882,3,False
23/84000,3,False
2911103000,3,False
01/417123,3,False
PD5493116M,3,False
01/338211,3,False
09/16626,3,False
01/108368,3,False
01/505758,3,False
21/2121,3,False
07/45935,3,False
09/154614,3,False
01/291661,3,False
20/0612012,3,False
01/457778,3,False
22/097132,3,False
13/48648,3,False
02/283367,3,False
01/223726,3,False
14/47861,3,False
03/123911,3,False
23/21342,3,False
02/179830,3,False
02/238683,3,False
06/6818,3,False
14/94794,3,False
23120325,3,False
17/33234,3,False
07/180327,3,False
21A014206,3,False
17AF41976,3,False
01/2541,3,False
23/104462,3,False
01295241,3,False
24/73370,3,False
01/2356984,3,False
01/45613,3,False
20/00855,3,False
00/213736,3,False
09104345,3,False
09/136851,3,False
01/317320,3,False
08/31648,3,False
K18064F,3,False
21/21600,3,False
17/23298,3,False
23/19506,3,False
36927361,3,False
03/175665,3,False
01/310288,3,False
18/15716,3,False
02/184169,3,False
09/624178,3,False
04/90986,3,False
14/169541,3,False
24/17806,3,False
08/56091,3,False
01/453182,3,False
17/19156,3,False
03/178713,3,False
03/217523,3,False
23/91896,3,False
05/5655,3,False
23/99238,3,False
01/012364,3,False
22/91392,3,False
01/268203,3,False
00/541245,3,False
21/17936,3,False
01/457857,3,False
00/336883,3,False
02/219486,3,False
01/331769,3,False
00/145214,3,False
22/43030,3,False
21/11609,3,False
24/50022,3,False
03/94066,3,False
22/101338,3,False
AMEL GARCI,3,False
06/014993,3,False
01/438400,3,False
02/194063,3,False
24/12087,3,False
01/334000,3,False
01/294025,3,False
01/194887,3,False
01/44223,3,False
13/27569,3,False
24/46450,3,False
02/254810,3,False
08/63608,3,False
04/14417,3,False
14/39856,3,False
23/9147,3,False
03/160088,3,False
23/208420,3,False
23/189162,3,False
01/278769,3,False
03/129734,3,False
01/238524,3,False
02/113705,3,False
01/432295,3,False
01/200020,3,False
03/170437,3,False
13/502889,3,False
24/87568,3,False
01/427760,3,False
22/55074,3,False
05/39637,3,False
11/053865,3,False
04/63646,3,False
01/380470,3,False
23/76260,3,False
02/54471,3,False
01/90070,3,False
84/3600,3,False
13/57518,3,False
01/246388,3,False
12/58386,3,False
23/88946,3,False
11/41571,3,False
01/221289,3,False
07/180244,3,False
09/102693,3,False
07/123175,3,False
02/94186,3,False
12/14561,3,False
01/87916,3,False
23/115611,3,False
2617880072,3,False
01/236563,3,False
22/80819,3,False
23/65363,3,False
00/443549,3,False
01/304932,3,False
01/419483,3,False
01/43182,3,False
01/471524,3,False
02/200690,3,False
23/82263,3,False
09/222245,3,False
04/67791,3,False
02/2569,3,False
01/338739,3,False
24/70970,3,False
01/222720,3,False
08/96321,3,False
24/24045,3,False
01/522968,3,False
23/107241,3,False
55/067437,3,False
01/136202,3,False
14/38986,3,False
01/319318,3,False
01/359143,3,False
01/271564,3,False
24/44052,3,False
14/ 000,3,False
23/95307,3,False
24/17720,3,False
02/203621,3,False
01/343358,3,False
01/8070,3,False
14/18613,3,False
06/207171,3,False
24/9377,3,False
01/522268,3,False
24/127404,3,False
14/41117,3,False
22/306050,3,False
14/114786,3,False
23/105883,3,False
540205/213,3,False
09/203760,3,False
02/76749,3,False
18/28190,3,False
24/5579,3,False
01/514242,3,False
02/95038,3,False
02/22879,3,False
07/106373,3,False
23/14704,3,False
09/130965,3,False
17/30664,3,False
22/86903,3,False
16/45004,3,False
02/181283,3,False
01/541971,3,False
23/113571,3,False
09/139907,3,False
23/120187,3,False
02/153655,3,False
00/305765,3,False
08/41223,3,False
01/233162,3,False
23/53371,3,False
01/498147,3,False
02/179381,3,False
01/526485,3,False
23/53200,3,False
01/421913,3,False
22/18235,3,False
24/20853,3,False
17/37205,3,False
01/462346,3,False
23/213180,3,False
01/421405,3,False
23/148757,3,False
01/187321,3,False
24/126530,3,False
01/365684,3,False
01/132918,3,False
23/13118,3,False
00/411259,3,False
23/57765,3,False
23/82359,3,False
01/490075,3,False
24/76130,3,False
01/145972,3,False
19/4338,3,False
1385329452,3,False
09/48634,3,False
02/234627,3,False
01/455350,3,False
00/187595,3,False
02/308533,3,False
22/47102,3,False
14/109328,3,False
24/29200,3,False
16/87602,3,False
00/433333,3,False
0783045,3,False
J010040RD3,3,False
09/100156,3,False
2457975,3,False
06/227743,3,False
11/1125555,3,False
24/21589,3,False
01/263137,3,False
03/141677,3,False
02/37082,3,False
14/86518,3,False
18/14979,3,False
22/121915,3,False
10/265456,3,False
09/28641,3,False
03/227819,3,False
23/183616,3,False
01/444838,3,False
01/141881,3,False
09/220495,3,False
22/55639,3,False
07/177233,3,False
23/168213,3,False
08/018622,3,False
05/93338,3,False
11/02111,3,False
24/48292,3,False
03/208155,3,False
24/46321,3,False
02/94625,3,False
17/5668,3,False
01/168827,3,False
14/89976,3,False
08/4602,3,False
21/4691,3,False
23/121578,3,False
015036851,3,False
24/115814,3,False
03/223268,3,False
22/79349,3,False
23/8123,3,False
17/24387,3,False
18/6552,3,False
08/13867,3,False
23/253321,3,False
10/2998,3,False
09/199393,3,False
23/003685,3,False
24/8261,3,False
01/255980,3,False
23/1374,3,False
23/219569,3,False
07/109957,3,False
07/267424,3,False
2416732,3,False
02/285534,3,False
03/178422,3,False
23/129879,3,False
09/2263,3,False
01/230164,3,False
14/149954,3,False
01/289899,3,False
00/270402,3,False
01/314067,3,False
22/76815,3,False
01/295915,3,False
04/94432,3,False
01/236019,3,False
23/1407,3,False
13/7595,3,False
02/110817,3,False
23/68422,3,False
00/2555,3,False
1326199,3,False
15/91517,3,False
00/296361,3,False
01/2493014,3,False
11/13155,3,False
3001923112,3,False
8001923112,3,False
800192311,3,False
04/151721,3,False
23/94838,3,False
38/086539,3,False
03/152325,3,False
13/52970,3,False
24/121352,3,False
23/191563,3,False
23/131153,3,False
23/80164,3,False
01/201214,3,False
03/116994,3,False
23/90459,3,False
01/423019,3,False
00/307670,3,False
01429588,3,False
22/147240,3,False
01/496348,3,False
02/175892,3,False
01376930,3,False
01/495980,3,False
00/305261,3,False
24/41254,3,False
01/336622,3,False
23/188695,3,False
16/13495,3,False
18/11722,3,False
03/144392,3,False
23/119163,3,False
22/135381,3,False
01/358126,3,False
24/76152,3,False
01/463736,3,False
01/400868,3,False
01/376185,3,False
01/521616,3,False
01/503043,3,False
03/112049,3,False
8501751130,3,False
03/68951,3,False
03/126140,3,False
03/0000277,3,False
23131776,3,False
02/139566,3,False
03/189962,3,False
01/735407,3,False
10/64280,3,False
03/15256,3,False
00/351225,3,False
03/145264,3,False
23/14588,3,False
16/1263,3,False
19/5388,3,False
01/314998,3,False
21/22713,3,False
23/95378,3,False
01/154923,3,False
23/196691,3,False
24/24598,3,False
17/86260,3,False
22/000000,3,False
14/179177,3,False
01/7226,3,False
04383357,3,False
07/104016,3,False
01/390837,3,False
23/94886,3,False
03/206701,3,False
03/242583,3,False
23/97684,3,False
17/27040,3,False
22/108956,3,False
010111110,3,False
7708832108,3,False
17/48689,3,False
01/523886,3,False
23/14875,3,False
02/236004,3,False
21/20165,3,False
2325444,3,False
23125478,3,False
22/167751,3,False
02/211728,3,False
01/2147896,3,False
09/25880,3,False
01/405991,3,False
22/67449,3,False
07/1093,3,False
21/26292,3,False
23/6016,3,False
24/7036,3,False
02/14779,3,False
02/14772,3,False
17/56338,3,False
16/66655,3,False
00/341385,3,False
07/195030,3,False
02/201787,3,False
24/19387,3,False
23/33220,3,False
00/145784,3,False
23/62915,3,False
01/222531,3,False
04/29137,3,False
22/36612,3,False
01/528581,3,False
01/183250,3,False
21/48900,3,False
542BP10241,3,False
14210P1324,3,False
04/77553,3,False
11/6840,3,False
01/298396,3,False
01/359159,3,False
22/70123,3,False
21/27896,3,False
21/27564,3,False
01/484637,3,False
23/55389,3,False
01 406044,3,False
01/406044,3,False
01/332751,3,False
22/36087,3,False
01/143649,3,False
15/13537,3,False
23161832,3,False
23/106340,3,False
02/265449,3,False
01/243371,3,False
01/433294,3,False
24/133503,3,False
01/475590,3,False
05/31449,3,False
24/00450,3,False
22/47793,3,False
03/90949,3,False
14/151187,3,False
00321230,3,False
23/238433,3,False
01/531278,3,False
18/21420,3,False
23/169369,3,False
01/144483,3,False
20/23961,3,False
15/114955,3,False
02/64845,3,False
24/12302,3,False
23/135666,3,False
23/84187,3,False
03/146372,3,False
01/214220,3,False
23/198905,3,False
01/9550,3,False
01/415484,3,False
15/5036,3,False
02/26248,3,False
17/38096,3,False
01/523399,3,False
23/219916,3,False
17/28431,3,False
25/29542,3,False
01/184723,3,False
01/264596,3,False
01/156396,3,False
15/62694,3,False
01/371896,3,False
01/473498,3,False
24/140215,3,False
24/37991,3,False
24/71970,3,False
01/409222,3,False
14/80394,3,False
02/88480,3,False
01/319309,3,False
02/238499,3,False
00/390667,3,False
06/35272,3,False
23/19163,3,False
02/262477,3,False
23/217639,3,False
03/140733,3,False
23/10289,3,False
10/70099,3,False
02/289856,3,False
01/286139,3,False
03/68221,3,False
09/108288,3,False
23/173173,3,False
23/106123,3,False
06/18351,3,False
23/22673,3,False
22/77117,3,False
05/042016,3,False
01/48354,3,False
22/18072,3,False
02/190608,3,False
03/111705,3,False
24/131775,3,False
01/325207,3,False
23/231145,3,False
02/307811,3,False
03/105365,3,False
23/52546,3,False
02/36520,3,False
03/199785,3,False
23221870,3,False
15/90750,3,False
01/413391,3,False
01/47789,3,False
24/115536,3,False
07/200124,3,False
23/74056,3,False
2027320063,3,False
22/59075,3,False
01/229072,3,False
24/86097,3,False
09/162041,3,False
03/54143,3,False
23/220439,3,False
01/161838,3,False
24/110438,3,False
01/547959,3,False
1321932,3,False
00/455469,3,False
02/183883,3,False
00/463439,3,False
17/37118,3,False
02/198289,3,False
03/85483,3,False
02/79692,3,False
23/53493,3,False
01/46221,3,False
22/149494,3,False
160320211,3,False
01/139469,3,False
03/179178,3,False
23/75157,3,False
186974/23,3,False
23/186974,3,False
03/60562,3,False
00/458455,3,False
17/44854,3,False
8801201233,3,False
8801201002,3,False
01/76473,3,False
04/89154,3,False
03/42082,3,False
01/256907,3,False
24/037369,3,False
22/32941,3,False
23/61251,3,False
01/428119,3,False
22/12506,3,False
03/5980,3,False
01/516440,3,False
01/87606,3,False
01/365323,3,False
00/333332,3,False
23/262778,3,False
02/21321,3,False
14/117608,3,False
02/284417,3,False
02/273723,3,False
23/218533,3,False
02/134995,3,False
03/220887,3,False
01/324636,3,False
15/0146,3,False
10/9542,3,False
00/352859,3,False
23/155894,3,False
23/105039,3,False
09/205615,3,False
23/7037,3,False
23/35298,3,False
23/34830,3,False
01/505601,3,False
07/153000,3,False
01/384397,3,False
16/54636,3,False
02/114237,3,False
23/76868,3,False
01/498884,3,False
01/187629,3,False
19/7943808,3,False
01/358346,3,False
29/31176,3,False
01/353837,3,False
08/166606,3,False
07/163945,3,False
24/63945,3,False
24/157827,3,False
01/549311,3,False
09/56857,3,False
13/42349,3,False
24/2369,3,False
ZOAP83086,3,False
01/340173,3,False
14/92198,3,False
23/163443,3,False
00/790737,3,False
23135661,3,False
23/86166,3,False
17/25845,3,False
23/66361,3,False
00/399823,3,False
0123213,3,False
22/161249,3,False
03/206216,3,False
03/86855,3,False
02/143383,3,False
24/10777,3,False
02/240899,3,False
23/233577,3,False
01/462276,3,False
01/159614,3,False
01/493971,3,False
00/244969,3,False
02/9440,3,False
01/25337,3,False
15/39913,3,False
01/317967,3,False
04/47888,3,False
03/045329,3,False
23/223282,3,False
03/126044,3,False
00/309243,3,False
01/189560,3,False
23/38749,3,False
09/211317,3,False
04/179533,3,False
01/413306,3,False
01/444692,3,False
26/232657,3,False
01/220716,3,False
23/128281,3,False
22/156891,3,False
09/145920,3,False
15/152179,3,False
23/77844,3,False
01/416721,3,False
11/56330,3,False
04/98184,3,False
01/333219,3,False
11/421201,3,False
07/10611,3,False
01/127632,3,False
02/293689,3,False
03/45081,3,False
22/79206,3,False
00/304642,3,False
02/217362,3,False
01/342568,3,False
14/29336,3,False
02/218935,3,False
02/124711,3,False
01/209239,3,False
23/111335,3,False
02/88259,3,False
15/100632,3,False
14/87974,3,False
04/62150,3,False
00/163369,3,False
02/160992,3,False
04/64790,3,False
24/159612,3,False
02/108890,3,False
23/211483,3,False
02/10204,3,False
01/341105,3,False
01/437377,3,False
24/81380,3,False
09/40903,3,False
23/227308,3,False
04/115194,3,False
14/04179,3,False
01/590428,3,False
23226231,3,False
24/214199,3,False
23214199,3,False
24/92810,3,False
02/191257,3,False
23/019846,3,False
01/483044,3,False
01/313498,3,False
12/132712,3,False
03/114998,3,False
08/806079,3,False
23/36273,3,False
03/173348,3,False
07140892,3,False
23/23794,3,False
24/14198,3,False
02/32801,3,False
22/114186,3,False
01/203393,3,False
17/3243,3,False
01/217581,3,False
14/38107,3,False
01/67574,3,False
01/459726,3,False
17/46762,3,False
15/59913,3,False
22/144758,3,False
01/106481,3,False
07/65122,3,False
01/93834,3,False
19/75472,3,False
01/392739,3,False
M310821127,3,False
22/19112,3,False
24/8584,3,False
21/8587000,3,False
01/119129,3,False
23/49309,3,False
12/12123,3,False
07/87274,3,False
01/337396,3,False
01/197748,3,False
00/387513,3,False
01/430276,3,False
01/126633,3,False
22/103570,3,False
01/744578,3,False
02/15058,3,False
02/83336,3,False
01/4360343,3,False
22/21605,3,False
01/153262,3,False
01154380,3,False
02/48798,3,False
03/23199,3,False
09243188,3,False
03/146920,3,False
15/67390,3,False
01/354443,3,False
04/81366,3,False
02/140194,3,False
22/31293,3,False
22/38944,3,False
22/14572,3,False
02/332406,3,False
01/278053,3,False
01/433710,3,False
16/4006,3,False
07/64500,3,False
01/513157,3,False
15/112992,3,False
22/83388,3,False
02/276401,3,False
09/222361,3,False
02/166212,3,False
23/11771,3,False
01/375488,3,False
24/137660,3,False
24/69733,3,False
02/72731,3,False
09/184111,3,False
09/233185,3,False
01/350863,3,False
23121468,3,False
23/187002,3,False
15/4117,3,False
23/161757,3,False
09/105997,3,False
03/72172,3,False
01/526594,3,False
02/194498,3,False
23/22229,3,False
01/233880,3,False
23/103854,3,False
22/15383,3,False
01/399004,3,False
09/210692,3,False
02/327351,3,False
01/519205,3,False
03/47007,3,False
15/138906,3,False
01/246227,3,False
01/497649,3,False
23/165778,3,False
01/325562,3,False
24/104553,3,False
15/102221,3,False
04/146628,3,False
01/467682,3,False
01/590316,3,False
03/128165,3,False
01/165039,3,False
04/186303,3,False
23/90822,3,False
23/242325,3,False
23/189595,3,False
01/482676,3,False
01/240354,3,False
01/199423,3,False
23/108913,3,False
24/79778,3,False
23/81216,3,False
02/340065,3,False
24/24491,3,False
07206156,3,False
07/170082,3,False
23/65102,3,False
01/125725,3,False
01/377737,3,False
02/278297,3,False
01/383339,3,False
24/13721,3,False
01/500939,3,False
09/225374,3,False
15/73896,3,False
24109730,3,False
01/368648,3,False
00/434197,3,False
09/21879,3,False
23/205959,3,False
24/164379,3,False
15028981,3,False
01/127956,3,False
24/5406,3,False
14/176223,3,False
10AF60738,3,False
02/154706,3,False
04/96660,3,False
23/698541,3,False
13/25975,3,False
9209500114,3,False
01/509768,3,False
01/487060,3,False
24/185151,3,False
01/551500,3,False
03/61879,3,False
3783TU187,3,False
23/24273,3,False
1672930,3,False
23225039,3,False
01/242125,3,False
01/591213,3,False
04/53242,3,False
05/25183,3,False
01/2521,3,False
22/105080,3,False
15/788787,3,False
24/114683,3,False
24/4528,3,False
01/303933,3,False
10/41773,3,False
02/268502,3,False
4456TRABL,3,False
21/14837,3,False
24/67421,3,False
17/40898,3,False
23/185049,3,False
09/71342,3,False
23/89295,3,False
23/47873,3,False
00/450431,3,False
15/92512,3,False
01/189531,3,False
09/97400,3,False
01/345734,3,False
22/2121,3,False
03/176933,3,False
01/411167,3,False
03/223452,3,False
15/25551,3,False
10/20111,3,False
17/50694,3,False
21/53260,3,False
23/113917,3,False
01/48278,3,False
01/023079,3,False
01/356229,3,False
24/160709,3,False
08/100078,3,False
08/99201,3,False
23/210959,3,False
04/5209,3,False
23/95398,3,False
23/51750,3,False
01/247095,3,False
23/2655984,3,False
65554124,3,False
01/30245,3,False
04/35900,3,False
01/357475,3,False
09/249203,3,False
03/142986,3,False
09/148109,3,False
24/5955,3,False
11/46842,3,False
16/47412,3,False
01/261158,3,False
01/445111,3,False
23/49343,3,False
09/54275,3,False
00/449691,3,False
19/30968,3,False
02/230893,3,False
22/153859,3,False
21/047332,3,False
02/237342,3,False
02/304921,3,False
22/13389,3,False
22/24987,3,False
01/152655,3,False
U162U4052M,3,False
24/150178,3,False
01/196502,3,False
14/167058,3,False
01/438319,3,False
24/20703,3,False
09/133891,3,False
23/108177,3,False
24/111124,3,False
22/29704,3,False
01/17168,3,False
01/304821,3,False
04/109720,3,False
11/61354,3,False
01524672,3,False
22/96361,3,False
23/198348,3,False
01/590405,3,False
22/139821,3,False
01/410400,3,False
22/93206,3,False
14/90619,3,False
23/20833,3,False
08/45872,3,False
02/88888,3,False
23A039437,3,False
23/111260,3,False
17/27303,3,False
01/394987,3,False
22/91630,3,False
02/304469,3,False
02/349081,3,False
03/99983,3,False
04/146923,3,False
03/18479,3,False
07/94074,3,False
01/217096,3,False
01/51131,3,False
16/58977,3,False
11/0820468,3,False
01/57515,3,False
09/234118,3,False
01/165903,3,False
02/222084,3,False
24/41887,3,False
23/134350,3,False
22/129273,3,False
22/50499,3,False
14/162829,3,False
02/259334,3,False
02/336867,3,False
22/6606,3,False
01/297521,3,False
01459021,3,False
02/198123,3,False
02/320880,3,False
05/37710,3,False
23/209800,3,False
14/192876,3,False
01/328880,3,False
22/95477,3,False
23/161985,3,False
01/149501,3,False
23/165757,3,False
03/149171,3,False
23191381,3,False
14/170267,3,False
21/023653,3,False
01/142588,3,False
01/733366,3,False
24/109927,3,False
22/184276,3,False
01/270464,3,False
22/51288,3,False
22/55620,3,False
08/56331,3,False
06/46986,3,False
20/12725,3,False
14/91492,3,False
00/1000000,3,False
23/30274,3,False
00/421527,3,False
22/71515,3,False
01/1259874,3,False
02/786920,3,False
02/143210,3,False
03/145762,3,False
14/141471,3,False
22/55518,3,False
22/120106,3,False
02/6507,3,False
01/373026,3,False
04/36723,3,False
23/93217,3,False
09/155889,3,False
05/126676,3,False
22/152290,3,False
03/94250,3,False
15/126791,3,False
09/228532,3,False
03/19955,3,False
10/115115,3,False
01/524448,3,False
22/149465,3,False
23/147924,3,False
02/188047,3,False
25/160662,3,False
02/844162,3,False
17/27090,3,False
09/005028,3,False
10/35988,3,False
22/24151,3,False
01/229697,3,False
21/23860,3,False
23/233410,3,False
02/103377,3,False
22/102910,3,False
24/70878,3,False
03/32490,3,False
01/402457,3,False
03/237949,3,False
22/42628,3,False
01/420021,3,False
04/82323,3,False
22/167338,3,False
02/146733,3,False
24/94754,3,False
04/191783,3,False
00/187306,3,False
04/285699,3,False
00/304081,3,False
23/105153,3,False
23/145064,3,False
16/54523,3,False
02/326826,3,False
15/78645,3,False
23/230693,3,False
15/39866,3,False
01/442373,3,False
24/131222,3,False
22/19165,3,False
09/256414,3,False
02/282439,3,False
22/46737,3,False
24/127735,3,False
1486141,3,False
03/42000,3,False
05/194891,3,False
04/109268,3,False
04/16945,3,False
23/123906,3,False
01/536300,3,False
02/122383,3,False
02/265550,3,False
02/1452596,3,False
22/44831,3,False
15/54793,3,False
23/158436,3,False
14/108307,3,False
01/3033901,3,False
01/171479,3,False
02/9555,3,False
13/15016,3,False
24/50890,3,False
01/430833,3,False
01/151757,3,False
02/106283,3,False
13/28510,3,False
14/94566,3,False
02/144351,3,False
01/304202,3,False
23/38058,3,False
03/170212,3,False
23/83990,3,False
22/60121,3,False
00/451919,3,False
24/25770,3,False
01/55847,3,False
01/172644,3,False
00/010101,3,False
01/133274,3,False
23/89277,3,False
02/178250,3,False
01/161160,3,False
01/524387,3,False
02/97299,3,False
23/138532,3,False
22/46717,3,False
15/94253,3,False
0379098,3,False
0936268,3,False
12/41081,3,False
01/425787,3,False
23/13197,3,False
01115068,3,False
01/498288,3,False
01/90849,3,False
01/357500,3,False
01/452705,3,False
24/14719,3,False
01/6511,3,False
13/42175,3,False
24/17810,3,False
09/42167,3,False
23/11071,3,False
22/94790,3,False
13/22784,3,False
00/303119,3,False
17/41843,3,False
22/21877,3,False
03/193993,3,False
18/42204,3,False
24/58012,3,False
01/82187,3,False
01/211204,3,False
01/445420,3,False
15/35603,3,False
23/130652,3,False
01/481496,3,False
05/058291,3,False
22/27775,3,False
0103372009,3,False
09/132957,3,False
22/78238,3,False
02/273606,3,False
08/28365,3,False
01/116690,3,False
22/173428,3,False
09/55620,3,False
01/484978,3,False
00/359630,3,False
01/385040,3,False
02/38933,3,False
01/439389,3,False
23/171291,3,False
22/106659,3,False
12/646600,3,False
22/39787,3,False
02/126668,3,False
00/222966,3,False
01/296962,3,False
23/69292,3,False
09/62362,3,False
01/52009,3,False
41/6911,3,False
22/23617,3,False
01/281350,3,False
23/114208,3,False
24/39111,3,False
01388222,3,False
01/453151,3,False
08/93526,3,False
00/441972,3,False
17/37212,3,False
22/51621,3,False
14/75767,3,False
01/365902,3,False
23/146457,3,False
23/98547,3,False
01/412607,3,False
01/521318,3,False
03/183376,3,False
03/197295,3,False
03/31584,3,False
11/33842,3,False
01/235773,3,False
01/82987,3,False
01/257830,3,False
12/19904,3,False
22/123687,3,False
01/115227,3,False
22/49265,3,False
02/225386,3,False
07/10341,3,False
21/31871,3,False
04/32034,3,False
23/63096,3,False
01/332391,3,False
22/21177,3,False
01/387280,3,False
14/70192,3,False
19/7483,3,False
02/270730,3,False
01/46229,3,False
13/1328,3,False
00/366006,3,False
01/486661,3,False
02/306650,3,False
23/107894,3,False
22/112254,3,False
00/0001,3,False
23/99953,3,False
01/468524,3,False
01/536227,3,False
19/4072,3,False
23/2524,3,False
01/365214,3,False
23/17962,3,False
01/404785,3,False
17/19440,3,False
23/135042,3,False
08/45582,3,False
24/29147,3,False
23/34048,3,False
23/133372,3,False
00/393266,3,False
22/38276,3,False
00/350250,3,False
01/517522,3,False
01/123554,3,False
24/103990,3,False
01/417944,3,False
01/342627,3,False
24/89351,3,False
24/75250,3,False
01/32545,3,False
08/6671,3,False
00331838,3,False
01/348565,3,False
11/5096,3,False
01/199527,3,False
23/158097,3,False
02/126757,3,False
01/372385,3,False
02/290771,3,False
23/11141,3,False
01/341902,3,False
23/45467,3,False
02229583,3,False
01/409512,3,False
01/360843,3,False
14/56998,3,False
09/119049,3,False
22/41213,3,False
23/169295,3,False
01/424479,3,False
0/2555528,3,False
22/24815,3,False
22/60546,3,False
01/104601,3,False
09/66163,3,False
11/48355,3,False
19472445,3,False
03/84165,3,False
23/162238,3,False
00/458588,3,False
01/277351,3,False
17/23522,3,False
24/37601,3,False
01/275018,3,False
01/488619,3,False
24/120222,3,False
01/199781,3,False
22/126800,3,False
01/155105,3,False
2279553,3,False
24/10778,3,False
14/1059096,3,False
01/448531,3,False
02/126090,3,False
09/157257,3,False
01/549013,3,False
23/118190,3,False
24/11689,3,False
04/101022,3,False
08/54839,3,False
14/93750,3,False
01/512569,3,False
01/290926,3,False
21/18932,3,False
24/89691,3,False
09/94881,3,False
01/176584,3,False
01/440154,3,False
23/145809,3,False
13/41766,3,False
2323336,3,False
07/75049,3,False
01/393774,3,False
13 22641,3,False
22/45866,3,False
01/99879,3,False
01/368291,3,False
01/256361,3,False
23/108777,3,False
07/19037,3,False
24/70266,3,False
23/111486,3,False
22/11415,3,False
02/262700,3,False
00/367568,3,False
22/62383,3,False
01/415382,3,False
23/8249,3,False
14/20096,3,False
01/363256,3,False
02/202171,3,False
23/170474,3,False
01/389868,3,False
03/226472,3,False
01/381005,3,False
01/004864,3,False
K440613047,3,False
01/19597,3,False
22/115444,3,False
23111061,3,False
01/1627011,3,False
21/41793,3,False
01/300416,3,False
23/51420,3,False
14/20111,3,False
17/30790,3,False
23/99774,3,False
01/382455,3,False
24/147244,3,False
23/63715,3,False
24/122324,3,False
01/69082,3,False
02/269513,3,False
01/48253,3,False
24/91074,3,False
05/018587,3,False
04/76368,3,False
01/162484,3,False
01/495194,3,False
10/27476,3,False
24/23420,3,False
09/17242,3,False
24/44398,3,False
2362551,3,False
24/14544,3,False
01/530176,3,False
01/448764,3,False
09/191867,3,False
09/200878,3,False
14/60042,3,False
01/366340,3,False
01/352245,3,False
17/11356,3,False
23/147268,3,False
01/377219,3,False
09/171302,3,False
22/64826,3,False
13/30779,3,False
01/376346,3,False
23/137284,3,False
08/8791,3,False
23174950,3,False
02/75646,3,False
1/89740,3,False
01/292349,3,False
01266142,3,False
24/47838,3,False
01/293136,3,False
20/27858,3,False
23/112993,3,False
23/164988,3,False
24/09109,3,False
02/188327,3,False
03/30456,3,False
09/182361,3,False
22/104895,3,False
01/290864,3,False
01/409575,3,False
23/58405,3,False
01/484245,3,False
02/98158,3,False
29/121492,3,False
02/146412,3,False
02/44892,3,False
01/460965,3,False
09/95139,3,False
00/356653,3,False
17/25086,3,False
22/141008,3,False
01/221415,3,False
23/193526,3,False
23/153423,3,False
01/72368,3,False
23/8373,3,False
01/378792,3,False
07/69092,3,False
16AY29269,3,False
01/340626,3,False
02/268379,3,False
09/166464,3,False
23/15062,3,False
01/319365,3,False
23/155366,3,False
17/37464,3,False
01/257315,3,False
23/189617,3,False
22/131512,3,False
01/333060,3,False
24/82893,3,False
03168201,3,False
03/97223,3,False
0832576,3,False
23/185496,3,False
23/189102,3,False
01/323709,3,False
6507/89,3,False
03/2003296,3,False
03/203296,3,False
01/330868,3,False
01/392089,3,False
23/030442,3,False
24/128982,3,False
24/23517,3,False
24/61441,3,False
24/67385,3,False
24/51305,3,False
22/47043,3,False
03/44641,3,False
02/280576,3,False
01/112198,3,False
02/52906,3,False
17/31184,3,False
01/83839,3,False
15/80797,3,False
23/91974,3,False
01/374009,3,False
17/44626,3,False
00/364063,3,False
23/47735,3,False
01/450884,3,False
15/100103,3,False
02/8895,3,False
01/208140,3,False
23/4249,3,False
00/225105,3,False
01447606,3,False
09/92337,3,False
23/188176,3,False
01/501424,3,False
23/79448,3,False
01/361716,3,False
09/65867,3,False
01/399520,3,False
24/145915,3,False
23/113715,3,False
23167411,3,False
01/515882,3,False
02/153653,3,False
09/124827,3,False
01/148835,3,False
01/502837,3,False
02/55542,3,False
02/153375,3,False
02/134962,3,False
01/494551,3,False
23/165481,3,False
16/60760,3,False
01/152490,3,False
02/124273,3,False
22/73357,3,False
22/37093,3,False
07/20929,3,False
11/1114226,3,False
01/291838,3,False
24/132074,3,False
01/491088,3,False
23/80000,3,False
2380000,3,False
00/233093,3,False
20/7620,3,False
21/32600,3,False
23117528,3,False
03/188232,3,False
22/9420,3,False
02/101884,3,False
23/63201,3,False
09/14266,3,False
01/260943,3,False
01/454430,3,False
24/20215,3,False
11/236541,3,False
01/367061,3,False
22/127006,3,False
24/42373,3,False
01/196426,3,False
1728298,3,False
23/41701,3,False
01/135433,3,False
24/119430,3,False
2463009,3,False
11/40936,3,False
14/40658,3,False
01/121998,3,False
01449671,3,False
00/308441,3,False
23/94859,3,False
01/444062,3,False
11/64418,3,False
04/64418,3,False
00/300882,3,False
23/17122,3,False
01/517712,3,False
01/450416,3,False
23/123090,3,False
24/98222,3,False
03/99511,3,False
21/12375,3,False
01/292007,3,False
23/73161,3,False
17/24789,3,False
18/19405,3,False
01/272237,3,False
00/370628,3,False
02/260463,3,False
02/117116,3,False
24/22383,3,False
01/274883,3,False
23/49107,3,False
01/506211,3,False
01/267789,3,False
23/110301,3,False
02/988064,3,False
2428157005,3,False
01/993046,3,False
09/207887,3,False
00/410961,3,False
14/23916,3,False
15/74421,3,False
02/37716,3,False
02/182635,3,False
2319823,3,False
02/217043,3,False
13/11088,3,False
23/165114,3,False
01/246679,3,False
17/21518,3,False
01/480928,3,False
15AD18801,3,False
01/461616,3,False
15/21389,3,False
16/72930,3,False
0416062,3,False
01/143845,3,False
00322136,3,False
2352861,3,False
01/211647,3,False
01/464393,3,False
2245327,3,False
23/164770,3,False
13/40930,3,False
01/208826,3,False
10/17316,3,False
04/95036,3,False
00/14547,3,False
01/81480,3,False
0610747,3,False
23/130034,3,False
01/403349,3,False
08/44470,3,False
01/364654,3,False
01/241237,3,False
24/31791,3,False
09/105211,3,False
09/176027,3,False
03/181304,3,False
00/278855,3,False
17/39011,3,False
17/33827,3,False
14/92088,3,False
01/415065,3,False
22/26700,3,False
01/61617,3,False
09/67907,3,False
09/58689,3,False
03/54163,3,False
03/4693,3,False
21/22026,3,False
01440882,3,False
24/77782,3,False
11/21640,3,False
23/87341,3,False
02/055668,3,False
02/313727,3,False
23125979,3,False
03/109404,3,False
07/29937,3,False
00/126694,3,False
01/280348,3,False
01/443695,3,False
15/107025,3,False
23/161856,3,False
21/15972,3,False
22/82942,3,False
22/58696,3,False
00334757,3,False
23/190745,3,False
01/182622,3,False
01/131472,3,False
23/18757,3,False
03/17423,3,False
05/93999,3,False
14/45280,3,False
01/407868,3,False
01/207633,3,False
01/262677,3,False
02/33342,3,False
01/381108,3,False
15102751,3,False
01/449865,3,False
01/453358,3,False
0051622820,3,False
22/7821,3,False
17/51786,3,False
17/14310,3,False
23/140044,3,False
23/186496,3,False
00/413895,3,False
13/31254,3,False
22/39719,3,False
01/334667,3,False
23/20587,3,False
01/502588,3,False
24/107472,3,False
03/141035,3,False
01/127236,3,False
02/138420,3,False
09/070445,3,False
23/55191,3,False
09/173237,3,False
09/139502,3,False
03/153198,3,False
02/38410,3,False
24/44593,3,False
00/336324,3,False
01/447894,3,False
23/185396,3,False
01/40649,3,False
14/111590,3,False
09/222001,3,False
6 /13903,3,False
02/101221,3,False
01/279260,3,False
23/100048,3,False
01/219583,3,False
01/18196,3,False
23/154333,3,False
23/95049,3,False
24/57028,3,False
01/525683,3,False
23118565,3,False
01/5534,3,False
19/12465,3,False
02/113503,3,False
01/211732,3,False
09/186317,3,False
22/100502,3,False
23/183760,3,False
01/238041,3,False
15/51631,3,False
23/69728,3,False
23/122631,3,False
24/47963,3,False
01/294093,3,False
23/9257,3,False
18/40670,3,False
22/45344,3,False
04/141885,3,False
23/11285,3,False
02/212492,3,False
22/95190,3,False
03/161733,3,False
03/182683,3,False
24/6685,3,False
09/195688,3,False
23/159028,3,False
22/49637,3,False
15/89731,3,False
03/124377,3,False
01/55819,3,False
24/8789,3,False
01/413712,3,False
01/176057,3,False
15/110478,3,False
01/520962,3,False
14/84088,3,False
00/275580,3,False
24/91051,3,False
01/94116,3,False
01/280695,3,False
05/118456,3,False
07/20097,3,False
01/153896,3,False
00/124578,3,False
03/168480,3,False
01/199175,3,False
07/92690,3,False
01/56719,3,False
03/117681,3,False
01/93942,3,False
18/32638,3,False
23/181704,3,False
02/244583,3,False
01/258193,3,False
01/311363,3,False
01/41424,3,False
23/157407,3,False
22/56303,3,False
01/343830,3,False
01/12705,3,False
05/71692,3,False
01/410618,3,False
17/42010,3,False
01/507651,3,False
43/8816,3,False
01/406795,3,False
23159377,3,False
23/59277,3,False
01/294003,3,False
01/12132,3,False
21/0022,3,False
02/25736,3,False
23/165223,3,False
01/387773,3,False
23/126263,3,False
23193694,3,False
23/193694,3,False
22/63205,3,False
22/63207,3,False
01/154315,3,False
23204100,3,False
02/34133,3,False
18/32293,3,False
01/495965,3,False
23/117147,3,False
00/275654,3,False
24/58979,3,False
21/80945,3,False
04/118860,3,False
22/139403,3,False
01/408704,3,False
02/236515,3,False
01/212529,3,False
14AZ15857,3,False
22/63684,3,False
14/145515,3,False
2391152,3,False
24/1051616,3,False
00/270446,3,False
2349250,3,False
01/266843,3,False
22/94762,3,False
57/727877,3,False
02/170395,3,False
01/433511,3,False
24/44926,3,False
01/419755,3,False
18/38700,3,False
08/66798,3,False
01118204,3,False
09/77116,3,False
13/62025,3,False
01/498302,3,False
22/105957,3,False
18/6045,3,False
01/443358,3,False
00/432784,3,False
01/162476,3,False
08/33944,3,False
01/67244,3,False
22/73064,3,False
03/97825,3,False
01/281173,3,False
01/164228,3,False
01/484319,3,False
07/83017,3,False
22/131869,3,False
01/228262,3,False
22/87144,3,False
024/450,3,False
01232410,3,False
01164448,3,False
02/234067,3,False
01395691,3,False
01/432684,3,False
22/130298,3,False
09/85335,3,False
01/497685,3,False
23/208236,3,False
22/74998,3,False
07118351,3,False
02/203820,3,False
24/23236,3,False
01/29794,3,False
02/287206,3,False
01/237149,3,False
01/215885,3,False
01/475760,3,False
00155968,3,False
14/132056,3,False
2397747,3,False
00/348781,3,False
22/67023,3,False
01/455711,3,False
17/15433,3,False
2359204,3,False
1259621,3,False
01/439642,3,False
08/17845,3,False
05/37086,3,False
18/28133,3,False
01/512870,3,False
22/71590,3,False
22/73476,3,False
01/435889,3,False
24/16268,3,False
24/127915,3,False
23/107844,3,False
01/386489,3,False
17/35121,3,False
23/113903,3,False
00/306999,3,False
02/92147,3,False
02/62716,3,False
02/48911,3,False
23/116175,3,False
02/332887,3,False
2381417233,3,False
03/212905,3,False
01/168402,3,False
24/95521,3,False
24/90967,3,False
01/412145,3,False
02/251613,3,False
06/30571,3,False
23/1691,3,False
02/79149,3,False
24/111322,3,False
02/223474,3,False
02/230073,3,False
02.10.2023,3,False
01/373681,3,False
15/93859,3,False
01/363455,3,False
1500049874,3,False
10/233064,3,False
2257874,3,False
02/144218,3,False
24/9718,3,False
01/488218,3,False
17/13368,3,False
09/57504,3,False
23/31471,3,False
22/44713,3,False
23/146389,3,False
03/44765,3,False
03/208236,3,False
20/38840,3,False
01/450885,3,False
03/71432,3,False
15/96665,3,False
02/314253,3,False
03/20976,3,False
04/70286,3,False
18/35801,3,False
00419209,3,False
14/42480,3,False
01/511509,3,False
01/523038,3,False
01/141724,3,False
03/20054,3,False
24/110640,3,False
23/168424,3,False
23/97888,3,False
03/79941,3,False
22/139967,3,False
00/466809,3,False
02/295213,3,False
23/29496,3,False
01/549394,3,False
24/59220,3,False
24/62818,3,False
01/458157,3,False
01/103131,3,False
17/41394,3,False
24/15411,3,False
09/56310,3,False
23/113354,3,False
23/154837,3,False
02/308716,3,False
03/196586,3,False
02/9409,3,False
03/00507,3,False
00/297568,3,False
22/74261,3,False
13/40568,3,False
23/78846,3,False
11/57427,3,False
2383915,3,False
23/170088,3,False
17/52172,3,False
22/49878,3,False
02/264621,3,False
23/65307,3,False
15/32897,3,False
05/63355,3,False
23/34816,3,False
22/142783,3,False
02052019,3,False
13/19711,3,False
24/43289,3,False
02/278354,3,False
00/10579,3,False
00/397157,3,False
1063555,3,False
01455140,3,False
24/136384,3,False
01/465766,3,False
23/190996,3,False
22/6109,3,False
03/204789,3,False
02/100214,3,False
03/123419,3,False
01/418309,3,False
23/1682573,3,False
03/150448,3,False
01/308551,3,False
22/20272,3,False
01/406746,3,False
01/12151,3,False
08/68373,3,False
13/28676,3,False
24/86150,3,False
1814966,3,False
03204974,3,False
2330655,3,False
01/525665,3,False
24/94305,3,False
01306393,3,False
04/88900,3,False
24/111325,3,False
02/185310,3,False
01/291671,3,False
2417757,3,False
01/271610,3,False
02/28286,3,False
01/516469,3,False
12/52161,3,False
23/146031,3,False
23/20558,3,False
23/137527,3,False
01/364768,3,False
03/28954,3,False
01/231336,3,False
01/284494,3,False
02/203771,3,False
23/116970,3,False
22/12040,3,False
02/260218,3,False
22/9129,3,False
04/139244,3,False
15/22938,3,False
03/105794,3,False
5466691,3,False
00/247799,3,False
01/133492,3,False
02/202412,3,False
14/57675,3,False
23/190556,3,False
23/213877,3,False
01/540367,3,False
01/385101,3,False
01/339186,3,False
023/588,3,False
01/368181,3,False
01/238978,3,False
01/522326,3,False
23/200816,3,False
01/56476,3,False
22/55045,3,False
01/239336,3,False
23/67790,3,False
08/41403,3,False
23/39801,3,False
01/527116,3,False
01/334336,3,False
01/252916,3,False
12/39686,3,False
11/8127,3,False
7809511060,3,False
01/535402,3,False
01/42188,3,False
24/127589,3,False
01/320251,3,False
24/43644,3,False
01/349894,3,False
14/41352,3,False
01/515641,3,False
00/467621,3,False
02/217896,3,False
23/177938,3,False
24/033380,3,False
24/61717,3,False
02/343497,3,False
23/68312,3,False
24/31743,3,False
01/548875,3,False
23/3009,3,False
01/445459,3,False
05/38239,3,False
21/36102,3,False
22/63817,3,False
01/125814,3,False
02/1124,3,False
0183394,3,False
23/4569,3,False
12/49719,3,False
01/521265,3,False
01/532226,3,False
17/3894,3,False
11/70783,3,False
01/33665,3,False
22/12241,3,False
24/146455,3,False
13/42762,3,False
01/377197,3,False
01/383509,3,False
09/83488,3,False
24/47807,3,False
23/171603,3,False
24/101148,3,False
23/194208,3,False
23/100386,3,False
22/86844,3,False
03/139224,3,False
24/76916,3,False
01/289737,3,False
01/34028,3,False
0652556,3,False
01/458207,3,False
23/8281,3,False
08/00712,3,False
2349384,3,False
01/424404,3,False
07/184949,3,False
22/81454,3,False
22/8140,3,False
23/239527,3,False
22/18226,3,False
090384200,3,False
22/103160,3,False
02/202903,3,False
17/12653,3,False
01/292221,3,False
01/432945,3,False
00/453345,3,False
24/32305,3,False
15/40992,3,False
23/124089,3,False
22/83932,3,False
2345107,3,False
04/35359,3,False
23/186801,3,False
01/417537,3,False
24/105269,3,False
23/219564,3,False
01/113466,3,False
24/68185,3,False
08/77695,3,False
02175116,3,False
22/23557,3,False
01128991,3,False
01/540599,3,False
23/43352,3,False
23/202506,3,False
22/15770,3,False
01/459424,3,False
08/67691,3,False
01/97198,3,False
02/330563,3,False
01/520483,3,False
01/520605,3,False
01/247419,3,False
01/514124,3,False
01/396928,3,False
00/278697,3,False
01/347203,3,False
01/295247,3,False
01/531224,3,False
17/45397,3,False
01/429036,3,False
01/534651,3,False
02/4207,3,False
14/71183,3,False
01/473894,3,False
01/499274,3,False
01/272210,3,False
03/65212,3,False
01/464821,3,False
01/173797,3,False
1609097168,3,False
01/16970,3,False
15/100645,3,False
01/422342,3,False
01/487588,3,False
04/45794,3,False
BG5935729N,3,False
04/93036,3,False
01/317760,3,False
01/376719,3,False
B05568539N,3,False
04/13799,3,False
24/119551,3,False
14/169698,3,False
01/493659,3,False
01/302358,3,False
22/4837,3,False
00/290755,3,False
01/445022,3,False
24/53870,3,False
01/318562,3,False
17/51475,3,False
1338434,3,False
01/555995,3,False
24/141629,3,False
01/369970,3,False
01/503377,3,False
02/51452,3,False
00/467840,3,False
22/141837,3,False
24/88035,3,False
01/548159,3,False
01/289667,3,False
01/527173,3,False
23/63141,3,False
01/398749,3,False
14/119868,3,False
01/528328,3,False
01/294770,3,False
02/115992,3,False
01559563,3,False
01/32795,3,False
23/210124,3,False
01/459009,3,False
23/3703,3,False
01/477773,3,False
24/75680,3,False
24/141449,3,False
14/104444,3,False
09/70252,3,False
02/207237,3,False
12/29240,3,False
23/30296,3,False
17/35933,3,False
01/264445,3,False
0133487,3,False
24/71247,3,False
04/32795,3,False
01/363308,3,False
22/114255,3,False
09/63438,3,False
02/231733,3,False
00/012458,3,False
03/123276,3,False
23172905,3,False
01/113353,3,False
01/543418,3,False
01/106543,3,False
08/6572,3,False
00/193008,3,False
16/63920,3,False
22/151926,3,False
03/155956,3,False
0809691023,3,False
01/120524,3,False
01/413122,3,False
22/159443,3,False
26/4904902,3,False
15/16993,3,False
23/243867,3,False
01/553324,3,False
01/477976,3,False
01/192207,3,False
23/39364,3,False
23/186151,3,False
22/160590,3,False
01/202579,3,False
22/50035,3,False
07/173176,3,False
24/99511,3,False
22/45839,3,False
23/124000,3,False
01/350721,3,False
23/75822,3,False
14/31108,3,False
15/36503,3,False
08/959831,3,False
23/189910,3,False
00/333561,3,False
01/489904,3,False
01/744556,3,False
24/94073,3,False
20/34764,3,False
01/295820,3,False
14/108971,3,False
01/205224,3,False
15/26384,3,False
02/330544,3,False
02/153731,3,False
23/225297,3,False
21/8327,3,False
15/46478,3,False
01/454140,3,False
21/42206,3,False
01/429355,3,False
23/180769,3,False
09/50646,3,False
02/330414,3,False
23/227054,3,False
01/441439,3,False
13/51210,3,False
18/4860,3,False
23/10269,3,False
01/473780,3,False
15/79997,3,False
2321912,3,False
01/446937,3,False
00/441932,3,False
01/540078,3,False
01/418299,3,False
23/128882,3,False
01/402338,3,False
00/385993,3,False
23/184413,3,False
03/24113,3,False
03/186940,3,False
01/461040,3,False
15/0000000,3,False
14/50657,3,False
03/89478,3,False
22/89996,3,False
220048385,3,False
13/18144,3,False
23/104799,3,False
14/40256,3,False
01/462362,3,False
24/27593,3,False
01/531007,3,False
10/51795,3,False
24/0136668,3,False
12/7426,3,False
01/488713,3,False
01/408033,3,False
01/460794,3,False
23/66323,3,False
11/75401,3,False
02/227813,3,False
23/82738,3,False
15/116478,3,False
23/141700,3,False
01/482814,3,False
02/185850,3,False
01/540890,3,False
08/32248,3,False
01/398826,3,False
10/02065,3,False
01/423244,3,False
24/31566,3,False
14/70989,3,False
23206272,3,False
11/4902,3,False
03/202893,3,False
24/65502,3,False
01/408733,3,False
23/313910,3,False
02/151877,3,False
24/53239,3,False
16/63080,3,False
11/54188,3,False
01/475339,3,False
01/363228,3,False
14/182092,3,False
00/391587,3,False
24/66327,3,False
17/34979,3,False
23/106558,3,False
02/112668,3,False
02/302625,3,False
02/115586,3,False
01/191511,3,False
09/168578,3,False
24/45431,3,False
07/207020,3,False
20/7447,3,False
15/41681,3,False
06/61884,3,False
23/134017,3,False
23/191365,3,False
01/287396,3,False
23/139468,3,False
02/242738,3,False
22/88262,3,False
24/86216,3,False
05/241028,3,False
17/14273,3,False
01/258953,3,False
20/32241,3,False
01/732186,3,False
01/397959,3,False
08/61284,3,False
24/97482,3,False
01/527575,3,False
02/320904,3,False
01/555355,3,False
01/424975,3,False
02/116118,3,False
06/32186,3,False
17/48133,3,False
01/275313,3,False
01/481674,3,False
03/109375,3,False
0322245,3,False
24/33698,3,False
01/333897,3,False
01/5170100,3,False
14/52875,3,False
02/201998,3,False
01/546804,3,False
04124664,3,False
04/101602,3,False
02/255647,3,False
23/202184,3,False
02/124034,3,False
01/445361,3,False
05/102913,3,False
03/172006,3,False
24/138833,3,False
01/350935,3,False
24/5552,3,False
01/472424,3,False
24/154749,3,False
01/436758,3,False
24/58954,3,False
01/518664,3,False
21/40754,3,False
22/106866,3,False
06/3078,3,False
01/176496,3,False
24/117308,3,False
23/197344,3,False
22/69786,3,False
14/37875,3,False
05/66360,3,False
04/127087,3,False
01/468075,3,False
01/316246,3,False
01/269593,3,False
09/193572,3,False
01/138843,3,False
15/121147,3,False
18/119567,3,False
21/5274,3,False
02/244359,3,False
22/171382,3,False
03221778,3,False
11/61860,3,False
22/76445,3,False
24/16882,3,False
23/148287,3,False
02/106303,3,False
14/73292,3,False
23/25621,3,False
01/499549,3,False
01/203092,3,False
29/3788025,3,False
23/107084,3,False
01/375722,3,False
03/144671,3,False
16/0522018,3,False
15/28046,3,False
01/549758,3,False
03/238947,3,False
23/140948,3,False
00/0044234,3,False
01/280425,3,False
24/163317,3,False
02/268612,3,False
01/356799,3,False
03/57907,3,False
03/165770,3,False
14/119661,3,False
01/481039,3,False
15/40228,3,False
02/214773,3,False
01/245862,3,False
24/52809,3,False
24/37232,3,False
20/5070,3,False
02161931,3,False
01/557102,3,False
01/989007,3,False
01/474846,3,False
10/618701,3,False
23/175881,3,False
04/192475,3,False
02/236538,3,False
02/827306,3,False
01/228626,3,False
01/738116,3,False
23/63416,3,False
02/53577,3,False
01/450375,3,False
02/282475,3,False
22/49966,3,False
01/428530,3,False
02/222453,3,False
09/233408,3,False
07/130947,3,False
00/549953,3,False
24/128664,3,False
01/29547,3,False
04/39984,3,False
00/331632,3,False
02/167284,3,False
24/78983,3,False
01/1812023,3,False
09/131587,3,False
01/441708,3,False
01/330033,3,False
01/395062,3,False
16/115610,3,False
07/73184,3,False
22/25918,3,False
01/38209,3,False
22/102858,3,False
01/732195,3,False
23/132443,3,False
09/50551,3,False
01/561158,3,False
07897183,3,False
01/487848,3,False
14/127110,3,False
03/186379,3,False
09/108457,3,False
23/239074,3,False
04/136531,3,False
14/76625,3,False
01/422192,3,False
23/112587,3,False
23/40845,3,False
22/25398,3,False
01/503000,3,False
23/1939,3,False
01/485416,3,False
01/0225122,3,False
01/253629,3,False
23/112962,3,False
22/23167,3,False
01/741137,3,False
01/264635,3,False
02/812004,3,False
21/57151,3,False
08/90197,3,False
16/1326337,3,False
02/239767,3,False
69/000909,3,False
23/136230,3,False
40/14657,3,False
02/030843,3,False
00/404006,3,False
01/483822,3,False
01/482912,3,False
01/497076,3,False
21/12744,3,False
01/436003,3,False
09/232499,3,False
01/0505205,3,False
23/55606,3,False
23/112430,3,False
24/92975,3,False
01/25487,3,False
03/271312,3,False
15/113467,3,False
00/390751,3,False
21/10559,3,False
02/138859,3,False
02/274389,3,False
21/57558,3,False
01/1445866,3,False
02/339767,3,False
19/1911,3,False
08/89627,3,False
02/162646,3,False
11/61085,3,False
01/314164,2,False
02/9965,2,False
01/00214,2,False
17/3565,2,False
23/26188,2,False
02/38500,2,False
00/427543,2,False
00/159375,2,False
08/7740,2,False
00/440661,2,False
23/102895,2,False
01/92975,2,False
20/12799,2,False
03/42439,2,False
24/23600,2,False
07/97771,2,False
01/68553,2,False
01/415981,2,False
12/22320,2,False
14/99378,2,False
09/225596,2,False
05/58220,2,False
00/287625,2,False
02/47174,2,False
01367409,2,False
01/526627,2,False
01/152241,2,False
23/203856,2,False
02/13556,2,False
17/16871,2,False
00/432158,2,False
23/16759,2,False
01/55668,2,False
23/4099,2,False
15/002251,2,False
14/106222,2,False
14/55078,2,False
01/431946,2,False
23/39740,2,False
21/22843,2,False
09/92994,2,False
77/036911,2,False
22/35914,2,False
24/11083,2,False
00/467351,2,False
01/236883,2,False
14/5682456,2,False
23/38280,2,False
00/125125,2,False
24/38809,2,False
22/019301,2,False
01/362328,2,False
02/33345,2,False
00/392129,2,False
14/20148,2,False
01/2365478,2,False
13/33782,2,False
20/5334,2,False
00/418282,2,False
22/120040,2,False
12/1214,2,False
22/46341,2,False
14/141706,2,False
75/2045514,2,False
05/30257,2,False
18/36048,2,False
07/185706,2,False
22/67460,2,False
21/38929,2,False
07/173410,2,False
09/849834,2,False
23/81699,2,False
03/228138,2,False
03/185994,2,False
17/35235,2,False
22/74364,2,False
09/177724,2,False
09/167250,2,False
01/476885,2,False
01/283928,2,False
15/29023,2,False
02/14685,2,False
23/142971,2,False
01/403287,2,False
01/348928,2,False
01/224458,2,False
10/5262,2,False
00/253474,2,False
01/439122,2,False
01/383021,2,False
09/85812,2,False
01/386321,2,False
00/343378,2,False
06/10801,2,False
07/220084,2,False
24/30023,2,False
01/374233,2,False
03/164716,2,False
22/59771,2,False
07/50938,2,False
08/6656,2,False
21/39884,2,False
01/295772,2,False
0102111,2,False
01/268189,2,False
09/140207,2,False
01/30841,2,False
00/54745,2,False
24/4222,2,False
07/14336,2,False
05/43451,2,False
04/151513,2,False
03/19607,2,False
02/265975,2,False
00/462622,2,False
01/306127,2,False
13/46005,2,False
08/052236,2,False
01/183509,2,False
07/47467,2,False
24/9949,2,False
15/0044,2,False
02/260505,2,False
21/17318,2,False
03/206267,2,False
2324038,2,False
23/219105,2,False
01/101119,2,False
22/66348,2,False
23/163468,2,False
02/247549,2,False
03/131384,2,False
01/480268,2,False
01/181747,2,False
04/63820,2,False
07/82105,2,False
09/186680,2,False
17/10842,2,False
01/25240,2,False
1625713,2,False
15/00000,2,False
22/43453,2,False
01/259786,2,False
17/12558,2,False
06/17555,2,False
20/12713,2,False
09/18047,2,False
14/130185,2,False
22/64327,2,False
24/54726,2,False
15/778450,2,False
03/153998,2,False
01/205777,2,False
01/122565,2,False
14/152047,2,False
05/69627,2,False
14/118509,2,False
15/04152,2,False
01/140552,2,False
15/260458,2,False
23/35808,2,False
09/185386,2,False
23/71264,2,False
07/63737,2,False
11/2212,2,False
04/128217,2,False
01/273972,2,False
01/70584,2,False
09/67237,2,False
01/402633,2,False
09/212321,2,False
15/222396,2,False
22/116831,2,False
01/123679,2,False
02/003271,2,False
02/8926,2,False
18/000072,2,False
03/131788,2,False
09/273104,2,False
23/46915,2,False
16/19920,2,False
02/239609,2,False
24/57185,2,False
01232239,2,False
14/8956412,2,False
12/121321,2,False
10/49827,2,False
01/58414,2,False
01/440009,2,False
01/394324,2,False
03/116914,2,False
15/93310,2,False
01/2574,2,False
24/74088,2,False
01/331162,2,False
01/012548,2,False
15/22718,2,False
15/57073,2,False
07/3988,2,False
20/9722,2,False
24/71437,2,False
24/54912,2,False
15/36215,2,False
15/114478,2,False
02/45868,2,False
14/62596,2,False
01192000,2,False
01/341300,2,False
01/321049,2,False
14/120640,2,False
14/120660,2,False
21/7380,2,False
15/258132,2,False
02/74013,2,False
03/76459,2,False
24/8763,2,False
03/1235,2,False
23/920017,2,False
23/120017,2,False
24/83491,2,False
23/37474,2,False
02/156888,2,False
09/100810,2,False
01/194554,2,False
23/36421,2,False
23/173596,2,False
09/15360,2,False
01/169602,2,False
12/4598,2,False
02/153533,2,False
03/128287,2,False
09/90564,2,False
09/114155,2,False
15/22111,2,False
24/06603,2,False
14/192833,2,False
01/406408,2,False
01/345117,2,False
07/128586,2,False
01/483092,2,False
22/117523,2,False
22/38065,2,False
02/115797,2,False
0925523,2,False
09/158517,2,False
16/1844,2,False
09/6765,2,False
01/263404,2,False
24/ 82367,2,False
15/26911,2,False
24/52501,2,False
02/156213,2,False
02/157653,2,False
20/16746,2,False
22/81770,2,False
01/285815,2,False
01/16922,2,False
00/571685,2,False
03/40756,2,False
22/56539,2,False
03/69696,2,False
21/11101,2,False
09/185171,2,False
23/118821,2,False
04/143438,2,False
02/53072,2,False
01/387958,2,False
00/467462,2,False
03/24554,2,False
2322583,2,False
24/76246,2,False
04/159695,2,False
23/169516,2,False
00/296926,2,False
27922/18,2,False
48/39675,2,False
01/450810,2,False
04/48846,2,False
00/376773,2,False
01/317434,2,False
23/239078,2,False
04/107946,2,False
23/145918,2,False
02/189468,2,False
23/73668,2,False
01/246592,2,False
22/50519,2,False
00/291891,2,False
22/39771,2,False
03154632,2,False
22/109257,2,False
23/80611,2,False
22/33978,2,False
22/60164,2,False
12/9673,2,False
17/16310,2,False
23/170298,2,False
23/108070,2,False
22/49586,2,False
22/63395,2,False
00/1547,2,False
19/6983,2,False
01/13265,2,False
22/61141,2,False
01/33217,2,False
17/26441,2,False
23/133234,2,False
01/242677,2,False
01/229558,2,False
24/236589,2,False
23/248137,2,False
01/405988,2,False
24/86772,2,False
01/485369,2,False
07/125255,2,False
06/884601,2,False
13/16853,2,False
0970977,2,False
01/353681,2,False
17/27002,2,False
24/17850,2,False
23/213000,2,False
00/1455389,2,False
01/475261,2,False
00/386544,2,False
01/529720,2,False
23/26224,2,False
01/158335,2,False
0386372,2,False
09/167792,2,False
17/11709,2,False
14/1222831,2,False
14/56235,2,False
24/113828,2,False
15/2816,2,False
21/28167,2,False
09/118529,2,False
01/209002,2,False
01/477297,2,False
01/165467,2,False
01/405270,2,False
09/49287,2,False
03/38127,2,False
16/25842,2,False
03/22484,2,False
23/176327,2,False
04/112913,2,False
01/316448,2,False
02/62817,2,False
01/487605,2,False
02/113043,2,False
09/82292,2,False
05588848,2,False
09/31279,2,False
02/239074,2,False
19/0032699,2,False
05/13986,2,False
09/191573,2,False
09/234172,2,False
09/4309,2,False
01/544573,2,False
09/111311,2,False
21/41382,2,False
05/73998,2,False
22/175714,2,False
01/3654210,2,False
09/5340,2,False
17/36801,2,False
03/164644,2,False
09/95352,2,False
08/78921,2,False
01/256434,2,False
14/15840,2,False
01/435526,2,False
23/142497,2,False
04/160767,2,False
1309116,2,False
01/271279,2,False
01/369582,2,False
01/322842,2,False
23/176843,2,False
01/421064,2,False
07/27700,2,False
01/453969,2,False
01/274915,2,False
23/44394,2,False
02/30335,2,False
07/61576,2,False
01/300890,2,False
11/29912,2,False
01/273121,2,False
24/36333,2,False
08/1331255,2,False
01/459886,2,False
13/24555,2,False
17/44226,2,False
17/6183,2,False
14/157748,2,False
14/27255,2,False
23/174440,2,False
01/152472,2,False
16/034596,2,False
16/48110,2,False
02/80627,2,False
02/167338,2,False
17/5813,2,False
15/44444,2,False
08/58501,2,False
23/613790,2,False
17/24687,2,False
01/141673,2,False
51/62177,2,False
01/274899,2,False
15/445785,2,False
08/42167,2,False
02/79456,2,False
24/84034,2,False
03/126128,2,False
03/125128,2,False
17/9958,2,False
01/119453,2,False
9/23569,2,False
21/32405,2,False
14/81420,2,False
SANSCONDUC,2,False
00/335226,2,False
01/385360,2,False
01/199073,2,False
23116028,2,False
16/026031,2,False
01/31428,2,False
01/125697,2,False
08/24304,2,False
07/34628,2,False
23/77597,2,False
07/157012,2,False
24/5763,2,False
09/2532,2,False
01/3908,2,False
21/154024,2,False
08/38594,2,False
01/52548,2,False
23/17368,2,False
02/108365,2,False
01/399454,2,False
04/50671,2,False
23/4816,2,False
23/57979,2,False
22/175115,2,False
22/72032,2,False
02/160404,2,False
14/3005,2,False
17/38934,2,False
04/54953,2,False
23/123470,2,False
14/123028,2,False
18/344677,2,False
01/184560,2,False
22/155118,2,False
01/395455,2,False
09/27551,2,False
22/126562,2,False
24/110283,2,False
24/46992,2,False
09/92645,2,False
03/2220,2,False
07/157220,2,False
23/0198612,2,False
04/63998,2,False
01/494968,2,False
18/10430,2,False
01/71012,2,False
01/328142,2,False
01/228655,2,False
17/16338,2,False
01/139265,2,False
17/28818,2,False
01/91000,2,False
10/302536,2,False
15/21080,2,False
01/244697,2,False
24/89871,2,False
01/15225,2,False
03/66148,2,False
09/12342,2,False
09/109056,2,False
23/174779,2,False
00/012101,2,False
01/156641,2,False
08/34289,2,False
02/12342,2,False
03/81829,2,False
24/45470,2,False
00/441194,2,False
01/253966,2,False
01/30217,2,False
01/201579,2,False
00/370492,2,False
0112456783,2,False
02/132913,2,False
14/38387,2,False
01 418208,2,False
01/418208,2,False
01/4118208,2,False
09/126315,2,False
012/244,2,False
01/116639,2,False
15/11980,2,False
22/22066,2,False
24/95710,2,False
01/224902,2,False
01/251199,2,False
23162282,2,False
09/113187,2,False
22/134860,2,False
09/76448,2,False
10/31011,2,False
01/249364,2,False
09/80539,2,False
17/27570,2,False
22/77989,2,False
09/4582613,2,False
02/130491,2,False
02/110668,2,False
03/173788,2,False
09/170359,2,False
15/25219,2,False
01/251563,2,False
09/199641,2,False
08/51271,2,False
22/114993,2,False
01170630,2,False
02/118528,2,False
01/491888,2,False
7409286551,2,False
24/22438,2,False
14/124493,2,False
13/32703,2,False
22/181241,2,False
02/88552,2,False
05/77267,2,False
24/91631,2,False
3 /1256,2,False
02/365969,2,False
02/152977,2,False
02/143291,2,False
14/130698,2,False
00/433165,2,False
22/80826,2,False
02/156046,2,False
01/312252,2,False
02/39053,2,False
02/276883,2,False
16/61902,2,False
09/87701,2,False
01/183270,2,False
22/42162,2,False
01/171578,2,False
07/0212001,2,False
01/1596,2,False
15/774455,2,False
24/99582,2,False
24/22437,2,False
03/145517,2,False
24/21357,2,False
SATATIONNE,2,False
01/448385,2,False
23/27908,2,False
08/08339,2,False
15/73952,2,False
15/123654,2,False
09/69848,2,False
00/470031,2,False
038877596,2,False
02172612,2,False
16/84658,2,False
03/176363,2,False
22/47960,2,False
11/0258300,2,False
14/110879,2,False
15/6000,2,False
24/40178,2,False
23/180089,2,False
01/507221,2,False
14/48656,2,False
06/30192,2,False
23/72150,2,False
#470182658,2,False
09/36980,2,False
09/186976,2,False
09-148781,2,False
15/47509,2,False
23/137031,2,False
08/16391,2,False
03/28148,2,False
15/123564,2,False
24/157163,2,False
00/247750,2,False
01/380372,2,False
01/229585,2,False
22/45345,2,False
01/72014,2,False
09/167128,2,False
01317146,2,False
01/357146,2,False
01/317146,2,False
8305062105,2,False
01/494038,2,False
01/4567110,2,False
06/9171,2,False
00/447321,2,False
23/082000,2,False
00/283391,2,False
01/131951,2,False
04/39250,2,False
00/292740,2,False
01/255284,2,False
15/152698,2,False
21/11304,2,False
16/38689,2,False
23/113592,2,False
09/86855,2,False
09/83234,2,False
15/88159,2,False
02/155428,2,False
01/23650,2,False
21/33945,2,False
01/384690,2,False
01/92585,2,False
22/11438,2,False
14/57205,2,False
09/67250,2,False
16/34429,2,False
01/89022,2,False
24/79846,2,False
21/012516,2,False
24/41052,2,False
09/37405,2,False
08/1131,2,False
19/331179,2,False
23/21602,2,False
15/79181,2,False
01/346858,2,False
17/47974,2,False
23/66317,2,False
08/25127,2,False
01/338122,2,False
15/019509,2,False
01/487879,2,False
01/442509,2,False
15/245477,2,False
01/035221,2,False
23/217517,2,False
23/85997,2,False
14/58926,2,False
15/36353,2,False
23/153246,2,False
17/30407,2,False
23/30820,2,False
17/45618,2,False
23/126162,2,False
21/19612,2,False
01/359585,2,False
01/299859,2,False
111111,2,False
01/493512,2,False
16/43811,2,False
09/116928,2,False
14/103096,2,False
23/56866,2,False
01/489088,2,False
12/01537,2,False
17/26102,2,False
11/10647,2,False
17/18031,2,False
03/145919,2,False
02/39194,2,False
00/233611,2,False
23/167999,2,False
02/76355,2,False
23/103265,2,False
24/43279,2,False
03/116167,2,False
01/277825,2,False
17/46473,2,False
23/170689,2,False
24/132193,2,False
23/125643,2,False
03/12546,2,False
04/116404,2,False
24/104881,2,False
01/345427,2,False
01/436794,2,False
01/463936,2,False
02/51494,2,False
09/112781,2,False
01/365091,2,False
21/8680,2,False
02/348052,2,False
23/115326,2,False
23/28817,2,False
14/987456,2,False
14/125687,2,False
01/299891,2,False
01/44714,2,False
16/20643,2,False
00/434141,2,False
03/119729,2,False
09/129427,2,False
01/495023,2,False
04763663,2,False
09/27098,2,False
02/225342,2,False
24/45873,2,False
04/78795,2,False
2352432,2,False
23/97937,2,False
15/21759,2,False
09/115382,2,False
02/22119,2,False
01/235644,2,False
24/110211,2,False
00/444122,2,False
03/150131,2,False
09/172041,2,False
09/27194,2,False
23/7211,2,False
22/32690,2,False
03/17544,2,False
01/371176,2,False
09/93735,2,False
24/20290,2,False
03/101959,2,False
01/223222,2,False
01/1374076,2,False
15/22054,2,False
15/77887,2,False
24/27242,2,False
01/274739,2,False
01/226594,2,False
08/24948,2,False
19/00978,2,False
15/7784445,2,False
22/93588,2,False
17/7192,2,False
14/63054,2,False
13/49073,2,False
01/62895,2,False
08/9113,2,False
01/306088,2,False
00/266880,2,False
02/263013,2,False
13/16854,2,False
13/000049,2,False
13/0049,2,False
05/60790,2,False
01/226226,2,False
07/30276,2,False
23/1258963,2,False
00/10422,2,False
01/354384,2,False
01569347,2,False
01169347,2,False
2410056,2,False
21011992,2,False
09/190837,2,False
01131101,2,False
01/131101,2,False
14/21668,2,False
23110070,2,False
23/69967,2,False
00/454699,2,False
01/1578952,2,False
01/256693,2,False
23/58187,2,False
22/112233,2,False
09/12143,2,False
09/71295,2,False
09/003034,2,False
01/113497,2,False
14/87032,2,False
05/71910,2,False
01/230574,2,False
23/47602,2,False
22/105766,2,False
02/9682,2,False
11/25389,2,False
01186554,2,False
01/186594,2,False
00/365497,2,False
16/96051,2,False
03/161818,2,False
14/51581,2,False
22/17293,2,False
24/46990,2,False
01200115,2,False
01/215442,2,False
03/95357,2,False
07/139149,2,False
23/53965,2,False
08/45271,2,False
23/62017,2,False
17/17358,2,False
21/14766,2,False
07/104365,2,False
22/3359,2,False
01/15855,2,False
20/8310,2,False
24/155252,2,False
01/318340,2,False
03/047364,2,False
01/150410,2,False
00/332157,2,False
23/9296,2,False
09/75639,2,False
23163235,2,False
24/99960,2,False
02/178368,2,False
24/523657,2,False
08/52573,2,False
05/24822,2,False
22/122554,2,False
24/99459,2,False
24/26420,2,False
08/15469,2,False
08/72442,2,False
24/18162,2,False
00/471136,2,False
14/147374,2,False
14/147376,2,False
12/23056,2,False
11/28136,2,False
23/124294,2,False
23/60772,2,False
21/10916,2,False
00/462688,2,False
01/143675,2,False
23/85127,2,False
24/2262,2,False
09/48301,2,False
01/404827,2,False
08/51824,2,False
03/2533,2,False
22/31058,2,False
01/263996,2,False
01/345660,2,False
01/404833,2,False
07/105278,2,False
02/084241,2,False
23/12319,2,False
2312319,2,False
190415994,2,False
03/17410,2,False
23/117282,2,False
23/36575,2,False
0973266,2,False
09/196809,2,False
10/00005,2,False
22/76161,2,False
01/482136,2,False
14/104542,2,False
01/493000,2,False
24/164811,2,False
09/170495,2,False
24/59876,2,False
08/51485,2,False
23/8754,2,False
14AR54584,2,False
23/49995,2,False
04/80705,2,False
15/125478,2,False
17/5711,2,False
08/26212,2,False
17/23691,2,False
09/7896554,2,False
01/123627,2,False
04/71452,2,False
24/6038,2,False
24/50899,2,False
00/434882,2,False
008/305301,2,False
04/140945,2,False
23/126733,2,False
15/64183,2,False
04/125005,2,False
22/0014512,2,False
12/62849,2,False
19/10576,2,False
08/72108,2,False
00/246211,2,False
14/83978,2,False
01/243085,2,False
09/108909,2,False
23/130545,2,False
01/513726,2,False
05/26190,2,False
02/126092,2,False
22/23214,2,False
01/542416,2,False
09122240,2,False
09/130988,2,False
22/88434,2,False
00/312863,2,False
21/8407,2,False
03/8053,2,False
22/300950,2,False
01/180231,2,False
24/119083,2,False
17/43789,2,False
23/159210,2,False
063/2008,2,False
2343227,2,False
01/109779,2,False
01/458140,2,False
00/403650,2,False
00/391866,2,False
03/101930,2,False
24/8461,2,False
24/67446,2,False
09/51171,2,False
09/92612,2,False
22/105226,2,False
22/109857,2,False
23/39260,2,False
04/92438,2,False
06/19528,2,False
06/55153,2,False
07/72953,2,False
04/60817,2,False
09/143617,2,False
08/22840,2,False
23/71768,2,False
01/213369,2,False
02/205085,2,False
05/1459,2,False
03/67509,2,False
11/21712,2,False
01/123583,2,False
09/161497,2,False
09/187211,2,False
02/85629,2,False
15/45774,2,False
15/445878,2,False
02/74195,2,False
22/1598,2,False
21/13541,2,False
14/90933,2,False
01501719,2,False
01/324136,2,False
17/16719,2,False
01/358519,2,False
01/119131,2,False
22/113755,2,False
19/19552,2,False
00/361030,2,False
05/97368,2,False
03/182868,2,False
24/40097,2,False
08/68021,2,False
01/346358,2,False
0945687,2,False
01/035879,2,False
01/45112,2,False
09/85151,2,False
14/124362,2,False
22/0745,2,False
23/007372,2,False
23/148171,2,False
24/43322,2,False
46/1594,2,False
23/85296,2,False
23/39679,2,False
01/75520,2,False
21/32623,2,False
23/178791,2,False
00/350930,2,False
00/462029,2,False
12/233333,2,False
00/286333,2,False
01/169755,2,False
18/14799,2,False
18/25788,2,False
14/21736,2,False
01/353035,2,False
01/262362,2,False
09/116419,2,False
08/31874,2,False
24/49388,2,False
11/22957,2,False
01/103817,2,False
01/559146,2,False
22/100459,2,False
07/15889,2,False
07/82500,2,False
07/3325,2,False
07/53265,2,False
24/105380,2,False
03/125366,2,False
17/17062,2,False
07/151605,2,False
08/30883,2,False
14/110888,2,False
12/63993,2,False
12/62284,2,False
00/461442,2,False
05/4804,2,False
14/76300,2,False
15/45245,2,False
03/69067,2,False
11/55111,2,False
0120401,2,False
09/49374,2,False
23/90421,2,False
2313486,2,False
01/299695,2,False
19/18020,2,False
18/2854,2,False
02/96155,2,False
00/145147,2,False
22/48879,2,False
22/53181,2,False
14/17885,2,False
09/23658,2,False
14/112671,2,False
17/14804,2,False
01/106597,2,False
01/3833191,2,False
01/383191,2,False
17/15010,2,False
01/17111,2,False
00325595,2,False
18/24433,2,False
23/46763,2,False
04/52501,2,False
23/183881,2,False
14/20175,2,False
09/187982,2,False
24/60572,2,False
01/132580,2,False
04/141774,2,False
15/86213,2,False
23/179464,2,False
01/47861,2,False
24/133846,2,False
24/44292,2,False
17/28463,2,False
03/31444,2,False
23/30932,2,False
01/205764,2,False
09/187436,2,False
08/52987,2,False
09/181510,2,False
00/325751,2,False
00/1336313,2,False
01/361343,2,False
01/202417,2,False
01/300763,2,False
01/312869,2,False
01/483700,2,False
01/235745,2,False
19/8973,2,False
24/74267,2,False
22/006635,2,False
22/142053,2,False
22/42053,2,False
01/206233,2,False
01/232987,2,False
00/467006,2,False
08/59188,2,False
14/37578,2,False
14/140877,2,False
02/159383,2,False
15/120771,2,False
01/428906,2,False
01/426906,2,False
09/187821,2,False
02/69281,2,False
23/139852,2,False
16/17888,2,False
02/101094,2,False
06/18636,2,False
01/23760,2,False
23/175474,2,False
8006133,2,False
8006133113,2,False
01/308925,2,False
01226496,2,False
09/434967,2,False
03/107804,2,False
16/29254,2,False
01/35450,2,False
03/145151,2,False
01021101,2,False
09/193589,2,False
03/65119,2,False
02/224833,2,False
12/0032658,2,False
16/88306,2,False
16/4750,2,False
10/379060,2,False
23/177202,2,False
09/47662,2,False
07/35839,2,False
14/115079,2,False
03/25689,2,False
03/125455,2,False
01/394295,2,False
24/25297,2,False
02/217846,2,False
15/97607,2,False
23/91407,2,False
23/193777,2,False
02218738,2,False
01/25251,2,False
01/108514,2,False
03/49807,2,False
0372148,2,False
01/84578,2,False
01/313272,2,False
01/439822,2,False
01/377218,2,False
07168926,2,False
01/418965,2,False
01/340621,2,False
01340621,2,False
03/79008,2,False
02/68030,2,False
04/130818,2,False
01/233651,2,False
04/95459,2,False
2224328,2,False
1023769276,2,False
07/86448,2,False
23/205467,2,False
14/167169,2,False
04/1253,2,False
19AL45583,2,False
0909595005,2,False
09/79363,2,False
01/324146,2,False
23/158562,2,False
12/54854,2,False
22/134534,2,False
22/134524,2,False
23/113501,2,False
24/109170,2,False
02/264364,2,False
01/493537,2,False
17/25579,2,False
01/56211,2,False
02/47918,2,False
09/3640,2,False
03/128461,2,False
23/25912,2,False
14/3536,2,False
01/388274,2,False
07/73286,2,False
04/74687,2,False
09/66985,2,False
13/35708,2,False
01/49279,2,False
14/173979,2,False
22/105404,2,False
22/43034,2,False
02/130316,2,False
07/69326,2,False
00/351876,2,False
12/62745,2,False
09/057710,2,False
03/98485,2,False
02/202132,2,False
16/47558,2,False
22/162677,2,False
09/79063,2,False
02/213761,2,False
01/215463,2,False
22/65775,2,False
02/468332,2,False
17/27343,2,False
01/370925,2,False
18/38119,2,False
01/327596,2,False
17/48853,2,False
01302420,2,False
01/279503,2,False
01/309390,2,False
10/8042,2,False
01/240382,2,False
02/296200,2,False
23/74343,2,False
01022200,2,False
01/185745,2,False
05/90373,2,False
15/1254896,2,False
01/361048,2,False
22/31822,2,False
02/227052,2,False
22/46142,2,False
15/114447,2,False
01/304408,2,False
22/005327,2,False
05/12050,2,False
01/89939,2,False
01/161319,2,False
22/24478,2,False
08/80220,2,False
17/41621,2,False
11/40653,2,False
22/39918,2,False
15/46196,2,False
15/44556,2,False
14/63169,2,False
0162477,2,False
23/0218491,2,False
01/218124,2,False
07/136748,2,False
01/383295,2,False
19/28595,2,False
01/28267,2,False
16/22923,2,False
05/24686,2,False
01354871,2,False
01/439553,2,False
01/169445,2,False
15AC38376,2,False
01/266670,2,False
11/21069,2,False
07/176761,2,False
23/42010,2,False
14/95247,2,False
01/209499,2,False
03/7915,2,False
01/357217,2,False
15/58120,2,False
09/183063,2,False
03/094879,2,False
01/317562,2,False
00/3167,2,False
00/01200,2,False
23/66499,2,False
07/92573,2,False
08/76798,2,False
23/41592,2,False
17/0059216,2,False
02/021202,2,False
24/50127,2,False
18/21860,2,False
01/0110101,2,False
10/72339,2,False
01/251705,2,False
01/253699,2,False
24/102516,2,False
10/85212,2,False
08/18027,2,False
09/48445,2,False
04/118022,2,False
07/132469,2,False
01/183178,2,False
15/14455,2,False
15/63698,2,False
01/455967,2,False
07/92643,2,False
03/54398,2,False
01/28502,2,False
21/5690,2,False
24/103051,2,False
01998305,2,False
23/167944,2,False
00/459885,2,False
02/324906,2,False
23/98262,2,False
23/071933,2,False
230719330,2,False
01/326961,2,False
00/392744,2,False
01/489816,2,False
23/175696,2,False
00/14255,2,False
01/1254566,2,False
09/29537,2,False
03/186378,2,False
00/1452200,2,False
01/1257932,2,False
01/1458796,2,False
22/73974,2,False
23190507,2,False
01/435474,2,False
01/43474,2,False
14/142416,2,False
09/184749,2,False
09/146086,2,False
18/26733,2,False
21/8468,2,False
13/000272,2,False
08/6765,2,False
01/281101,2,False
01/753970,2,False
24/111978,2,False
12/27641,2,False
07/94132,2,False
23/74588,2,False
01/47346,2,False
01/300001,2,False
01/30001,2,False
01300001,2,False
02/256525,2,False
01/331727,2,False
01/345592,2,False
11/12849,2,False
03/94388,2,False
24/156543,2,False
09/4360000,2,False
24/144502,2,False
24/44884,2,False
01/353140,2,False
13/034675,2,False
01/252744,2,False
15/18712,2,False
15/65297,2,False
08/10382,2,False
01/029125,2,False
01/4429,2,False
14/25649,2,False
12/35116,2,False
01/415180,2,False
24/68169,2,False
14 112112,2,False
01/1104,2,False
11/105969,2,False
02/145044,2,False
14/435883,2,False
22/89460,2,False
01/101113,2,False
17/4370,2,False
02/104417,2,False
01/181194,2,False
23/40587,2,False
14/100848,2,False
17/00887,2,False
09/195813,2,False
24/83586,2,False
09/157756,2,False
22/80802,2,False
09/38063,2,False
17/12449,2,False
09/136662,2,False
09/47225,2,False
0402036164,2,False
07/125002,2,False
07/49712,2,False
22/0007474,2,False
01/123832,2,False
17/27752,2,False
09/43016,2,False
09/79705,2,False
24/159642,2,False
17/304116,2,False
1730416,2,False
0126574,2,False
24/50902,2,False
23/200915,2,False
10/79241,2,False
23/154065,2,False
00/75949,2,False
01/480920,2,False
01/560675,2,False
22/82166,2,False
24/155720,2,False
22/172592,2,False
01/402475,2,False
01/279444,2,False
07/135691,2,False
01/523035,2,False
01/744406,2,False
23/130667,2,False
24/109544,2,False
15/093760,2,False
02/209268,2,False
01/270964,2,False
23/219062,2,False
23/58392,2,False
01/500894,2,False
15/23614,2,False
09/237299,2,False
17/26775,2,False
01/ 487050,2,False
15/74981,2,False
07/62417,2,False
14/152043,2,False
23/134798,2,False
23/81738,2,False
22/090127,2,False
08/1079,2,False
01/330810,2,False
5 2315243,2,False
09/129064,2,False
15/4691,2,False
02/154825,2,False
01/167358,2,False
01/342547,2,False
24/40187,2,False
01/5420,2,False
00/84915,2,False
05/41615,2,False
00/4551125,2,False
09/59425,2,False
1415778,2,False
23/1188123,2,False
22/121812,2,False
11121812,2,False
22/54023,2,False
23/52949,2,False
10/44341,2,False
01/178682,2,False
01/178652,2,False
14/14423,2,False
02/61476,2,False
12/56050,2,False
12/47780,2,False
01/364139,2,False
01/124589,2,False
01/343570,2,False
17/6281,2,False
07/26751,2,False
03/047555,2,False
23148933,2,False
00/221454,2,False
02/150979,2,False
00/2733514,2,False
21/42667,2,False
22/72644,2,False
23/48514,2,False
23/51117,2,False
09/158823,2,False
02/102548,2,False
14/71215,2,False
23/137020,2,False
24/15579,2,False
01463724,2,False
01/497208,2,False
14/63420,2,False
23/122442,2,False
02/103345,2,False
00/22222,2,False
15/102179,2,False
02/135606,2,False
09/120373,2,False
15/14624,2,False
11/2524,2,False
11/50147,2,False
01/264616,2,False
24/32066,2,False
01/370975,2,False
15/4444,2,False
01/405827,2,False
01/40527,2,False
23/208099,2,False
23/53694,2,False
07/15958,2,False
22/97020,2,False
22/060945,2,False
23/15664,2,False
23/199657,2,False
08/49581,2,False
23/177308,2,False
0412941005,2,False
23/37358,2,False
18AY25650,2,False
01/429951,2,False
12/71836,2,False
22AY54080,2,False
09/192969,2,False
01/75654,2,False
19/16536,2,False
03/37512,2,False
00/411665,2,False
03/134275,2,False
02/245583,2,False
10/36322,2,False
02/26286,2,False
17/44689,2,False
11/18766,2,False
21/27287,2,False
01/375046,2,False
01/159558,2,False
08/6219,2,False
04/81681,2,False
01/497693,2,False
01/86448,2,False
00/390510,2,False
01/0000012,2,False
0112354687,2,False
22/26692,2,False
22/105492,2,False
08/14528,2,False
08/25436,2,False
09/126358,2,False
08/452136,2,False
00/412049,2,False
01/383458,2,False
05/53939,2,False
22/254803,2,False
03/166709,2,False
24/31894,2,False
00/417695,2,False
12/15714,2,False
01/250387,2,False
23/154613,2,False
22/124366,2,False
24/19812,2,False
22/77185,2,False
00/252212,2,False
05/28558,2,False
06/26868,2,False
06/8124,2,False
01/409900,2,False
00/433337,2,False
15/027529,2,False
09/151492,2,False
07/96736,2,False
07/114554,2,False
01/333999,2,False
2341413,2,False
13/19596,2,False
07/77830,2,False
09/181977,2,False
01/434833,2,False
01/1245893,2,False
15/754478,2,False
14/86593,2,False
01/191121,2,False
01/426997,2,False
18/8393,2,False
24/119266,2,False
00/476025,2,False
18/23994,2,False
00/389806,2,False
01/27068,2,False
09/83240,2,False
23/23733,2,False
24/82619,2,False
17AA80586,2,False
15/41195,2,False
15/13284,2,False
14/37672,2,False
07/18552,2,False
MI6115313E,2,False
01/98686,2,False
35/2957,2,False
03/198571,2,False
15/9176,2,False
15/009176,2,False
14/06289,2,False
01/289705,2,False
15/447741,2,False
01/219298,2,False
15/60428,2,False
01/206170,2,False
02/194981,2,False
18/17501,2,False
01/123665,2,False
03/55951,2,False
01/502234,2,False
01/107148,2,False
001/167124,2,False
01/377727,2,False
17/56066,2,False
01/12222,2,False
23/88920,2,False
01/253947,2,False
22/65465,2,False
01/332689,2,False
01/449938,2,False
16/22217,2,False
A0041546R,2,False
01/268353,2,False
09/62813,2,False
08/457123,2,False
03/128576,2,False
03128576,2,False
01/421523,2,False
01/366285,2,False
01/301471,2,False
01/215435,2,False
16/0612004,2,False
23/20313,2,False
12/1234,2,False
01/5562,2,False
01/302147,2,False
09/208968,2,False
09/105395,2,False
14/56409,2,False
24/51809,2,False
02/71303,2,False
01/509003,2,False
09/87625,2,False
22/17995,2,False
23/178878,2,False
13/36501,2,False
24/60070,2,False
23/143254,2,False
24/10509,2,False
14/143093,2,False
09/165889,2,False
09/155880,2,False
00/455205,2,False
09/90432,2,False
22/107830,2,False
14/162712,2,False
00/454444,2,False
23/135396,2,False
23/182842,2,False
24/96441,2,False
15/45892,2,False
12/32696,2,False
24/54355,2,False
04/60619,2,False
01/401986,2,False
01/299315,2,False
17/4590,2,False
06/3628,2,False
1499308,2,False
02/985624,2,False
22/80888,2,False
22/15289,2,False
08/63929,2,False
14/56492,2,False
01/405534,2,False
00/359272,2,False
15/87150,2,False
15/19875,2,False
03/37988,2,False
16/45716,2,False
21/26593,2,False
77/0613312,2,False
04/36472,2,False
00/461254,2,False
15/1236,2,False
17/30758,2,False
23/38602,2,False
09/109888,2,False
03/56071,2,False
09/118159,2,False
04/84451,2,False
15/24584,2,False
09/236598,2,False
07/17610,2,False
01/131419,2,False
07/50345,2,False
09/144298,2,False
08/94567,2,False
24/41890,2,False
24/262443,2,False
07/8020,2,False
07/19302,2,False
09/8148,2,False
17/11459,2,False
01/481988,2,False
01/360053,2,False
09/061338,2,False
05422376,2,False
24/84262,2,False
01/81004,2,False
01/323477,2,False
15/778889,2,False
01/367342,2,False
03/4152524,2,False
01/265770,2,False
0322359,2,False
07/014240,2,False
07/14240,2,False
17/40464,2,False
24/2204,2,False
15/94973,2,False
23/47271,2,False
03/140122,2,False
01/210825,2,False
01/423851,2,False
03/76254,2,False
14/64165,2,False
17/43914,2,False
09/91225,2,False
01/22978,2,False
22/78731,2,False
23/130928,2,False
23/2013,2,False
07/37004,2,False
22/119106,2,False
00/422802,2,False
23/91361,2,False
15/25965,2,False
01/391442,2,False
09/220064,2,False
24/7603,2,False
06/21943,2,False
23/108339,2,False
24/38864,2,False
16/46680,2,False
17/40552,2,False
17/50157,2,False
02/154320,2,False
10/102054,2,False
07/136054,2,False
14/39811,2,False
05/34642,2,False
18/17650,2,False
09/5872,2,False
24/51273,2,False
01/480584,2,False
02/089766,2,False
01/124557,2,False
19/26228,2,False
01/77031,2,False
1748710,2,False
01/431121,2,False
01/302374,2,False
10/50160,2,False
00/325064,2,False
22/1699898,2,False
09/102332,2,False
23/102530,2,False
01/373834,2,False
01/328691,2,False
22/63411,2,False
22/03411,2,False
14/186097,2,False
22/75258,2,False
00/111000,2,False
02/223442,2,False
02/101063,2,False
01/287707,2,False
23/8277,2,False
50059994,2,False
23/223391,2,False
2368081,2,False
01/24577,2,False
01/592510,2,False
22103159,2,False
22/103159,2,False
03/103442,2,False
01/548483,2,False
23/187762,2,False
01/191999,2,False
01/474600,2,False
24/25859,2,False
03/201987,2,False
21/16784,2,False
24/13578,2,False
23/131824,2,False
01/432194,2,False
08/18645,2,False
00/285192,2,False
02/437650,2,False
14/68284,2,False
01/213286,2,False
14/ 000000,2,False
01/117778,2,False
07/117586,2,False
23/5383,2,False
01/1627,2,False
08/51230,2,False
14/99381,2,False
17/13561,2,False
08131284,2,False
01/489616,2,False
04/111568,2,False
01/436950,2,False
01/510515,2,False
04/87120,2,False
13/3221,2,False
00/265838,2,False
16/73715,2,False
01/150068,2,False
010101200,2,False
20/43972,2,False
17/1728,2,False
07/48934,2,False
09/38684,2,False
22/84361,2,False
01/159188,2,False
21/21326,2,False
14113725,2,False
07/010101,2,False
14/0014,2,False
01/36223,2,False
21/16859,2,False
01/379586,2,False
16/82407,2,False
04/26092,2,False
15/38056,2,False
21/21795,2,False
01/113103,2,False
03/94703,2,False
03/14079,2,False
24/79145,2,False
14/202711,2,False
01/515540,2,False
24/33192,2,False
01/472592,2,False
01/264465,2,False
24/124976,2,False
22/8575,2,False
1365620636,2,False
01/16974,2,False
23/151483,2,False
22/11106,2,False
09/196586,2,False
04/05054,2,False
2283625,2,False
0101202025,2,False
17/44112,2,False
22/76609,2,False
23/18074,2,False
23/109756,2,False
03/164123,2,False
23/62145,2,False
24/0450,2,False
01/231175,2,False
02/246442,2,False
03/204483,2,False
03/73218,2,False
03/150302,2,False
22/35904,2,False
01/255499,2,False
01/253176,2,False
23/144745,2,False
04/4540,2,False
01/459456,2,False
22/1291376,2,False
01/288390,2,False
12/23218,2,False
14/147237,2,False
22/101806,2,False
01/512304,2,False
01/523464,2,False
200000000,2,False
04/97506,2,False
02/188457,2,False
02103986,2,False
24/511000,2,False
09/160609,2,False
09/73370,2,False
01/161504,2,False
01/252921,2,False
01/494742,2,False
09/138528,2,False
00/474488,2,False
16/51826,2,False
24/28383,2,False
07/71921,2,False
17/4440,2,False
09113646,2,False
01/493041,2,False
15/42896,2,False
09/161730,2,False
15/11457,2,False
01/326953,2,False
15/40177,2,False
07/1499700,2,False
01/554976,2,False
18N94891K,2,False
22/103178,2,False
00/470334,2,False
2396674,2,False
04/112577,2,False
01/350526,2,False
01/201040,2,False
01/281747,2,False
01/437118,2,False
23/73355,2,False
23/73955,2,False
01/96299,2,False
01/01010,2,False
23/73936,2,False
1412356,2,False
24/138172,2,False
23/181422,2,False
03/206520,2,False
24/42271,2,False
22/173298,2,False
17/31750,2,False
13/26900,2,False
04/61583,2,False
23/56877,2,False
01/493113,2,False
15/97033,2,False
03/150056,2,False
03150056,2,False
01/448942,2,False
17751304,2,False
01/354409,2,False
01/186722,2,False
00/381690,2,False
14/76781,2,False
04/13890,2,False
07/13890,2,False
02/210805,2,False
23/149247,2,False
24/6712,2,False
19/00270,2,False
01/1256371,2,False
12/35985,2,False
15/56297,2,False
19/21864,2,False
24/72799,2,False
24/ 8608,2,False
03/111511,2,False
03/185655,2,False
09/12466,2,False
01/509440,2,False
23/25592,2,False
01449170,2,False
23/25512,2,False
02/262328,2,False
02/124940,2,False
07/167776,2,False
01/165410,2,False
00372985,2,False
00/293940,2,False
02/73676,2,False
15/0444,2,False
15/52048,2,False
21/45481,2,False
23/177466,2,False
03/96024,2,False
24/34768,2,False
24/32289,2,False
23/78282,2,False
22/79719,2,False
17/66823,2,False
08/87952,2,False
01/185294,2,False
23/93592,2,False
2393592,2,False
2322737,2,False
01/4122590,2,False
01/285384,2,False
01/308988,2,False
01/305832,2,False
00/446749,2,False
02/27555,2,False
02/108089,2,False
02/127555,2,False
01/124974,2,False
23/86170,2,False
05300362,2,False
23/210512,2,False
00/995153,2,False
24/64629,2,False
24/125000,2,False
** ******,2,False
04/128320,2,False
03/130726,2,False
01/313508,2,False
01/287345,2,False
24/156040,2,False
01/135255,2,False
09/18579,2,False
01/324966,2,False
04/03751,2,False
01/26334,2,False
23/172442,2,False
02/129507,2,False
10/61504,2,False
01/311869,2,False
02/29877,2,False
24/97439,2,False
02/44833,2,False
00/393775,2,False
00/393776,2,False
23/94683,2,False
23/201339,2,False
14/64921,2,False
23/84189,2,False
01/154685,2,False
09/67437,2,False
07/112702,2,False
00/144765,2,False
01/363936,2,False
0124555,2,False
02/212387,2,False
03/98322,2,False
01/652310,2,False
3/65241,2,False
09/178983,2,False
15/36720,2,False
01/50138,2,False
02/189256,2,False
00/381190,2,False
01/394781,2,False
00/173124,2,False
23/179313,2,False
03/64122,2,False
01/281770,2,False
13/55437,2,False
24/116685,2,False
11/2222222,2,False
00/331567,2,False
15/21273,2,False
21/010496,2,False
15/77899,2,False
01/127333,2,False
01/284969,2,False
02/60339,2,False
03/85883,2,False
01/358461,2,False
01/152905,2,False
23/8434,2,False
14/59862,2,False
08/15412,2,False
24/22898,2,False
2468589,2,False
00/424770,2,False
01/2536251,2,False
09/60444,2,False
17/60875,2,False
10/03687,2,False
01/299405,2,False
05/38105,2,False
01/448879,2,False
15/76674,2,False
05/53619,2,False
001/000,2,False
22/131875,2,False
01/01011,2,False
01/430910,2,False
01/367530,2,False
15/93038,2,False
09/84499,2,False
23/209900,2,False
08/45711,2,False
01/516861,2,False
02/259604,2,False
23/155471,2,False
23/179183,2,False
11/10000,2,False
09/242388,2,False
15/5475,2,False
22/164723,2,False
23/164723,2,False
04/21195,2,False
21/11105,2,False
09/113438,2,False
04/62366,2,False
24/118777,2,False
09/60867,2,False
24/120110,2,False
09/8529,2,False
05/47522,2,False
02/104250,2,False
10/32308,2,False
14150970,2,False
23/11092,2,False
01/454520,2,False
7902751203,2,False
01/407842,2,False
23/79413,2,False
05/16961,2,False
01/122222,2,False
14/30211,2,False
14/53480,2,False
14/49214,2,False
00/357315,2,False
ABDI KAIES,2,False
01/289840,2,False
17/60509,2,False
05/98608,2,False
01/68457,2,False
01/5862,2,False
07/17629,2,False
09/95150,2,False
01/431528,2,False
01/483950,2,False
17/1973,2,False
17/45049,2,False
01/463395,2,False
02/193630,2,False
00/274605,2,False
00/451947,2,False
22/46225,2,False
01/446570,2,False
14/43321,2,False
16/31752,2,False
03/39979,2,False
22/133849,2,False
23/184440,2,False
24/72956,2,False
00/268281,2,False
00/1454511,2,False
2052020002,2,False
09/17889,2,False
09/106894,2,False
00/368910,2,False
03/87125,2,False
17/35479,2,False
15/16226,2,False
01/501587,2,False
23AE34586,2,False
24/33898,2,False
29/184197,2,False
24/68485,2,False
23/188894,2,False
23/126931,2,False
03/52126,2,False
24/107332,2,False
24/48513,2,False
01/405353,2,False
02/87552,2,False
04/79881,2,False
02/145897,2,False
01/197743,2,False
10/25059,2,False
23/37724,2,False
STATIONNEM,2,False
09153241,2,False
09/55843,2,False
01/132154,2,False
00/154252,2,False
24/78229,2,False
07/122848,2,False
03/071036,2,False
11/000000,2,False
7903751211,2,False
02/344625,2,False
03/62261,2,False
01/299429,2,False
00/285570,2,False
23/189973,2,False
0142568,2,False
01/358168,2,False
03/9139,2,False
024/414,2,False
01/209328,2,False
07/94846,2,False
23/84577,2,False
23245972,2,False
19/5571,2,False
09/176765,2,False
22/32173,2,False
14/78850,2,False
22/64879,2,False
01/281083,2,False
09/93532,2,False
09/102233,2,False
21/33112,2,False
01/1452453,2,False
24/146125,2,False
01/385147,2,False
08/27482,2,False
04/94590,2,False
09/143858,2,False
23/167395,2,False
24/16046,2,False
02/248034,2,False
22/76806,2,False
05/315335,2,False
01416402,2,False
01/339132,2,False
00/262695,2,False
08/80006,2,False
02/57516,2,False
15/34661,2,False
03/208389,2,False
02/33496,2,False
09/125594,2,False
17/18844,2,False
02/152490,2,False
01/1254785,2,False
09/86927,2,False
09/36424,2,False
01/22235,2,False
18/9253,2,False
01/108107,2,False
01/64444,2,False
01/354613,2,False
01/01222,2,False
09/94252,2,False
00/267966,2,False
24/25971,2,False
22/134025,2,False
15/77884,2,False
09/63178,2,False
14/130582,2,False
15/55688,2,False
01/362452,2,False
01/382069,2,False
00/146491,2,False
10/27025,2,False
23/183903,2,False
00/451251,2,False
09/198697,2,False
08/0000,2,False
22/54528,2,False
17/19553,2,False
15/36635,2,False
04/76239,2,False
21/14410,2,False
01/508834,2,False
03/42462,2,False
02/51239,2,False
T05911354B,2,False
24/87956,2,False
03/16708,2,False
24/96866,2,False
02/101685,2,False
01/337107,2,False
00/1452544,2,False
23/33872,2,False
01/43322,2,False
04/82055,2,False
08/82521,2,False
14/121419,2,False
09/32172,2,False
00/2222222,2,False
01/147859,2,False
15/35535,2,False
12/42511,2,False
22/185299,2,False
09/242642,2,False
08/69571,2,False
08/76018,2,False
03/170422,2,False
22/29904,2,False
01/260707,2,False
04/137338,2,False
01/407465,2,False
09/13799,2,False
19AA85906,2,False
24/80029,2,False
01/520361,2,False
02/163879,2,False
03/61057,2,False
05/57791,2,False
05/85975,2,False
23/218989,2,False
15AW32857,2,False
15/69011,2,False
15/778899,2,False
17/9126,2,False
01/87516,2,False
15/57718,2,False
01/39677,2,False
15/55478,2,False
09/207656,2,False
22/103364,2,False
22/53825,2,False
08/32450,2,False
00/291998,2,False
07/15789,2,False
24/106641,2,False
000 00000,2,False
24/139751,2,False
018/56324,2,False
24/03989,2,False
01/414430,2,False
09/023565,2,False
03/120021,2,False
14/2569,2,False
03/131789,2,False
01/339205,2,False
01/291653,2,False
02/2021,2,False
09/16794,2,False
02/213851,2,False
01/288074,2,False
03/193939,2,False
09/106555,2,False
08/31006,2,False
00/313698,2,False
02/196908,2,False
02/224705,2,False
31249910,2,False
22/85772,2,False
02/279356,2,False
01/69379,2,False
04/137627,2,False
02/15831,2,False
01/304181,2,False
22/110371,2,False
24/100764,2,False
10/58554,2,False
15/26924,2,False
08/45812,2,False
23/100561,2,False
02/133938,2,False
00/479158,2,False
23/138744,2,False
03/12568,2,False
01/73693,2,False
01/150131,2,False
23/60134,2,False
01/430861,2,False
16AB79625,2,False
28252040,2,False
23/26812,2,False
5AU82262,2,False
01/46795,2,False
23/188142,2,False
U19H27494W,2,False
01/267227,2,False
02/307277,2,False
01/393805,2,False
03/218417,2,False
04/57789,2,False
L22224110,2,False
22/41472,2,False
24/61847,2,False
11/12121,2,False
24/121919,2,False
01/255191,2,False
22/40295,2,False
01/329569,2,False
09/86409,2,False
23/141786,2,False
01/352134,2,False
00265558,2,False
07/115367,2,False
14/62830,2,False
03/37298,2,False
03/116079,2,False
23/142828,2,False
13/40420,2,False
22/6485,2,False
00/368670,2,False
09/196582,2,False
03/90798,2,False
24/62668,2,False
01/193921,2,False
00/0125253,2,False
T415521,2,False
01/08032,2,False
920569101,2,False
1900639682,2,False
21AH95356,2,False
01/275522,2,False
01/99056,2,False
27392400,2,False
1713320,2,False
751659584,2,False
04/117874,2,False
14/162226,2,False
Y702374A,2,False
8311381113,2,False
U12834453V,2,False
23AF58326,2,False
1212191776,2,False
9882023433,2,False
INT298137,2,False
04/61924,2,False
C900421696,2,False
01/505680,2,False
18AM39034,2,False
9903133005,2,False
0053/48080,2,False
01/454137,2,False
2911103010,2,False
01/338320,2,False
U166M55324,2,False
07/110358,2,False
18807198/C,2,False
01/248504,2,False
21/25438,2,False
150060699,2,False
21/23287,2,False
02/170575,2,False
10/25370,2,False
00/339859,2,False
01/458796,2,False
23/177034,2,False
01/123572,2,False
01/489592,2,False
23/139221,2,False
01/510329,2,False
14/139169,2,False
01/248626,2,False
01/502998,2,False
01/285130,2,False
23/215884,2,False
00/125478,2,False
12/66495,2,False
08/30857,2,False
00/399732,2,False
08/35368,2,False
23/188026,2,False
05/57966,2,False
01/1478553,2,False
01/36974,2,False
01/28360,2,False
02/214953,2,False
01/84261,2,False
24/74178,2,False
18/15421,2,False
09/148934,2,False
01/292903,2,False
24/108856,2,False
23/94809,2,False
23/16697,2,False
22/105993,2,False
04/37920,2,False
22/4421,2,False
24/31029,2,False
14/168596,2,False
00/0231522,2,False
09/132818,2,False
23/13288,2,False
01/35465,2,False
09/84969,2,False
02/93119,2,False
02/318805,2,False
21/21312,2,False
02/86612,2,False
14/51981,2,False
24/156810,2,False
01346537,2,False
24/65241,2,False
14/53281,2,False
08/69286,2,False
23/123859,2,False
17/17092,2,False
54/1254665,2,False
14/51484,2,False
17/15738,2,False
00/314084,2,False
01/120855,2,False
08/0291200,2,False
01/260779,2,False
00/354331,2,False
01/281803,2,False
17/34207,2,False
23115024,2,False
18/27718,2,False
07/42090,2,False
22/47688,2,False
17/15975,2,False
22/11169,2,False
02/111439,2,False
07/19852,2,False
14/55693,2,False
01/375324,2,False
22/60492,2,False
01547015,2,False
02/114908,2,False
03/217868,2,False
09182790,2,False
14/74946,2,False
23/4279,2,False
01/1234579,2,False
00/377571,2,False
23/81589,2,False
0830596,2,False
24/44039,2,False
24113201,2,False
09/139335,2,False
03/64371,2,False
02/246255,2,False
01/ 0000,2,False
15/11544,2,False
12/1360,2,False
24/27265,2,False
24/35281,2,False
24/72097,2,False
24/72087,2,False
01/250348,2,False
01/156354,2,False
02/58093,2,False
01/0102051,2,False
2380849,2,False
01/362004,2,False
22/199574,2,False
20/9417,2,False
23/21783,2,False
01/248712,2,False
0944010,2,False
09/44010,2,False
01/60301,2,False
23/186737,2,False
01/2223,2,False
02/98106,2,False
23/104973,2,False
01/419704,2,False
14/111111,2,False
14/184988,2,False
14/00003,2,False
06/4578,2,False
09/175018,2,False
21/17861,2,False
12/19472,2,False
00369346,2,False
03122186,2,False
01/13567,2,False
01347189,2,False
15/7843,2,False
05127378,2,False
23/189517,2,False
15/70448,2,False
22/11691,2,False
09/206133,2,False
01/96125,2,False
24/40100,2,False
24/117118,2,False
16/45526,2,False
11/30625,2,False
05/54039,2,False
02/196136,2,False
01/329863,2,False
24/131225,2,False
01/410967,2,False
01/503316,2,False
16/90821,2,False
23/95356,2,False
14/25942,2,False
02/234013,2,False
16/90175,2,False
02/302403,2,False
01/422825,2,False
02/276285,2,False
02/269130,2,False
21/6020,2,False
21/06020,2,False
24/154672,2,False
00/00002,2,False
01542163,2,False
08/85116,2,False
21/00771,2,False
09/77689,2,False
24/140703,2,False
01/350853,2,False
21/2253,2,False
23/92731,2,False
09/84901,2,False
17/33298,2,False
00/342594,2,False
23/164113,2,False
00/324649,2,False
1010000,2,False
02/339192,2,False
05/57708,2,False
01/295241,2,False
31052025,2,False
08/45029,2,False
23/121143,2,False
22/124136,2,False
08/58540,2,False
09/204496,2,False
09/102038,2,False
02/53682,2,False
01/72647,2,False
23/195257,2,False
23/191933,2,False
18433634,2,False
07/71561,2,False
07/57798,2,False
21/41894,2,False
00213736,2,False
00/215736,2,False
17/3485,2,False
15/27964,2,False
01/274364,2,False
23/11313,2,False
15/285621,2,False
23136856,2,False
01/198673,2,False
01/387417,2,False
12/54175,2,False
23/114120,2,False
22/750260,2,False
15/26189,2,False
24/19585,2,False
02/81912,2,False
18/7545,2,False
23/84238,2,False
2347461,2,False
04/27698,2,False
06/6319,2,False
24/111074,2,False
01/254658,2,False
02/84520,2,False
22/129820,2,False
24/68611,2,False
00/444658,2,False
02/222732,2,False
10/12356,2,False
01/300162,2,False
00/333361,2,False
09/14987,2,False
23191562,2,False
01/1425893,2,False
01/151097,2,False
01/208742,2,False
23/26319,2,False
01/278484,2,False
01/58298,2,False
07/1125,2,False
03/42825,2,False
17/5593,2,False
00/250867,2,False
16/27064,2,False
07/126554,2,False
15/2198,2,False
01/191343,2,False
14/143101,2,False
24/19481,2,False
18/51702,2,False
23/65071,2,False
23111982,2,False
1612249,2,False
14/58218,2,False
18/3378,2,False
09/111111,2,False
09/61599,2,False
24/68113,2,False
02/146979,2,False
05/53387,2,False
05/392760,2,False
02/261881,2,False
01/301132,2,False
21/9848,2,False
23/151290,2,False
01/161014,2,False
03/105701,2,False
21/25434,2,False
22/50671,2,False
03/125751,2,False
09/206585,2,False
01/466675,2,False
23/10899,2,False
14/24146,2,False
00/367044,2,False
06/019337,2,False
01/506418,2,False
01/226616,2,False
23/217670,2,False
23/253597,2,False
14/77498,2,False
23/3468,2,False
22/37009,2,False
01/366325,2,False
17/33038,2,False
02/163417,2,False
01/279654,2,False
03/181793,2,False
22/86441,2,False
11/70266,2,False
17/44940,2,False
22052022,2,False
96/0983201,2,False
1814034162,2,False
03/221149,2,False
06/12438,2,False
17/38587,2,False
03/237323,2,False
0080090210,2,False
05/987456,2,False
00/435200,2,False
01/15109,2,False
19/34172,2,False
22/133066,2,False
00372994,2,False
24/52038,2,False
09/167979,2,False
22/70005,2,False
16/99118,2,False
23/20800,2,False
01/450894,2,False
01/507539,2,False
24/143581,2,False
15/8794,2,False
00/260228,2,False
01/304530,2,False
01/517258,2,False
24/15931,2,False
01/229678,2,False
03/276836,2,False
10/32158,2,False
17/0919,2,False
09/194147,2,False
22/59310,2,False
01/172217,2,False
01/537200,2,False
24/112896,2,False
01/8519988,2,False
01/741640,2,False
12/1548655,2,False
19/19495,2,False
01/11435,2,False
24/65913,2,False
01/443843,2,False
15/83586,2,False
08/25260,2,False
08/7671,2,False
21/47525,2,False
01/461886,2,False
0188809,2,False
01/377243,2,False
01/377343,2,False
01/529897,2,False
01/503907,2,False
22/67049,2,False
22167049,2,False
15/145865,2,False
02/146716,2,False
01/384943,2,False
10/79529,2,False
01/357097,2,False
01/182853,2,False
07/82886,2,False
02/59556,2,False
03/78693,2,False
00/394442,2,False
09/108310,2,False
01/213656,2,False
00/448107,2,False
17/29214,2,False
08/0416689,2,False
15/92823,2,False
00/457857,2,False
01/332788,2,False
02/175217,2,False
19/22059,2,False
01/285229,2,False
01/2113,2,False
01/322347,2,False
23/163670,2,False
22/13800,2,False
22/76175,2,False
08/21427,2,False
01/293521,2,False
16/31378,2,False
10/54984,2,False
2438054,2,False
2442297,2,False
23/106012,2,False
02/120442,2,False
01/554025,2,False
01/495897,2,False
0/219485,2,False
01/428573,2,False
08/451123,2,False
03/171923,2,False
23/171923,2,False
02/269970,2,False
05/77661,2,False
15/59507,2,False
01/417043,2,False
03/56383,2,False
03/170166,2,False
05/86341,2,False
24/96723,2,False
00181102,2,False
23/150451,2,False
22/87361,2,False
21/13501,2,False
00/445950,2,False
17/52222,2,False
08/32002,2,False
23114607,2,False
01/89910,2,False
22/11230,2,False
01/85114,2,False
01/436503,2,False
04/94387,2,False
01/452198,2,False
10/00021,2,False
09/2541,2,False
22123659,2,False
22/63348,2,False
2475714,2,False
12/11332,2,False
09/61442,2,False
01/324358,2,False
01/352764,2,False
23/9012,2,False
23/93290,2,False
15/28711,2,False
04/59995,2,False
23/23342,2,False
01/359570,2,False
01/393595,2,False
01/731736,2,False
15/023369,2,False
14/148374,2,False
01/5832,2,False
23/205486,2,False
23/136205,2,False
23/14936,2,False
04/88519,2,False
08/9864,2,False
15/8028,2,False
19/14101,2,False
02/30463,2,False
12/36427,2,False
09/13372,2,False
0913372,2,False
23/83707,2,False
18/6213,2,False
23/149768,2,False
07/17444,2,False
01/401687,2,False
05/15264,2,False
12/16264,2,False
23102715,2,False
01/21466,2,False
01/496781,2,False
23 173946,2,False
23/106214,2,False
03/176583,2,False
02/234967,2,False
02/208176,2,False
04/188530,2,False
08/836439,2,False
04/69311,2,False
2457429,2,False
23/51381,2,False
01/228260,2,False
02/236912,2,False
09/61195,2,False
23/129147,2,False
15/45125,2,False
07/147850,2,False
15/49351,2,False
04/109209,2,False
09/4311,2,False
03/128589,2,False
01/47502,2,False
09/212880,2,False
01/495499,2,False
02/65609,2,False
01/269869,2,False
01/319557,2,False
17/45456,2,False
07/113579,2,False
14/6328,2,False
23/192311,2,False
03/38671,2,False
02/0101010,2,False
01/472082,2,False
03/214180,2,False
23/85091,2,False
23/230212,2,False
01/603228,2,False
01/906802,2,False
02/120642,2,False
01/146036,2,False
27/72747,2,False
22/73747,2,False
02/200208,2,False
23/73924,2,False
03037052,2,False
04/78948,2,False
23/208024,2,False
21/27128,2,False
21/007839,2,False
01/40846,2,False
01/6578,2,False
24/43389,2,False
19/14232,2,False
11/62454,2,False
00/420164,2,False
15/45775,2,False
23/100213,2,False
01/1011111,2,False
18/258823,2,False
23/10353,2,False
00/436424,2,False
01/432903,2,False
23/6137,2,False
12/60063,2,False
22/168582,2,False
00/436205,2,False
14/8956451,2,False
00/384780,2,False
01244093,2,False
09/141394,2,False
AG0714879,2,False
02/39926,2,False
03137968,2,False
00/294632,2,False
14/156168,2,False
22/51493,2,False
15/15234,2,False
04/82483,2,False
23/127966,2,False
00/372442,2,False
04/83930,2,False
15/63216,2,False
21/13911,2,False
07/25222,2,False
16/76235,2,False
03/140437,2,False
19/33050,2,False
119/3305,2,False
17/4734,2,False
01/381192,2,False
24/102183,2,False
17/42713,2,False
09/79996,2,False
14/58740,2,False
01/456964,2,False
00/426409,2,False
03/44343,2,False
01/372170,2,False
23/97232,2,False
17/21019,2,False
23/184456,2,False
00/405045,2,False
01/302758,2,False
09/141713,2,False
01/377785,2,False
03/37898,2,False
00/11411,2,False
24/22222,2,False
24/108256,2,False
22/56121,2,False
01313836,2,False
00/240608,2,False
03/98463,2,False
01/345941,2,False
10/110110,2,False
01/339980,2,False
21/10822,2,False
15/52939,2,False
14/985642,2,False
02/100369,2,False
12/68060,2,False
23/72668,2,False
15/147755,2,False
02/266640,2,False
15/127204,2,False
10/30728,2,False
00466273,2,False
22/72311,2,False
11/29633,2,False
11/029633,2,False
23/89266,2,False
24/0152586,2,False
24/117391,2,False
09/191102,2,False
2807880018,2,False
24/68747,2,False
02/126342,2,False
09/31785,2,False
09/224072,2,False
03/2598,2,False
18/5209,2,False
09/40836,2,False
02/286469,2,False
15/107854,2,False
21/30182,2,False
02/254642,2,False
15/55464,2,False
08/54211,2,False
01/527351,2,False
22/144183,2,False
09/223927,2,False
01/6906688,2,False
15/015787,2,False
24/54798,2,False
01/207040,2,False
03/205335,2,False
22/59810,2,False
01/402866,2,False
00/326584,2,False
01/181236,2,False
01/397303,2,False
19/5279,2,False
02/25648,2,False
01/145236,2,False
23/89973,2,False
23/089973,2,False
09/133654,2,False
01/169217,2,False
09/5144,2,False
15/258624,2,False
08/452617,2,False
01/40453,2,False
23/83325,2,False
02/84186,2,False
23/90856,2,False
24/127469,2,False
14/37152,2,False
02/215571,2,False
07/161163,2,False
16/60568,2,False
09/114393,2,False
13/50967,2,False
01/252649,2,False
16/29666,2,False
09/134996,2,False
14AQ35599,2,False
09/241794,2,False
02/1212019,2,False
01/404572,2,False
00/200340,2,False
23/19899,2,False
01/422108,2,False
08/472561,2,False
08/72823,2,False
01/526664,2,False
24/100705,2,False
01/138332,2,False
24/2345678,2,False
17/45679,2,False
23/25319,2,False
22/28637,2,False
15/2389,2,False
15/12356,2,False
15/02523,2,False
00/425598,2,False
12/6996,2,False
01/43688,2,False
00280053,2,False
00/000003,2,False
15/139493,2,False
15/5487,2,False
01/272482,2,False
22/70400,2,False
09/179230,2,False
23/23171,2,False
14/48520,2,False
09/70418,2,False
07/83196,2,False
09/8093,2,False
21/42828,2,False
08/73554,2,False
09/121167,2,False
09/121165,2,False
00/370641,2,False
19/00175,2,False
24/57496,2,False
01/470288,2,False
15/73389,2,False
23/125473,2,False
04/106350,2,False
08/84262,2,False
22/144164,2,False
15/43875,2,False
09/211107,2,False
16/85624,2,False
15/2426,2,False
15/137949,2,False
21/23698,2,False
01298517,2,False
14/110921,2,False
22/135107,2,False
09/72892,2,False
21/2861,2,False
00/475622,2,False
01/35849,2,False
24/54338,2,False
01/477221,2,False
11/346831,2,False
09/6361,2,False
15/80217,2,False
10/20000,2,False
24/126515,2,False
01/229506,2,False
21/3456,2,False
01 480524,2,False
02/7856,2,False
24/28275,2,False
08/67202,2,False
0571126,2,False
00/168675,2,False
22/59359,2,False
23/114441,2,False
011456123,2,False
15/34022,2,False
23/164156,2,False
22/66280,2,False
03/76725,2,False
01/411908,2,False
00/469029,2,False
01/513422,2,False
01/14427,2,False
01/412211,2,False
11/17368,2,False
1006751013,2,False
07/124259,2,False
22/41481,2,False
09/191566,2,False
02/275607,2,False
07/127369,2,False
04/132722,2,False
01/397731,2,False
01/234115,2,False
02/03122,2,False
01/209892,2,False
21/11153,2,False
2343747,2,False
2371657,2,False
01/122416,2,False
22/89155,2,False
15/13962,2,False
17AE58438,2,False
22/48261,2,False
13/25962,2,False
01/531777,2,False
23/56254,2,False
05/76888,2,False
00/456792,2,False
05/122503,2,False
24/6299,2,False
22/120893,2,False
03/16289,2,False
14/162588,2,False
01/445920,2,False
03/95799,2,False
23/111819,2,False
00/1254895,2,False
07/25773,2,False
01/124521,2,False
24/111150,2,False
02/208617,2,False
2319552,2,False
23/19552,2,False
02/90062,2,False
2413471,2,False
2391678,2,False
01448644,2,False
23/68754,2,False
02/222720,2,False
23/11357,2,False
02/3652100,2,False
19/24929,2,False
03/43008,2,False
0278525,2,False
01125436,2,False
16/26425,2,False
01/326556,2,False
14/173738,2,False
23150115,2,False
01/121619,2,False
57/3207468,2,False
14AV79164,2,False
01/8856,2,False
01/272359,2,False
07/141113,2,False
00/433063,2,False
02/31256,2,False
04/62843,2,False
01/377442,2,False
01/1259540,2,False
01/322126,2,False
43/061473,2,False
01/452662,2,False
21/32831,2,False
23/193274,2,False
17/35249,2,False
23/100737,2,False
23/166515,2,False
14/50696,2,False
03/56759,2,False
03/183785,2,False
24/39442,2,False
05/93021,2,False
22/15588,2,False
17/23031,2,False
02/110574,2,False
15/5689,2,False
23/38494,2,False
2338494,2,False
01/482104,2,False
22/83630,2,False
01509049,2,False
16/45870,2,False
22/18547,2,False
00/003269,2,False
21/6563,2,False
01/108259,2,False
01/412092,2,False
07/73499,2,False
24/127908,2,False
24/56602,2,False
00/331848,2,False
05/331848,2,False
09/41502,2,False
02/276741,2,False
N010378200,2,False
9105784002,2,False
22/65024,2,False
01/149426,2,False
01/253664,2,False
14/163618,2,False
07/159860,2,False
22/93618,2,False
08/73521,2,False
17/24667,2,False
24/8343,2,False
09/109051,2,False
01/109051,2,False
04/102520,2,False
04/135437,2,False
05/38404,2,False
22/92254,2,False
23/159568,2,False
01/390549,2,False
04/102024,2,False
01/263294,2,False
09/176141,2,False
09/178989,2,False
01420857,2,False
08/23114,2,False
22/16679,2,False
01/372435,2,False
06/2010,2,False
23/145422,2,False
09/197399,2,False
12/46673,2,False
01/1500000,2,False
23/121178,2,False
01/97637,2,False
02/106097,2,False
04/117871,2,False
16/21422,2,False
002/8955,2,False
01/214445,2,False
01/490738,2,False
18/007276,2,False
11022021,2,False
01/51883,2,False
01/306294,2,False
01/314628,2,False
01/368142,2,False
16/43094,2,False
24/1274404,2,False
14/112356,2,False
01/149836,2,False
23107171,2,False
02/6839,2,False
06/19997,2,False
03/184135,2,False
01/347167,2,False
02/38504,2,False
03/95827,2,False
17/53349,2,False
14/31955,2,False
03/17882,2,False
02/274485,2,False
22/9890,2,False
24/58043,2,False
04/64923,2,False
04/83187,2,False
24115099,2,False
16/28844,2,False
07/104712,2,False
07104712,2,False
02/224465,2,False
09/232391,2,False
02/232321,2,False
02/181716,2,False
23/160237,2,False
17/41117,2,False
15/58587,2,False
07/23461,2,False
01/323028,2,False
01/373009,2,False
01/7635,2,False
23/122136,2,False
09/152624,2,False
09/0152624,2,False
02/156878,2,False
01/151758,2,False
23/199030,2,False
17/12395,2,False
01/1457869,2,False
00/015855,2,False
01/124186,2,False
07/74127,2,False
01/189069,2,False
01/412334,2,False
03/242362,2,False
22/92093,2,False
54/0205,2,False
13/28221,2,False
24/35502,2,False
21/23644,2,False
05/32270,2,False
08/61597,2,False
23/108950,2,False
12/21120,2,False
15/14016,2,False
15/21396,2,False
02/117345,2,False
15/95097,2,False
04/94866,2,False
15/023669,2,False
01/21214,2,False
04/45742,2,False
01/551187,2,False
23/20879,2,False
00/789781,2,False
17/50825,2,False
06/3989,2,False
01/526692,2,False
17/5010,2,False
01/353206,2,False
22/110949,2,False
14/94826,2,False
03/150690,2,False
04/11457,2,False
01/276993,2,False
01/493654,2,False
02/2220,2,False
22/54529,2,False
23/116110,2,False
01/133269,2,False
01/266010,2,False
14/4562,2,False
03/37756,2,False
01/246846,2,False
00220271,2,False
00/407455,2,False
05/ 35109,2,False
02/112782,2,False
02/305415,2,False
03/86655,2,False
09/108108,2,False
23/94590,2,False
02/149785,2,False
03/22399,2,False
06/48203,2,False
02/95485,2,False
22/84369,2,False
14/116451,2,False
03/181098,2,False
09/59019,2,False
01/202632,2,False
01/0202632,2,False
04/110534,2,False
0382762,2,False
02/162258,2,False
01/92783,2,False
112522B002,2,False
23/275330,2,False
21/10771,2,False
02/179118,2,False
22/70965,2,False
01/77036,2,False
23/204485,2,False
09/94411,2,False
06/5362,2,False
01/2365897,2,False
22/165253,2,False
02/221250,2,False
001405055,2,False
22/143732,2,False
01/26856,2,False
01/350149,2,False
23/57683,2,False
22/29558,2,False
01/400794,2,False
01/359299,2,False
23/84349,2,False
01/197289,2,False
09/89987,2,False
01/20785,2,False
01/357571,2,False
21/11610,2,False
22/108750,2,False
01/112897,2,False
00/461655,2,False
00/351102,2,False
14 113263,2,False
01/317063,2,False
20/25115,2,False
03/104070,2,False
21/42539,2,False
01/161122,2,False
08/40257,2,False
24/66185,2,False
16/92737,2,False
00/237878,2,False
03/109170,2,False
01/365558,2,False
14/127137,2,False
07/232247,2,False
01/425803,2,False
14/36292,2,False
02/147075,2,False
01/0241544,2,False
17/29406,2,False
23/19990,2,False
1436684,2,False
09/124026,2,False
08/23343,2,False
07/154653,2,False
02/168379,2,False
03/111205,2,False
24/126024,2,False
02/207477,2,False
23/84208,2,False
01/18041,2,False
01/219421,2,False
09/132263,2,False
13/37056,2,False
12/2014,2,False
12/67349,2,False
12/64166,2,False
23/209519,2,False
24/125354,2,False
01/52668,2,False
00/418594,2,False
20AB53242,2,False
07/9794,2,False
01/312074,2,False
02/94502,2,False
01/212836,2,False
01/94270,2,False
02/212071,2,False
15/138686,2,False
02/181680,2,False
02/286079,2,False
08/36827,2,False
01/413953,2,False
17/55289,2,False
15/6115,2,False
23/6018,2,False
24/39527,2,False
02/299596,2,False
01/452329,2,False
01/452359,2,False
23/85485,2,False
01/200499,2,False
14/985621,2,False
14/985647,2,False
15 1596,2,False
01/342444,2,False
02/78341,2,False
09/239336,2,False
23/34550,2,False
2444848,2,False
01/139264,2,False
01/369404,2,False
1745487,2,False
14/2658,2,False
14/140117,2,False
24/170552,2,False
01/501107,2,False
01/36224,2,False
09/206081,2,False
02/83519,2,False
02/190243,2,False
00/12125,2,False
03/150076,2,False
03/030313,2,False
24/129104,2,False
04/86548,2,False
24/100045,2,False
24/63933,2,False
24/81169,2,False
14/188186,2,False
15/102029,2,False
18/14259,2,False
23/17118,2,False
24/94831,2,False
14/51803,2,False
23/211898,2,False
03/88729,2,False
14/95647,2,False
010211111,2,False
01/477172,2,False
1760119339,2,False
24/146996,2,False
01/350493,2,False
15/1429,2,False
15/100473,2,False
07144584,2,False
23120599,2,False
23/120599,2,False
02/227665,2,False
23/73774,2,False
00/408918,2,False
23/112767,2,False
01377192,2,False
04/144362,2,False
02/69704,2,False
22/49502,2,False
23/170825,2,False
23/134254,2,False
01/05822,2,False
19/001207,2,False
07/142512,2,False
15/0000001,2,False
22/118587,2,False
15/114751,2,False
01/333310,2,False
03/57165,2,False
03/103693,2,False
15/2153,2,False
15/72049,2,False
00/441829,2,False
30G0406BH8,2,False
01/204806,2,False
22/77488,2,False
09/28365,2,False
13/1259,2,False
02/22599,2,False
03/125870,2,False
21/21646,2,False
14/112234,2,False
17/50500,2,False
23/187070,2,False
01/199667,2,False
01/13646,2,False
14/100552,2,False
17/49854,2,False
23/76449,2,False
04/133339,2,False
15/54744,2,False
23/95271,2,False
01/483239,2,False
09/195594,2,False
24/60137,2,False
03/240327,2,False
02/55668,2,False
17/55921,2,False
24/106492,2,False
04/19226,2,False
16/30234,2,False
23188457,2,False
01/411350,2,False
13112010,2,False
77/1192312,2,False
23/190995,2,False
22/122866,2,False
22/59706,2,False
03/81168,2,False
22/109893,2,False
15/117668,2,False
01/368937,2,False
L04C021841,2,False
02/098063,2,False
15/109256,2,False
02/160844,2,False
04/66234,2,False
0489900,2,False
08/14520,2,False
01/252872,2,False
09/169210,2,False
24/113257,2,False
22/7102,2,False
15/120106,2,False
07/999999,2,False
07/1235,2,False
11/7864,2,False
01/400366,2,False
24/110385,2,False
14/155461,2,False
02/163501,2,False
72/0415578,2,False
09/305546,2,False
09/205546,2,False
08/52603,2,False
09/193382,2,False
001422222,2,False
1/101838,2,False
0749653,2,False
01/253600,2,False
01/33912,2,False
01/513974,2,False
01/360524,2,False
2367047,2,False
02/61516,2,False
24/57975,2,False
22/107623,2,False
21/19663,2,False
17AH66434,2,False
05/44511,2,False
01/12564,2,False
12/51810,2,False
1357973,2,False
01/403496,2,False
16/30243,2,False
22/67090,2,False
0102775010,2,False
01/135558,2,False
17/41773,2,False
03/157982,2,False
03164216,2,False
09/62217,2,False
17AJ39332,2,False
08/67862,2,False
01/350370,2,False
01/232357,2,False
03/221143,2,False
17/21997,2,False
01533238,2,False
23/144090,2,False
00451753,2,False
00/368151,2,False
01/365563,2,False
03/16855,2,False
24/2114,2,False
22/105390,2,False
23/168599,2,False
23191215,2,False
22/62922,2,False
23/125428,2,False
01/364211,2,False
09/50411,2,False
23/3270,2,False
18/1286,2,False
22/72858,2,False
08/13387,2,False
23/31124,2,False
07/133955,2,False
00/428505,2,False
03/174844,2,False
16/31737,2,False
22/76780,2,False
01/217594,2,False
01/323356,2,False
16157605,2,False
0754068,2,False
24/37520,2,False
01/192365,2,False
17/26164,2,False
09/87710,2,False
03/1991,2,False
03/144526,2,False
01/369264,2,False
15/104815,2,False
22/36316,2,False
02/84561,2,False
22/24160,2,False
01/41121,2,False
04/133164,2,False
01/270581,2,False
01/536990,2,False
00/243321,2,False
21/8460,2,False
U120U6221F,2,False
02/097116,2,False
09/16379,2,False
19/006358,2,False
01/87959,2,False
01/112546,2,False
01/288464,2,False
01/62497,2,False
01/539256,2,False
22/141934,2,False
04/48958,2,False
04/48968,2,False
23/2201165,2,False
23/153328,2,False
08/85479,2,False
09/157914,2,False
09/75143,2,False
23/81194,2,False
02/210152,2,False
08/61172,2,False
03/62727,2,False
02/272888,2,False
03/115557,2,False
14AH35467,2,False
21/17808,2,False
09/85927,2,False
03/95399,2,False
01/384735,2,False
02/283579,2,False
02/103765,2,False
24/90924,2,False
24/90994,2,False
01/235964,2,False
15/45258,2,False
23/62329,2,False
01/241179,2,False
01/277139,2,False
23/70119,2,False
15/27843,2,False
23/176863,2,False
19/18196,2,False
14/47620,2,False
15/92275,2,False
16/85010,2,False
01/224770,2,False
01/362381,2,False
04/103412,2,False
24/92027,2,False
08/024496,2,False
03/6767,2,False
01/8652100,2,False
00335752,2,False
22/35133,2,False
22/ 35133,2,False
12/36695,2,False
24/6924,2,False
01/044105,2,False
01/427630,2,False
01/54996,2,False
22/121176,2,False
02/9874,2,False
04/57085,2,False
23/127284,2,False
23/180483,2,False
04/143776,2,False
24/67111,2,False
23/125844,2,False
14/99092,2,False
11/46883,2,False
23/93889,2,False
01/198900,2,False
01/87219,2,False
01/290891,2,False
24/63431,2,False
01/219501,2,False
00/347728,2,False
14/123047,2,False
02/228852,2,False
21/ 055061,2,False
23/70855,2,False
15/34946,2,False
09/157502,2,False
15/8458,2,False
22/008983,2,False
01/514934,2,False
14/21894,2,False
23/259839,2,False
03/199833,2,False
01/87226,2,False
10/68558,2,False
09109888,2,False
08/13201,2,False
08/50216,2,False
00/251875,2,False
01/3659874,2,False
17/12377,2,False
14/00111,2,False
09/150483,2,False
01/387721,2,False
01506851,2,False
01/59528,2,False
01/256339,2,False
01/373512,2,False
22/157423,2,False
22/13161,2,False
01/78965,2,False
17/32998,2,False
01/305439,2,False
03/100832,2,False
14/46061,2,False
01/101068,2,False
24/25710,2,False
14/21432,2,False
17/45430,2,False
14/116390,2,False
01/335112,2,False
02/168030,2,False
01/444845,2,False
01/323514,2,False
01/478620,2,False
09/242503,2,False
23/11612,2,False
00/345798,2,False
15/44558,2,False
15/3044,2,False
09/67496,2,False
09/164714,2,False
02/66130,2,False
17/31183,2,False
00/220218,2,False
01/9900,2,False
01/424595,2,False
UD5364641J,2,False
21/014209,2,False
12/37986,2,False
12/10754,2,False
01/507139,2,False
00/331119,2,False
02/2098,2,False
15/43251,2,False
22/10824,2,False
01/61781,2,False
00/300430,2,False
09/168250,2,False
23/29128,2,False
22/9524,2,False
02/66136,2,False
00/385752,2,False
23/224817,2,False
15/47573,2,False
02/287211,2,False
03/158255,2,False
01/282066,2,False
00/329174,2,False
01/358761,2,False
15/4875,2,False
02/25936,2,False
01/220373,2,False
23/215963,2,False
04/108805,2,False
02/167632,2,False
13/3029,2,False
09/73785,2,False
23/126431,2,False
04/76448,2,False
01/285909,2,False
00/379876,2,False
07/72923,2,False
07178004,2,False
09/199778,2,False
15/68192,2,False
15/89648,2,False
01344697,2,False
02/231007,2,False
03/1526,2,False
02/57439,2,False
01/189044,2,False
24/28819,2,False
15/64929,2,False
03/112050,2,False
01/520955,2,False
04/33773,2,False
23134297,2,False
15/57419,2,False
14/153292,2,False
03/79192,2,False
21/7353,2,False
01/334708,2,False
14/104116,2,False
06/59000,2,False
15/144774,2,False
07/7824,2,False
22/170829,2,False
23/218576,2,False
01/266572,2,False
22/121212,2,False
01/236561,2,False
09/138160,2,False
09/165509,2,False
02/177445,2,False
17/10213,2,False
22/81980,2,False
09/47385,2,False
19/20412,2,False
23/126665,2,False
15/69826,2,False
24/8973,2,False
16/19410,2,False
01/217918,2,False
03/137523,2,False
00/404102,2,False
03/215155,2,False
19/5527,2,False
08/45100,2,False
23/139266,2,False
15/18999,2,False
01/322190,2,False
12/53361,2,False
23/166730,2,False
03/25537,2,False
15/4512,2,False
01/333834,2,False
07/53150,2,False
01/379417,2,False
02/90144,2,False
01/950831,2,False
01/220646,2,False
01/186892,2,False
09/62775,2,False
23/72431,2,False
09/52841,2,False
21/11849,2,False
09_175523,2,False
23/12850,2,False
22/88611,2,False
15/130559,2,False
15/57051,2,False
03/127458,2,False
09/196010,2,False
08/452187,2,False
01/23049,2,False
03/842100,2,False
03/117549,2,False
01/2955515,2,False
22/131891,2,False
00/145256,2,False
22/71384,2,False
02/194199,2,False
04/162784,2,False
01/525497,2,False
16/50516,2,False
01/6496,2,False
15/14509,2,False
01/170905,2,False
2356779,2,False
23/56779,2,False
01/503934,2,False
22/101397,2,False
01/384849,2,False
04/47809,2,False
23206669,2,False
23217700,2,False
02/306456,2,False
09/139573,2,False
10/39818,2,False
07/91523,2,False
01/130650,2,False
02/218947,2,False
01/79275,2,False
15/45694,2,False
01/337624,2,False
23/3351,2,False
24/98957,2,False
16/46950,2,False
24/13471,2,False
24/68096,2,False
22/55778,2,False
20/37198,2,False
09/16671,2,False
2268723075,2,False
22/6872307,2,False
02/199231,2,False
01/744518,2,False
01/512434,2,False
24/135339,2,False
2141592,2,False
02141135,2,False
01/544515,2,False
00/29631,2,False
2125530,2,False
08/9454,2,False
00/432863,2,False
00/432836,2,False
00/622570,2,False
03152325,2,False
02/22551,2,False
10/005722,2,False
01/144423,2,False
15/13132,2,False
03/170162,2,False
03/133823,2,False
14/11415,2,False
80/5291066,2,False
23/55649,2,False
09/106779,2,False
14/0989,2,False
18/73632,2,False
02/84830,2,False
01/201542,2,False
23/69655,2,False
00/376952,2,False
23/205945,2,False
09/70774,2,False
04/50611,2,False
23/94457,2,False
01/251816,2,False
01346714,2,False
0297099,2,False
01/367869,2,False
01/267869,2,False
23/141459,2,False
23/101119,2,False
00/406579,2,False
07/128841,2,False
24/46383,2,False
24/100901,2,False
24/66386,2,False
24/21773,2,False
01/413980,2,False
02/70598,2,False
06148360,2,False
22/37753,2,False
22/117106,2,False
23/14828,2,False
01/155243,2,False
05/50849,2,False
03/96763,2,False
22356683,2,False
0397027,2,False
22/171273,2,False
00432598,2,False
23106049,2,False
02/286135,2,False
03/178265,2,False
10/000001,2,False
01/142290,2,False
00/452023,2,False
1640388,2,False
04/69599,2,False
24/65098,2,False
03/2635,2,False
03/25094,2,False
22/128402,2,False
20/2121,2,False
01/414481,2,False
02/14451,2,False
23/101006,2,False
23/192105,2,False
23/160872,2,False
01/250389,2,False
07/173550,2,False
23/189940,2,False
15/28023,2,False
01/26433,2,False
23/43532,2,False
01/499415,2,False
01/298740,2,False
03/216597,2,False
02/267577,2,False
14/00012,2,False
03/34698,2,False
07/71699,2,False
15/28237,2,False
2699901,2,False
01306722,2,False
13/15585,2,False
01/347097,2,False
01/306722,2,False
24/5738,2,False
01/5556,2,False
15/7041,2,False
15/136222,2,False
24/076448,2,False
22/34258,2,False
01/400133,2,False
15/447888,2,False
02/89477,2,False
15/114183,2,False
04/84127,2,False
09/101832,2,False
00/365382,2,False
03/146860,2,False
12/0036985,2,False
01/120422,2,False
15/226610,2,False
14/47955,2,False
24/11496,2,False
07/19081,2,False
01/33622,2,False
01/336623,2,False
23188695,2,False
14/138156,2,False
19/2007924,2,False
TADED11500,2,False
03/866610,2,False
24/548797,2,False
24/0123,2,False
01/237979,2,False
05/90484,2,False
03/36812,2,False
22/139603,2,False
14/62176,2,False
14/97844,2,False
23/62455,2,False
24/523698,2,False
00/43904,2,False
14/158707,2,False
03/256983,2,False
2390810,2,False
02/123853,2,False
07/98976,2,False
01/94298,2,False
01/2314578,2,False
05/47794,2,False
24/78532,2,False
U1D256881P,2,False
01/160038,2,False
09/5028,2,False
20/15460,2,False
01/137927,2,False
01/443461,2,False
02/125841,2,False
22/14900,2,False
01347097,2,False
20/10270,2,False
01/228471,2,False
00/447352,2,False
00/212762,2,False
17/14480,2,False
04/128184,2,False
23/144082,2,False
23144082,2,False
03/119316,2,False
03/74681,2,False
02/76346,2,False
01/88383,2,False
15/61393,2,False
01/129794,2,False
W7L0ZZ8F1,2,False
23/119006,2,False
22/75168,2,False
15/001263,2,False
15/18370,2,False
24/24377,2,False
24/7342,2,False
23/69920,2,False
05424545,2,False
01/484009,2,False
01463736,2,False
00/226442,2,False
01/42087,2,False
23/164445,2,False
22/53786,2,False
22/109200,2,False
22/102900,2,False
01449151,2,False
23/115540,2,False
01/137451,2,False
23/101416,2,False
14/91726,2,False
01/416619,2,False
10/2121,2,False
01/2454,2,False
22/54809,2,False
14/073099,2,False
19/11436,2,False
01/469017,2,False
01/4597,2,False
04/156137,2,False
15/24769,2,False
12/33038,2,False
10/69432,2,False
B05591408M,2,False
22/32453,2,False
09/131729,2,False
02/96249,2,False
01/195778,2,False
01/483644,2,False
15/47265,2,False
03/117385,2,False
01/87918,2,False
23/130942,2,False
03/153797,2,False
22/107081,2,False
09/126362,2,False
08/11346,2,False
15/1177,2,False
09/87873,2,False
15/52058,2,False
17/6115,2,False
15/000236,2,False
09/109566,2,False
24/61858,2,False
01/511156,2,False
17/51026,2,False
23/158930,2,False
22/110110,2,False
01/124161,2,False
02/2659,2,False
03/112423,2,False
22/104935,2,False
10/39523,2,False
01/93644,2,False
01/261606,2,False
18/27088,2,False
12/41087,2,False
16/56048,2,False
01/139478,2,False
02/304019,2,False
15/576845,2,False
22/99871,2,False
03/124563,2,False
01/58697,2,False
15/139942,2,False
01/214587,2,False
01/332916,2,False
01/515849,2,False
02/224421,2,False
03/181001,2,False
01/112445,2,False
01/164826,2,False
00158128,2,False
03/39911,2,False
00/382633,2,False
22/73239,2,False
17/16180,2,False
01/533643,2,False
24/100357,2,False
01/508679,2,False
09/1990,2,False
03/124240,2,False
02/72143,2,False
01/417892,2,False
08/47704,2,False
01/420718,2,False
15/65452,2,False
23/2755,2,False
9912424601,2,False
03/140895,2,False
19/8850,2,False
01/424943,2,False
78/0306211,2,False
23/89700,2,False
16/56521,2,False
14/74748,2,False
17/55102,2,False
10/25435,2,False
14/0000125,2,False
09/88718,2,False
22/67399,2,False
08/41365,2,False
09/226920,2,False
03/106213,2,False
02/253234,2,False
01/231921,2,False
24/39668,2,False
08/425012,2,False
09/240088,2,False
00/463928,2,False
00/378185,2,False
01/0496874,2,False
14/157832,2,False
03/22589,2,False
23/37651,2,False
03/55508,2,False
08/44757,2,False
17/53130,2,False
01/87550,2,False
03/211444,2,False
03/147966,2,False
01/50771,2,False
01/303645,2,False
02154080,2,False
23/20040,2,False
23/200040,2,False
23/242855,2,False
03/159020,2,False
24/50370,2,False
09/21770,2,False
02/177738,2,False
01/383493,2,False
22/56093,2,False
14/97125,2,False
23/126847,2,False
04/147836,2,False
21/33308,2,False
03/102386,2,False
09/73801,2,False
21/2713,2,False
21/20220,2,False
01/99224,2,False
07112039,2,False
02/152597,2,False
11/45144,2,False
02/230027,2,False
24/21794,2,False
24/89196,2,False
24/24588,2,False
24/65180,2,False
22/24170,2,False
01/440774,2,False
23/73614,2,False
01/456321,2,False
23/164455,2,False
03/162739,2,False
01/211229,2,False
04/111237,2,False
02/183274,2,False
01236313,2,False
01228002,2,False
01/461358,2,False
01/161587,2,False
01/383357,2,False
15/114442,2,False
02/131029,2,False
21/6049,2,False
24/122335,2,False
23/74403,2,False
03/81655,2,False
15/107307,2,False
01/540685,2,False
01/505947,2,False
15/02651,2,False
15/4584,2,False
00/431994,2,False
18/50582,2,False
23/52396,2,False
15/11806,2,False
23/192861,2,False
01/132807,2,False
02/149411,2,False
7708832/10,2,False
01/557534,2,False
24/40320,2,False
01/176211,2,False
02/114145,2,False
00/303205,2,False
04/39175,2,False
23/170265,2,False
23/134207,2,False
01/184031,2,False
03/133220,2,False
00/427308,2,False
23/57204,2,False
04/73687,2,False
24/41226,2,False
01/374229,2,False
06453005,2,False
01011100,2,False
02/268405,2,False
22/43725,2,False
00/212961,2,False
22/73091,2,False
01/141575,2,False
08/18778,2,False
22/33097,2,False
23/119166,2,False
02/178689,2,False
01/540089,2,False
03/270368,2,False
23/125478,2,False
04/44670,2,False
04/64034,2,False
05/24294,2,False
19/00254,2,False
20/9063,2,False
14/20812,2,False
21/30443,2,False
08717547,2,False
23/204043,2,False
01/316329,2,False
0121547,2,False
23/212005,2,False
03/59638,2,False
09/85586,2,False
09/231169,2,False
03/1147024,2,False
01149850,2,False
21/52110,2,False
22/0126682,2,False
23/241152,2,False
03/1254,2,False
03/25760,2,False
17/27536,2,False
22/126090,2,False
07/110462,2,False
22/151229,2,False
01/158109,2,False
01/234913,2,False
07/1880485,2,False
23/209188,2,False
01/196066,2,False
24/112803,2,False
02/232342,2,False
09/13773,2,False
01/108625,2,False
01/277877,2,False
17/54621,2,False
01389345,2,False
02/215591,2,False
15/156813,2,False
01/450825,2,False
08/85531,2,False
17/18980,2,False
01/0749792,2,False
23/196928,2,False
15/115620,2,False
12/10272,2,False
24/37944,2,False
03/111270,2,False
01/414414,2,False
10/58588,2,False
14/126877,2,False
23/136075,2,False
01/428485,2,False
11/39985,2,False
15/024522,2,False
15/787787,2,False
23/64041,2,False
00/435869,2,False
23/199651,2,False
06/49491,2,False
08/7370,2,False
23148016,2,False
01/222015,2,False
1/22222,2,False
01/444981,2,False
01/444989,2,False
11/69831,2,False
13/10794,2,False
01/327309,2,False
22/38161,2,False
01/34174,2,False
10/63425,2,False
01/592387,2,False
16/91855,2,False
16/23075,2,False
Y0786224-Y,2,False
14/83473,2,False
23/119415,2,False
17/55760,2,False
09/202203,2,False
04/159625,2,False
01/249287,2,False
23/135109,2,False
03/21256,2,False
01264511,2,False
01/235916,2,False
14/15765,2,False
01/500797,2,False
14/26587,2,False
14/86821,2,False
00/18174,2,False
22/62312,2,False
23/20703,2,False
19/22057,2,False
57/0138267,2,False
14/153192,2,False
03/215470,2,False
24/25818,2,False
07/75129,2,False
02/255777,2,False
01/208171,2,False
17/21458,2,False
04/44407,2,False
23218531,2,False
01/274026,2,False
01/486027,2,False
21/48231,2,False
01/470459,2,False
23/163364,2,False
23163364,2,False
01/179236,2,False
14AX52189,2,False
21/76002,2,False
14/131265,2,False
01/347405,2,False
04/35332,2,False
02/178617,2,False
24/53342,2,False
01/124587,2,False
15/012546,2,False
02/65797,2,False
14/51014,2,False
00/306803,2,False
23/113003,2,False
22/31482,2,False
23/73059,2,False
01/377682,2,False
03/36166,2,False
09/321456,2,False
01107387,2,False
22/017881,2,False
24/100227,2,False
03/107344,2,False
14/46535,2,False
15/16390,2,False
00447240,2,False
09/104933,2,False
2345193,2,False
23/145193,2,False
0391118,2,False
14/0004,2,False
14/6632,2,False
8305061202,2,False
18/12036,2,False
01/308124,2,False
01/372087,2,False
01/242327,2,False
021796986,2,False
15/032016,2,False
02/62379,2,False
12/13314,2,False
02/228995,2,False
02/158024,2,False
15/79645,2,False
01/110550,2,False
23/102287,2,False
03/16058,2,False
04/0090913,2,False
02/5620,2,False
15/39151,2,False
00/293963,2,False
21/1534,2,False
23/20770,2,False
21/7839,2,False
24/100355,2,False
08/2307,2,False
15/93326,2,False
15/02145,2,False
09/166412,2,False
22/154225,2,False
20/21771,2,False
24111995,2,False
03/61575,2,False
14/154172,2,False
1900375945,2,False
22/34689,2,False
22/113893,2,False
01/350415,2,False
23/210109,2,False
02/51182,2,False
15/6009,2,False
24/116225,2,False
01/147849,2,False
01/2569387,2,False
24/64217,2,False
23/134064,2,False
15/88124,2,False
09/116369,2,False
01/535169,2,False
23/211378,2,False
24/51465,2,False
03/73243,2,False
01/288758,2,False
14/118812,2,False
23/13124,2,False
03/98982,2,False
03/049802,2,False
01442410,2,False
24/62825,2,False
01/234156,2,False
2343730,2,False
01/433456,2,False
10/29316,2,False
98/100000,2,False
01/354196,2,False
01/230248,2,False
01/244234,2,False
22/150106,2,False
07/141712,2,False
02/317076,2,False
22/145915,2,False
15/114802,2,False
00/321077,2,False
22/93430,2,False
01/1254788,2,False
01/416709,2,False
23/140596,2,False
24/49067,2,False
01/514539,2,False
8804751509,2,False
01/105968,2,False
23/204509,2,False
23/191118,2,False
01/07916,2,False
12/23167,2,False
04/161321,2,False
21/53996,2,False
01/16015,2,False
14972193,2,False
15/110839,2,False
19/19835,2,False
01/214385,2,False
00/4910151,2,False
12/0021039,2,False
11/24839,2,False
01/235233,2,False
21/056809,2,False
23/33641,2,False
01/470511,2,False
01/545422,2,False
01/335525,2,False
22/37520,2,False
23146675,2,False
18/0016423,2,False
01/431642,2,False
24/236587,2,False
02/190219,2,False
14/166240,2,False
02/117948,2,False
01/268373,2,False
02/148102,2,False
02/106701,2,False
U19X16233T,2,False
00/454587,2,False
01/293668,2,False
01/193430,2,False
14/116933,2,False
01/168391,2,False
02/36246,2,False
05/59884,2,False
02/297286,2,False
23/025373,2,False
01/367427,2,False
01/020304,2,False
01/218845,2,False
04/8298,2,False
20/4847,2,False
212662004,2,False
05/38852,2,False
09/126220,2,False
23/144483,2,False
23/146345,2,False
08/59269,2,False
08/52364,2,False
02/128587,2,False
01/81847,2,False
23/199597,2,False
03/79088,2,False
17/53910,2,False
18/40388,2,False
18/9470,2,False
24/70933,2,False
01/242293,2,False
23/216178,2,False
11/2088,2,False
11/02088,2,False
23/4046,2,False
A190A51794,2,False
22/86377,2,False
12/000001,2,False
01/340409,2,False
28/0512016,2,False
09/7094,2,False
23/207112,2,False
03/101054,2,False
02/153746,2,False
2372936,2,False
01/250303,2,False
15/21511,2,False
00/364152,2,False
36/4152,2,False
UN81401611,2,False
419L40161K,2,False
00250130,2,False
15/12547,2,False
09/96017,2,False
01/184229,2,False
14/172053,2,False
08/48049,2,False
00/412244,2,False
23/93043,2,False
17/34433,2,False
9511133018,2,False
21/12783,2,False
09/143568,2,False
23/129625,2,False
00197104,2,False
7611751514,2,False
24/5177,2,False
14/00023,2,False
14/00002,2,False
01/542640,2,False
23/62193,2,False
03/05269,2,False
24/11548,2,False
22/135575,2,False
01/1789689,2,False
23/12547,2,False
24/7777,2,False
0534793,2,False
17/13262,2,False
02/310314,2,False
23/29330,2,False
03/135220,2,False
02/221439,2,False
03/38664,2,False
01/326030,2,False
15/42514,2,False
02/198420,2,False
15/41465,2,False
01/210824,2,False
00/388449,2,False
15/044608,2,False
24/1319,2,False
15/15132,2,False
23/81102,2,False
76/275130,2,False
22/26658,2,False
00/188382,2,False
00/138382,2,False
01/497415,2,False
21/26445,2,False
24/67664,2,False
01/297387,2,False
01/210355,2,False
09/137230,2,False
23/215251,2,False
10/61249,2,False
23/2190,2,False
23/33706,2,False
01/403813,2,False
18/11951,2,False
02/244976,2,False
02/150161,2,False
24/56879,2,False
08/29648,2,False
2483814,2,False
14/38687,2,False
24/137302,2,False
13/59680,2,False
1837285,2,False
08/37607,2,False
00/353426,2,False
02/162124,2,False
00/248660,2,False
03/11610,2,False
04/165283,2,False
15/25988,2,False
04/27970,2,False
02/111413,2,False
02/72602,2,False
03/234407,2,False
15/76254,2,False
09/0229861,2,False
01/454793,2,False
01/740291,2,False
22/147993,2,False
01/25741,2,False
01/065057,2,False
01/6507,2,False
02/3569,2,False
01/88988,2,False
10/38298,2,False
14/86864,2,False
03/140385,2,False
08/14514,2,False
09/92876,2,False
01/452352,2,False
02/25585,2,False
10/68579,2,False
24/44396,2,False
02/209053,2,False
21/42560,2,False
10/72421,2,False
24/83227,2,False
12/42478,2,False
23/10158,2,False
01/311612,2,False
03/196732,2,False
01/347250,2,False
21/38508,2,False
14/80343,2,False
01/12556,2,False
02/271035,2,False
02/122822,2,False
09/166365,2,False
09166365,2,False
07/149483,2,False
03/122957,2,False
01/138373,2,False
04/103878,2,False
23/30573,2,False
01/31309,2,False
01/384410,2,False
01/383601,2,False
01/103909,2,False
21/17746,2,False
03/16498,2,False
04/15114,2,False
22/95120,2,False
02/177881,2,False
22/78541,2,False
15/101779,2,False
08/79251,2,False
01/38886,2,False
01/489078,2,False
23/118179,2,False
01/498301,2,False
02/69874,2,False
15/00114,2,False
15/28095,2,False
12/45153,2,False
03/151392,2,False
03/12566,2,False
12/20380,2,False
01/399147,2,False
01/416227,2,False
02/205940,2,False
24/56398,2,False
01/237180,2,False
00/12971,2,False
00/396423,2,False
16/41891,2,False
24/137177,2,False
17/67447,2,False
24/58483,2,False
01125896,2,False
15/778964,2,False
10/60562,2,False
03/24440,2,False
10/4228,2,False
24/56141,2,False
06/22696,2,False
06/46518,2,False
04/24172,2,False
22/108969,2,False
15AX37199,2,False
23/69621,2,False
24/154113,2,False
01/246747,2,False
24/41893,2,False
22/57960,2,False
10/10617,2,False
22/136341,2,False
2200242095,2,False
04/192735,2,False
14/43236,2,False
15/23298,2,False
04564679,2,False
04/137553,2,False
23/91318,2,False
21/8582,2,False
15/102113,2,False
21/11926,2,False
03/33973,2,False
01/349490,2,False
16/89105,2,False
04/92896,2,False
01012222,2,False
01/512507,2,False
03/201439,2,False
03/177614,2,False
12/396595,2,False
18/19055,2,False
01/42539,2,False
00/419976,2,False
10/252525,2,False
10/55583,2,False
02/2333333,2,False
01/26677,2,False
06/26677,2,False
01/2365456,2,False
10/44559,2,False
01/202563,2,False
10/23291,2,False
15/098921,2,False
24/30412,2,False
15/25309,2,False
03/137114,2,False
09/131687,2,False
10/55995,2,False
23/151784,2,False
22/8549,2,False
07/66601,2,False
18/26513,2,False
23/141472,2,False
03/226929,2,False
21/23231,2,False
15/01344,2,False
09/235689,2,False
07/0044384,2,False
02/189100,2,False
21/31331,2,False
01/515097,2,False
PP79230086,2,False
01/472603,2,False
23/78917,2,False
23/31933,2,False
03/123351,2,False
03/114692,2,False
70CE564562,2,False
22/125040,2,False
01/526681,2,False
22/75286,2,False
17/33590,2,False
23/120312,2,False
01/559485,2,False
04/124745,2,False
23 218872,2,False
01/448074,2,False
13/20521,2,False
23/85679,2,False
09/89874,2,False
02/249971,2,False
01/417371,2,False
00/111114,2,False
02/24654,2,False
24/53397,2,False
09/93174,2,False
23/219609,2,False
19/00234,2,False
23/63504,2,False
02/120159,2,False
01/213648,2,False
01/427531,2,False
03/107850,2,False
01/438279,2,False
15/50926,2,False
01/0452236,2,False
09/112433,2,False
01/487996,2,False
07/30159,2,False
01/187896,2,False
22/663077,2,False
15/69563,2,False
03/106307,2,False
00/460678,2,False
23/182340,2,False
17/21007,2,False
00/407588,2,False
01/55728,2,False
01/183360,2,False
17/24920,2,False
00434850,2,False
02/369578,2,False
23/788551,2,False
23/221870,2,False
22/362681,2,False
01/407442,2,False
22/96601,2,False
09/179912,2,False
04/121630,2,False
01/4847766,2,False
15/4589,2,False
13/24747,2,False
02/143649,2,False
01/154497,2,False
24/57671,2,False
08/75214,2,False
23/221788,2,False
23/42392,2,False
04/94853,2,False
01/193652,2,False
01/124568,2,False
01/363275,2,False
09/40718,2,False
22/62570,2,False
01/436107,2,False
0155456,2,False
22/37332,2,False
07/169096,2,False
23/197710,2,False
24/8901,2,False
24/89024,2,False
00/343828,2,False
14/53363,2,False
23/111887,2,False
14/1024,2,False
16/72320,2,False
01/3652871,2,False
15/12245,2,False
19/54875,2,False
14/108419,2,False
23/5994,2,False
04/15326,2,False
0152143,2,False
00/362454,2,False
7711751523,2,False
01/214838,2,False
25/2626,2,False
07117150,2,False
01/161304,2,False
23/150345,2,False
24/39870,2,False
09/63656,2,False
14/171286,2,False
00/444393,2,False
04/110466,2,False
03/67480,2,False
07/12224,2,False
14/92752,2,False
04/101586,2,False
01/142187,2,False
23172149,2,False
00/326985,2,False
15/214586,2,False
24/103155,2,False
23/78682,2,False
01/268106,2,False
01/432411,2,False
01/445302,2,False
09/217137,2,False
01/31245,2,False
01/2356325,2,False
02356326,2,False
012115225,2,False
02/0005,2,False
10/30663,2,False
03/111453,2,False
24/30597,2,False
18/12068,2,False
02/20559,2,False
16/76021,2,False
04/11894,2,False
01/315518,2,False
0689210026,2,False
20AT29731,2,False
0312751017,2,False
14AS73917,2,False
04/156263,2,False
0404902452,2,False
000030387,2,False
858137838,2,False
22/101292,2,False
01/39210,2,False
04/113618,2,False
01/546181,2,False
7AN08447,2,False
S450540613,2,False
01/296953,2,False
23AQUT378,2,False
B73001HEC7,2,False
22/86800,2,False
17BB17674,2,False
03/240285,2,False
01/418250,2,False
25AE32525,2,False
23/109552,2,False
03/236746,2,False
01/472646,2,False
01/72140,2,False
22/94032,2,False
17/36265,2,False
14/62561,2,False
12/28603,2,False
000/0000,2,False
23/158423,2,False
12/22100,2,False
01/471098,2,False
01/280938,2,False
23/27246,2,False
05/71153,2,False
02/63290,2,False
24/131586,2,False
24/74003,2,False
01/146527,2,False
09/182795,2,False
1067366,2,False
01/425085,2,False
22/95267,2,False
24/86109,2,False
08/5492,2,False
08/41042,2,False
01/263991,2,False
01/333327,2,False
01/410759,2,False
02/18179,2,False
01/259651,2,False
09/186556,2,False
03/182579,2,False
01/30557,2,False
01/030557,2,False
23/77530,2,False
01/225453,2,False
00/285435,2,False
18/17115,2,False
18/017115,2,False
24/11752,2,False
17/046039,2,False
15/28242,2,False
15/88823,2,False
22/51176,2,False
01/456532,2,False
24/12471,2,False
1 /1520,2,False
22/156570,2,False
07/1112548,2,False
01/251804,2,False
02/26085,2,False
22/10258,2,False
24/157069,2,False
02/220760,2,False
09/196634,2,False
17/9555,2,False
01/48314,2,False
23/196080,2,False
01/238411,2,False
01/1254876,2,False
03/90959,2,False
01/415357,2,False
01/331371,2,False
18/33882,2,False
24/111518,2,False
23/157796,2,False
11/18909,2,False
01/125425,2,False
01/316940,2,False
24/214500,2,False
24/108899,2,False
03/5184,2,False
03/910742,2,False
03/2650,2,False
01/339474,2,False
22/7882,2,False
16/102513,2,False
03/118462,2,False
15/77878,2,False
01/291162,2,False
24/1111111,2,False
23/47448,2,False
02/ 38715,2,False
01/247061,2,False
22/100822,2,False
24/98983,2,False
01/313736,2,False
09/153689,2,False
18/6320,2,False
23/653241,2,False
01/112268,2,False
22/127956,2,False
01/408677,2,False
03/50268,2,False
03/24593,2,False
09/190043,2,False
01/2541863,2,False
01/453800,2,False
01/536231,2,False
0170564,2,False
09/267959,2,False
09/91850,2,False
01/439951,2,False
03/254101,2,False
01/351229,2,False
01/373315,2,False
08/67355,2,False
0/45218,2,False
22/306011,2,False
03/215456,2,False
06/20229,2,False
2262855,2,False
23/28282,2,False
00/120426,2,False
02/184878,2,False
02/191702,2,False
23/16880,2,False
24/128520,2,False
01/365119,2,False
12/16166,2,False
00/43605,2,False
04/41607,2,False
06/67322,2,False
03/58644,2,False
02/337879,2,False
03/23451,2,False
04/86654,2,False
14/10765,2,False
14/010765,2,False
23/69234,2,False
24/115738,2,False
01/451760,2,False
0901923002,2,False
09/112128,2,False
1326515283,2,False
01/191439,2,False
22/101779,2,False
01516777,2,False
24/91551,2,False
0804691018,2,False
01/338979,2,False
23/221385,2,False
14AQ17323,2,False
01/205888,2,False
23/184744,2,False
01/259927,2,False
01/273263,2,False
01/35452,2,False
U196T19695,2,False
01/256972,2,False
23/56640,2,False
04/24246,2,False
00/354751,2,False
01/400259,2,False
23/7893,2,False
07/55914,2,False
03/200269,2,False
03/162111,2,False
22/152220,2,False
15/15394,2,False
17/18886,2,False
02/156109,2,False
08/9762,2,False
14/015423,2,False
22/112166,2,False
02/200952,2,False
02/128603,2,False
15/14258,2,False
22/112892,2,False
01/24143,2,False
10/52574,2,False
22/134530,2,False
23/134576,2,False
00/466561,2,False
17/30578,2,False
01/437522,2,False
03/41037,2,False
23/100290,2,False
09/254474,2,False
1/57490,2,False
21/05476,2,False
02/178412,2,False
09/90704,2,False
23/74158,2,False
01208689,2,False
22/103707,2,False
21/006531,2,False
15/13443,2,False
03/102341,2,False
14/102809,2,False
01/434747,2,False
01/229039,2,False
02/315332,2,False
09/63594,2,False
09/212822,2,False
03/218560,2,False
01/186742,2,False
24/81807,2,False
02/246377,2,False
01/240388,2,False
21/2838,2,False
17/39006,2,False
22/84551,2,False
02/67591,2,False
0251794,2,False
02/985621,2,False
07/105142,2,False
01/421125,2,False
03/196003,2,False
04/57554,2,False
00/429188,2,False
17/13431,2,False
04/177954,2,False
11/21987,2,False
02316917,2,False
00/461553,2,False
16/69512,2,False
17/41545,2,False
01/408878,2,False
19/9623,2,False
19/025484,2,False
22/1195574,2,False
01/2363325,2,False
01/22565,2,False
23/37275,2,False
01/167973,2,False
00/147256,2,False
02/241575,2,False
04/60907,2,False
01/507184,2,False
15/37020,2,False
14/143726,2,False
23/235698,2,False
15/79473,2,False
24/34678,2,False
15/125165,2,False
24/48240,2,False
23185247,2,False
23/62935,2,False
01/1236981,2,False
22/187499,2,False
15/48305,2,False
15/105764,2,False
01/193892,2,False
01/128020,2,False
01/201682,2,False
01/209096,2,False
14/64532,2,False
18/28470,2,False
02/1560,2,False
01/374270,2,False
12/22131,2,False
15/99261,2,False
15/62283,2,False
01/339716,2,False
24/10153,2,False
24/18848,2,False
01161725,2,False
23/25606,2,False
23/211441,2,False
01/366445,2,False
14/554359,2,False
22/46738,2,False
01/280147,2,False
03/254594,2,False
23/4535,2,False
08/8302,2,False
03/237350,2,False
09/159810,2,False
16/102870,2,False
16/19971,2,False
09/64005,2,False
21/28258,2,False
08/74657,2,False
02/254698,2,False
24/27041,2,False
03/103859,2,False
24/1369395,2,False
02/221188,2,False
23/241895,2,False
23/216385,2,False
14/ 0003,2,False
14/185520,2,False
02/7389,2,False
19/17331,2,False
04/134824,2,False
01/1265879,2,False
23/133695,2,False
23/139222,2,False
01/125877,2,False
00/1122255,2,False
17/38285,2,False
14/21607,2,False
23/95053,2,False
02/226317,2,False
01/330903,2,False
01/262972,2,False
06/26700,2,False
04/57525,2,False
13/8062,2,False
17/27091,2,False
00/324786,2,False
181104804,2,False
01/281702,2,False
23/33153,2,False
24/82658,2,False
21/36551,2,False
20/13549,2,False
05/29448,2,False
01/331925,2,False
16/77906,2,False
03/241916,2,False
09/221297,2,False
04/2823,2,False
24/65622,2,False
05/37047,2,False
01/51700,2,False
00/462369,2,False
02/159420,2,False
04/58658,2,False
01987456,2,False
24/34283,2,False
01/352686,2,False
23/133345,2,False
01/385597,2,False
23/120116,2,False
17/26919,2,False
03/4408,2,False
23/23842,2,False
08/47125,2,False
01/54479,2,False
09/138226,2,False
23/43063,2,False
02/136695,2,False
24/236548,2,False
03/148757,2,False
01/531789,2,False
03/114294,2,False
22/55947,2,False
04/69486,2,False
24/63723,2,False
01/4578,2,False
15/00144,2,False
09/50208,2,False
19/10284,2,False
08/4512,2,False
23/131262,2,False
02/110152,2,False
14/83488,2,False
02/119060,2,False
02/359559,2,False
15/555668,2,False
22/96669,2,False
07/152161,2,False
07/169622,2,False
07/125525,2,False
15/20891,2,False
15/444777,2,False
22/81154,2,False
01/25444,2,False
38/4397,2,False
12/12191,2,False
01/365179,2,False
12/73174,2,False
14/1006571,2,False
01/233972,2,False
21/0012021,2,False
01/261850,2,False
01/122300,2,False
07/159735,2,False
00/358346,2,False
01/474428,2,False
23/154346,2,False
01/2528963,2,False
01/1425748,2,False
23/117247,2,False
17/15205,2,False
01/428591,2,False
21/33529,2,False
01/371990,2,False
24/49525,2,False
01/94333,2,False
23/210362,2,False
10/28021,2,False
01/394195,2,False
07/149386,2,False
24/12868,2,False
00/475757,2,False
01/39525,2,False
02/34412,2,False
00/3200,2,False
24/87426,2,False
24/85426,2,False
18/11138,2,False
02/290850,2,False
00/273602,2,False
01/342691,2,False
22/131747,2,False
10/42786,2,False
23/53056,2,False
23/63056,2,False
23/104075,2,False
01/494618,2,False
F157650065,2,False
17/29385,2,False
01/350352,2,False
05/31982,2,False
15/144766,2,False
08/514872,2,False
15/2546,2,False
00/331130,2,False
03/77579,2,False
15/126548,2,False
23/188629,2,False
07/12120,2,False
01/418135,2,False
01/258815,2,False
24/41134,2,False
00/412582,2,False
19/36953,2,False
23/139669,2,False
2104820081,2,False
09/21020,2,False
16/34927,2,False
05/62169,2,False
23AE09046,2,False
17/47872,2,False
01/465283,2,False
24/136273,2,False
01/232531,2,False
02/100253,2,False
19/13145,2,False
02/211435,2,False
04/826489,2,False
08/80287,2,False
22/044959,2,False
09/220859,2,False
24/53288,2,False
15/94112,2,False
22/20036,2,False
02/074327,2,False
03/160440,2,False
04/141593,2,False
09/73020,2,False
02/13863,2,False
11/1222,2,False
24/66360,2,False
01/408509,2,False
01/280654,2,False
09/231215,2,False
23/178924,2,False
23/19619,2,False
14/92940,2,False
14/141270,2,False
14/118696,2,False
24/35047,2,False
2435047,2,False
01/295314,2,False
23/17562,2,False
24/32418,2,False
22/115097,2,False
01/225225,2,False
07/19922,2,False
01/206825,2,False
01/36521,2,False
20/37617,2,False
23/180990,2,False
10/017898,2,False
15/1445,2,False
01/249444,2,False
04/48803,2,False
01/525505,2,False
23/99240,2,False
09/208356,2,False
01/260479,2,False
23/81586,2,False
02/258035,2,False
00/425705,2,False
0803133002,2,False
22/136233,2,False
23/48480,2,False
22/37374,2,False
09/208540,2,False
00/460195,2,False
23/221987,2,False
15/017892,2,False
24/149901,2,False
15/55133,2,False
24139432,2,False
24/139432,2,False
01/226079,2,False
22/161790,2,False
22/148135,2,False
24/38084,2,False
01/513553,2,False
01/386873,2,False
17/39077,2,False
01/434852,2,False
22/92263,2,False
01/12548,2,False
12/41328,2,False
04/54776,2,False
03/25266,2,False
00357280,2,False
23/223554,2,False
00/187456,2,False
03/48209,2,False
01/524382,2,False
08/475921,2,False
18AP10371,2,False
03/118430,2,False
01/257606,2,False
24/5028,2,False
15/10505,2,False
01/443665,2,False
15/119465,2,False
15/56543,2,False
04/93066,2,False
01/163947,2,False
22/10975,2,False
21AN38820,2,False
03/157990,2,False
24/6031,2,False
23/4569820,2,False
23/265410,2,False
23/154119,2,False
24/107777,2,False
01/11259,2,False
21/4659,2,False
21/16752,2,False
24/75058,2,False
12/22996,2,False
14/107015,2,False
08/94814,2,False
01/380650,2,False
09/81218,2,False
02/329638,2,False
14/001122,2,False
15/030629,2,False
01/291126,2,False
12/56665,2,False
01/249562,2,False
01/413063,2,False
20/9605,2,False
C630409128,2,False
17/45439,2,False
02/169790,2,False
01/310605,2,False
23/136562,2,False
13/45824,2,False
01/342986,2,False
36/123654,2,False
24/114507,2,False
01/244174,2,False
22/51568,2,False
00328175,2,False
00/328175,2,False
04/176336,2,False
20/15719,2,False
08/45236,2,False
16/32932,2,False
08/82905,2,False
15/47851,2,False
65/4710,2,False
06/029104,2,False
02/177410,2,False
10/20235,2,False
01/103392,2,False
01/445767,2,False
09/197340,2,False
01466414,2,False
07/156630,2,False
03/217029,2,False
09/29981,2,False
22/133251,2,False
14/150351,2,False
24/51190,2,False
03/236790,2,False
23/92471,2,False
02/251709,2,False
23/167183,2,False
24/154647,2,False
22/117637,2,False
14/30190,2,False
09/9538,2,False
00/362057,2,False
01/131131,2,False
15/54300,2,False
03/28161,2,False
23/37675,2,False
23/12377,2,False
12/2222222,2,False
09/36214,2,False
02/144821,2,False
01/256671,2,False
19/00370,2,False
09/255948,2,False
14/63579,2,False
10/12355,2,False
24/145500,2,False
23/169183,2,False
23/194793,2,False
01/414963,2,False
02/77352,2,False
17/53303,2,False
09/000554,2,False
00/274691,2,False
07/57324,2,False
04/79194,2,False
01/72854,2,False
05/47166,2,False
02/153042,2,False
09/160795,2,False
15/62634,2,False
04/69335,2,False
09/145304,2,False
15/32232,2,False
14/20527,2,False
01/475010,2,False
02/1718192,2,False
04/175336,2,False
22/103221,2,False
01/332282,2,False
09/56987,2,False
09/226543,2,False
03/183768,2,False
15/236692,2,False
14/85130,2,False
10/49830,2,False
23/88998,2,False
02/131901,2,False
24/4480,2,False
03/0269000,2,False
23/113329,2,False
09/232123,2,False
01/8889,2,False
24/32103,2,False
02/153513,2,False
24/75253,2,False
02/23546,2,False
22/129287,2,False
01/1452235,2,False
23/034981,2,False
09/229181,2,False
01/250183,2,False
17/35628,2,False
05/35904,2,False
22/38744,2,False
01/273288,2,False
03/57915,2,False
23/90311,2,False
01/471099,2,False
22/2258,2,False
01/360410,2,False
01/226560,2,False
15/005742,2,False
22/88018,2,False
23/171380,2,False
10/69293,2,False
01/436155,2,False
21/19189,2,False
01/404440,2,False
15/14452,2,False
01/350595,2,False
08/4524,2,False
03/187412,2,False
00/433677,2,False
24/83449,2,False
02/291435,2,False
#000000000,2,False
09/135677,2,False
13/1163,2,False
01/550173,2,False
09/124446,2,False
22/9854,2,False
16/58514,2,False
07/122540,2,False
24/141732,2,False
1904442016,2,False
00/38572,2,False
03/172161,2,False
15/93284,2,False
15/93584,2,False
07/16347,2,False
14/58137,2,False
01/536627,2,False
17/59102,2,False
01/240677,2,False
03/26598,2,False
23/140120,2,False
09/216649,2,False
01/465329,2,False
03/185842,2,False
01/309603,2,False
22/157855,2,False
04/95490,2,False
22/42935,2,False
02/204711,2,False
01/557591,2,False
22/98687,2,False
24/164570,2,False
17/7321,2,False
17/49772,2,False
01/466018,2,False
15/4782,2,False
01/217588,2,False
02/205605,2,False
01/194825,2,False
01/1236589,2,False
01/224578,2,False
01/130606,2,False
01/318036,2,False
24/23779,2,False
01/430323,2,False
01/290161,2,False
01/221221,2,False
01/417984,2,False
22/127710,2,False
00/911075,2,False
24/1033,2,False
23/19778,2,False
SZANS COND,2,False
01/141611,2,False
03/170564,2,False
18AD93179,2,False
24/52879,2,False
24/65690,2,False
01/504267,2,False
24/150607,2,False
23/77654,2,False
06/36501,2,False
08/70890,2,False
01/89072,2,False
08/76273,2,False
01/199661,2,False
01/181903,2,False
01/75117,2,False
03/85959,2,False
01/7268,2,False
01/48319,2,False
01/122424,2,False
17/17088,2,False
08/79399,2,False
01/53878,2,False
074 94752,2,False
04/5028,2,False
08/12254,2,False
01/161660,2,False
01/490628,2,False
01/9183118,2,False
22/32591,2,False
23/81315,2,False
01/278086,2,False
02/246211,2,False
14/12584,2,False
07/947752,2,False
05/10769,2,False
22/1102,2,False
01/111893,2,False
01/133698,2,False
01/261861,2,False
24/33659,2,False
01/211896,2,False
09/57985,2,False
22/21129,2,False
03/95953,2,False
16/40093,2,False
23/28309,2,False
22/6119,2,False
01/199623,2,False
01/71223,2,False
01/168470,2,False
01/115885,2,False
23/133310,2,False
03/93894,2,False
023/8119,2,False
02/85045,2,False
02/80771,2,False
01/142393,2,False
02/27785,2,False
24/133827,2,False
14/77033,2,False
01/58755,2,False
01/146609,2,False
04/33829,2,False
02/24624,2,False
20/25039,2,False
023/166,2,False
42/9494,2,False
01/230552,2,False
23/3067,2,False
23/39371,2,False
01/21840,2,False
04/60811,2,False
23/40137,2,False
09/125043,2,False
23/87259,2,False
01/121231,2,False
01/274194,2,False
22/81488,2,False
02/128805,2,False
22/22525,2,False
23/3653,2,False
22/6658,2,False
07/88322,2,False
24/143119,2,False
2327911,2,False
2215950,2,False
22/15950,2,False
01313145,2,False
22/200197,2,False
01/313145,2,False
01/418777,2,False
01/379594,2,False
01/205942,2,False
07/49207,2,False
01/544305,2,False
21/32206,2,False
01/805702,2,False
02/72184,2,False
03/166477,2,False
08/61467,2,False
09/200968,2,False
04/85017,2,False
24/15623,2,False
02/287454,2,False
23/84024,2,False
01/291108,2,False
17/52267,2,False
03/107800,2,False
01/555617,2,False
14/80094,2,False
03/24385,2,False
01/344645,2,False
21/32604,2,False
04/109981,2,False
16/10771,2,False
01/354500,2,False
01/180081,2,False
20/12145,2,False
01/117889,2,False
01/21799,2,False
03/185684,2,False
02/176094,2,False
02/234756,2,False
23/3627,2,False
15/218235,2,False
14/168307,2,False
02/248623,2,False
02/226029,2,False
14/44903,2,False
22/77542,2,False
01/331260,2,False
22/58187,2,False
02/302650,2,False
23/11765,2,False
23/37406,2,False
24/152769,2,False
15/61861,2,False
23/28787,2,False
01/387908,2,False
09/199015,2,False
01382133,2,False
03/139950,2,False
22/59863,2,False
22/43535,2,False
14/5566,2,False
23/4027,2,False
24/42413,2,False
02/189197,2,False
22/83708,2,False
02/296813,2,False
00454339,2,False
01/375720,2,False
22/44143,2,False
01/467643,2,False
23/213357,2,False
02/335409,2,False
14/60071,2,False
15/141985,2,False
23/75320,2,False
22/176104,2,False
02/64308,2,False
01/561050,2,False
24/12309,2,False
17/33454,2,False
03/235871,2,False
22/75278,2,False
00/400000,2,False
14/00122,2,False
09/52762,2,False
23/116028,2,False
11/3072,2,False
22/92887,2,False
02/236382,2,False
04/781047,2,False
01/310593,2,False
09/102814,2,False
05/69670,2,False
01/502465,2,False
01/372394,2,False
23/211218,2,False
02/139518,2,False
15/69748,2,False
24/149859,2,False
00/453322,2,False
09/128246,2,False
1532230,2,False
01/184568,2,False
23/58012,2,False
01/140589,2,False
00/323523,2,False
05468099,2,False
04/85886,2,False
04/150057,2,False
02/152769,2,False
23/89356,2,False
01/352691,2,False
24/99822,2,False
01/540206,2,False
02/331979,2,False
09/87429,2,False
08/16915,2,False
14/106558,2,False
15/121476,2,False
15/0121476,2,False
02/131056,2,False
00/313011,2,False
22/2702,2,False
01/14176,2,False
02/209122,2,False
23/49954,2,False
24/078601,2,False
07/122252,2,False
07/204407,2,False
01/23596,2,False
15/107281,2,False
09/19730,2,False
09/232273,2,False
23AG19338,2,False
02/336751,2,False
123/107005,2,False
03/241057,2,False
23/129960,2,False
17/54981,2,False
05/262373,2,False
2215995,2,False
00/124568,2,False
23/23350,2,False
14/114602,2,False
00/390824,2,False
23/231849,2,False
09/69244,2,False
22/93385,2,False
03122526,2,False
00/461903,2,False
2417238,2,False
03/187367,2,False
03/144902,2,False
24/125430,2,False
01/171568,2,False
02/62565,2,False
24/125537,2,False
22/151389,2,False
04/65986,2,False
24/215478,2,False
0285429,2,False
24/131664,2,False
17/24690,2,False
7901751215,2,False
00/291104,2,False
00/408938,2,False
02/127642,2,False
03/196156,2,False
22/52735,2,False
36/23598,2,False
22/133581,2,False
09/72195,2,False
02/176882,2,False
07/220813,2,False
02/293450,2,False
01/452371,2,False
09/16164,2,False
23/205083,2,False
17/26052,2,False
02/41876,2,False
09/107193,2,False
21/005934,2,False
23/104002,2,False
22/59922,2,False
13/27705,2,False
23/37271,2,False
11/59642,2,False
23/26231,2,False
22/85631,2,False
23/73581,2,False
23/72638,2,False
03/65911,2,False
01/256571,2,False
10/39689,2,False
16/059073,2,False
03/79786,2,False
01/124569,2,False
01/358394,2,False
23130502,2,False
15/00817,2,False
01/434848,2,False
0/419817,2,False
01/438942,2,False
23202092,2,False
AM8762449,2,False
23/82793,2,False
12/32215,2,False
03/2569,2,False
09/83726,2,False
09/139055,2,False
13/44240,2,False
23/240265,2,False
09/33107,2,False
12/00790,2,False
13/125695,2,False
23/134672,2,False
11/262019,2,False
11/2620190,2,False
01/282729,2,False
01/425189,2,False
00/145123,2,False
01/505233,2,False
19/13284,2,False
01/733775,2,False
01/412129,2,False
01/300856,2,False
10/60341,2,False
011592710,2,False
03/239461,2,False
01/364718,2,False
0148044,2,False
00/195769,2,False
VI5305055D,2,False
01/477196,2,False
14/138415,2,False
05/100564,2,False
03/164070,2,False
2375540,2,False
00/458152,2,False
12052020,2,False
24/152386,2,False
01/436403,2,False
13/40596,2,False
21/40343,2,False
07/157122,2,False
00/241486,2,False
24/1486,2,False
01/344332,2,False
00/150733,2,False
18/161915,2,False
150712012,2,False
17/8720,2,False
15/23484,2,False
02/233201,2,False
02/336413,2,False
18/56163,2,False
14/1585,2,False
14/02656,2,False
01/151365,2,False
14/147316,2,False
07/56857,2,False
22/139624,2,False
12/212121,2,False
14/49078,2,False
04119034,2,False
24/112159,2,False
02/8956,2,False
01/455269,2,False
07/3693,2,False
02/227743,2,False
01/81690,2,False
00/82579,2,False
23/55284,2,False
01/304304,2,False
22/117430,2,False
21111111,2,False
01/266471,2,False
01/521971,2,False
15/126672,2,False
01/307661,2,False
24/79288,2,False
01/541036,2,False
01/16589,2,False
01/318951,2,False
01/1452666,2,False
01/249057,2,False
01/438104,2,False
01/261677,2,False
01/20660,2,False
00/270164,2,False
05/32875,2,False
24/69781,2,False
15/119391,2,False
01/40091,2,False
23/158412,2,False
24/97223,2,False
02/251686,2,False
09/4975,2,False
24/6558,2,False
17/38419,2,False
22/ 109072,2,False
25/1620,2,False
09/49318,2,False
0787827,2,False
01/549766,2,False
23/226660,2,False
02/247565,2,False
02/325268,2,False
02/213654,2,False
23/185330,2,False
10/13209,2,False
06/56529,2,False
01/353143,2,False
22/99222,2,False
15/4582,2,False
01/197608,2,False
02/184734,2,False
13/3502,2,False
10/96298,2,False
01/510048,2,False
22/143601,2,False
09/84019,2,False
10/51768,2,False
21/55497,2,False
09/75534,2,False
00/335027,2,False
03/190430,2,False
17/4727,2,False
01/328786,2,False
23/201438,2,False
01/444400,2,False
01/273108,2,False
01/590538,2,False
01/172347,2,False
09/75139,2,False
17/6348,2,False
24/87577,2,False
09/17151,2,False
02/097512,2,False
09/141858,2,False
02/256842,2,False
02/856478,2,False
00/207259,2,False
01/355401,2,False
22/112632,2,False
03/46357,2,False
24/71185,2,False
15/56113,2,False
13/41824,2,False
24/91827,2,False
03/1294,2,False
01/11766,2,False
01/254613,2,False
08/452178,2,False
24/4213,2,False
13/32595,2,False
21/3816,2,False
24/154182,2,False
03/253704,2,False
23/46137,2,False
24/154463,2,False
02/85320,2,False
15/75472,2,False
17/4720,2,False
24/25977,2,False
23/20582,2,False
02/270830,2,False
EE56808,2,False
9709822003,2,False
02/329282,2,False
22/7198,2,False
01/343907,2,False
01/386906,2,False
23/11527,2,False
09/255866,2,False
00/378672,2,False
00/411693,2,False
23/359578,2,False
0371127,2,False
13/56665,2,False
01/261694,2,False
01/331515,2,False
00/062203,2,False
16/34491,2,False
23/178587,2,False
14/76950,2,False
01/25586,2,False
15/106014,2,False
01/278337,2,False
01/254645,2,False
01/3412,2,False
15/8459,2,False
20/48553,2,False
02/3365,2,False
01/298747,2,False
23/218073,2,False
15/78213,2,False
24/143515,2,False
00/173836,2,False
01/0111111,2,False
15/003256,2,False
23/71785,2,False
01/16162,2,False
04/66253,2,False
01/56324,2,False
01/559404,2,False
14/74101,2,False
01/521336,2,False
04/12910,2,False
01/327063,2,False
16/31562,2,False
23/236034,2,False
02/5458411,2,False
01/278947,2,False
04/85004,2,False
03/251604,2,False
23/266859,2,False
01/552895,2,False
02/284192,2,False
V3917210W,2,False
00/14522,2,False
00/1144,2,False
07/26068,2,False
24/17586,2,False
01/374879,2,False
23/24614,2,False
24/536987,2,False
04/111292,2,False
02/365360,2,False
24/59605,2,False
02/336723,2,False
09/165871,2,False
02/191088,2,False
22/21820,2,False
15/056279,2,False
01/414919,2,False
01/111684,2,False
24/93533,2,False
09/114364,2,False
01/264511,2,False
00465367,2,False
01/33224,2,False
16/09198,2,False
04/33373,2,False
21/1875,2,False
09/789456,2,False
10/60828,2,False
02/255142,2,False
01/507810,2,False
02/217516,2,False
03/123620,2,False
08/29224,2,False
02/229020,2,False
11/41362,2,False
11/75285,2,False
01/378649,2,False
3/857900,2,False
10/89361,2,False
21/006828,2,False
01/532473,2,False
02/737776,2,False
15/77477,2,False
01/012948,2,False
08/19422,2,False
01/63916,2,False
23/61168,2,False
15/71143,2,False
19/078019,2,False
04/67829,2,False
01/235456,2,False
01/456231,2,False
14/88894,2,False
15/160316,2,False
22/139669,2,False
02/346571,2,False
00/208064,2,False
03/53886,2,False
24/58062,2,False
02/349137,2,False
09/217059,2,False
22/76877,2,False
01/283684,2,False
03/130183,2,False
23/18804,2,False
01/550652,2,False
14/178402,2,False
24/51185,2,False
24/112065,2,False
14/94338,2,False
02/123102,2,False
04/18125,2,False
22/87860,2,False
15/01256,2,False
02/270641,2,False
01/276811,2,False
23/121883,2,False
2890528066,2,False
01/412713,2,False
21/20116,2,False
15/25101,2,False
15/025485,2,False
02/281695,2,False
02/178364,2,False
23/46747,2,False
01/429327,2,False
22/36518,2,False
02/93821,2,False
01/567321,2,False
01/867321,2,False
15/81380,2,False
23/14627,2,False
24/38565,2,False
23/37430,2,False
24/76381,2,False
21/48483,2,False
21/53249,2,False
21/23362,2,False
02/209699,2,False
22/38136,2,False
23/49201,2,False
22/101335,2,False
01/446304,2,False
02/338722,2,False
19/28219,2,False
00/10000,2,False
22/82501,2,False
02/5550,2,False
23/34688,2,False
03/252239,2,False
22/51418,2,False
03/161998,2,False
03/55897,2,False
22/27543,2,False
24/127331,2,False
01/426049,2,False
02/43310,2,False
07/195700,2,False
22/28797,2,False
22/61725,2,False
02/98482,2,False
19/14309,2,False
24140057,2,False
14/12345,2,False
22/79769,2,False
23/150433,2,False
23/80724,2,False
01/497200,2,False
23/151865,2,False
23/163371,2,False
22/95717,2,False
12/76726,2,False
02/324084,2,False
03/61743,2,False
02/328940,2,False
02/14466,2,False
02/14468,2,False
23/206865,2,False
01/259952,2,False
24/67579,2,False
01/409905,2,False
01/124171,2,False
01/481183,2,False
09/67858,2,False
24/23816,2,False
24/32230,2,False
01/141872,2,False
22/25507,2,False
24/98007,2,False
01/412792,2,False
24/53051,2,False
01/28784,2,False
01/407378,2,False
01/395803,2,False
01/409114,2,False
2473136,2,False
24/57832,2,False
21/19201,2,False
17/009356,2,False
23/105966,2,False
01/78731,2,False
MN5303133P,2,False
22/44130,2,False
16/22040,2,False
23/68975,2,False
23/140374,2,False
23/34806,2,False
9701751025,2,False
24/111468,2,False
01/373216,2,False
01/125483,2,False
01/450141,2,False
01/504789,2,False
02/50020,2,False
23/182939,2,False
03/235485,2,False
14/167906,2,False
02/278019,2,False
0405691026,2,False
01/250521,2,False
23/18711,2,False
09/139371,2,False
07/33673,2,False
09/8393,2,False
09/188029,2,False
04/201703,2,False
09/70386,2,False
0317689,2,False
03/245655,2,False
04/190931,2,False
03/159332,2,False
01/80263,2,False
07/168242,2,False
01/97390,2,False
24/68672,2,False
01/379383,2,False
22/145987,2,False
06/19344,2,False
03/5558,2,False
02/133373,2,False
00/224976,2,False
01/222161,2,False
02/211289,2,False
23/201742,2,False
02/26509,2,False
15/109644,2,False
16/1757,2,False
02/205467,2,False
14/171701,2,False
09/116855,2,False
07160163,2,False
22/134460,2,False
16/112815,2,False
23209142,2,False
23/209142,2,False
03/62172,2,False
24/135394,2,False
24/5121623,2,False
24/21548,2,False
24/2365487,2,False
23/67912,2,False
151112021,2,False
02/210294,2,False
01/22200,2,False
21/47999,2,False
01/543985,2,False
03/154186,2,False
00/304940,2,False
23/25568,2,False
22/68207,2,False
01/178086,2,False
01/360240,2,False
04/67464,2,False
24/5879632,2,False
22/185377,2,False
15/125921,2,False
01/438342,2,False
02/217774,2,False
07/4636,2,False
17/60922,2,False
22/620336,2,False
01/430512,2,False
02/173641,2,False
14/110625,2,False
24/20327,2,False
08/66528,2,False
01/298801,2,False
03/239540,2,False
2225499,2,False
15/90235,2,False
24/96128,2,False
14/81545,2,False
00/373805,2,False
12/53654,2,False
24/91611,2,False
17/46631,2,False
01/42936,2,False
24/54104,2,False
01/450934,2,False
16032650,2,False
22/022203,2,False
00/192097,2,False
24/136511,2,False
09/101711,2,False
24/154698,2,False
15/25413,2,False
1957153,2,False
01/5928888,2,False
02/70034,2,False
09/68961,2,False
03/21170,2,False
09/186396,2,False
14/72184,2,False
14/118516,2,False
17/39788,2,False
01/496298,2,False
23/26220,2,False
14/42334,2,False
23/2365410,2,False
01/310524,2,False
09/211685,2,False
16042025,2,False
17/15247,2,False
16/002365,2,False
01/309682,2,False
07/36323,2,False
15/45870,2,False
03/90300,2,False
02/12565,2,False
09/172912,2,False
01/522112,2,False
08/22558,2,False
01/499893,2,False
01/121934,2,False
15/94130,2,False
02/223886,2,False
14/13065,2,False
22/39216,2,False
09/10248,2,False
03/205630,2,False
24/63309,2,False
02/171601,2,False
24/43153,2,False
23/92545,2,False
15/49262,2,False
01/390691,2,False
09/235802,2,False
01/34617,2,False
23/077825,2,False
10/16193,2,False
03/12659,2,False
24/45620,2,False
09/252561,2,False
01/462144,2,False
07/51801,2,False
04/50380,2,False
08/98081,2,False
01/489653,2,False
02/148445,2,False
10/53907,2,False
09/201948,2,False
15/457812,2,False
01/548759,2,False
01/136088,2,False
01/316390,2,False
23/69936,2,False
18/28124,2,False
23/174319,2,False
02289484,2,False
15/115543,2,False
01/401966,2,False
03/46338,2,False
03/097095,2,False
16/99391,2,False
23/82003,2,False
24/42619,2,False
07/63391,2,False
01/370186,2,False
24/108470,2,False
01/198940,2,False
02/196999,2,False
01/272794,2,False
03181226,2,False
02/340133,2,False
23/129521,2,False
01/350384,2,False
003 73216,2,False
08/34311,2,False
16/55960,2,False
05/40186,2,False
01/545311,2,False
03/141648,2,False
01/430775,2,False
04/79744,2,False
01/531349,2,False
23/105981,2,False
2353533,2,False
02/42338,2,False
02124572,2,False
01454064,2,False
13/42152,2,False
20/4152,2,False
20/14152,2,False
01/532013,2,False
126898,2,False
23/63013,2,False
22/96207,2,False
17/47603,2,False
0974248,2,False
17/12996,2,False
01/595039,2,False
02/30972,2,False
15/067938,2,False
1740828,2,False
15/223695,2,False
11/1200000,2,False
01/408795,2,False
04/85110,2,False
04/68137,2,False
01/473704,2,False
09/49960,2,False
24/54053,2,False
01/117868,2,False
17BB3374,2,False
19AE40503,2,False
01/520435,2,False
21AK72416,2,False
15/45415,2,False
04/20178,2,False
15/045214,2,False
00/407708,2,False
01/433438,2,False
09/110218,2,False
15/21094,2,False
01/326579,2,False
00/139610,2,False
01/377709,2,False
08/26776,2,False
14/13307,2,False
01/2600641,2,False
01/283623,2,False
11/13289,2,False
24/31521,2,False
22/136664,2,False
11/17217,2,False
03/87157,2,False
23/42856,2,False
24/214575,2,False
01/530473,2,False
15/138415,2,False
24/73665,2,False
01/79992,2,False
03/153716,2,False
04/74982,2,False
01/548713,2,False
01/312556,2,False
01123456,2,False
01/250608,2,False
01/357874,2,False
24/137210,2,False
22/40513,2,False
17/15734,2,False
03/78106,2,False
07/51476,2,False
23/006853,2,False
22/109245,2,False
12/52676,2,False
10/59015,2,False
23/199488,2,False
02/291424,2,False
24/117674,2,False
09/235765,2,False
08/38914,2,False
15/021596,2,False
02/101200,2,False
01/732904,2,False
23/249848,2,False
03/1150286,2,False
01/236586,2,False
22/53242,2,False
01/414270,2,False
23/206046,2,False
16/2431,2,False
23/61170,2,False
01/242222,2,False
23/137701,2,False
00/243131,2,False
02/234498,2,False
02/39537,2,False
01/159998,2,False
02/142086,2,False
02/68942,2,False
24/26589,2,False
18/38573,2,False
15/26997,2,False
08/83631,2,False
08/10270,2,False
15/57669,2,False
09/81013,2,False
09/169009,2,False
01/222417,2,False
02/157418,2,False
11/90002,2,False
02/64507,2,False
00/452579,2,False
10/64398,2,False
18/2738,2,False
02/234190,2,False
02/270940,2,False
02/234105,2,False
01/505231,2,False
02/32820,2,False
7597764203,2,False
1802472628,2,False
23/208960,2,False
604294ZB9U,2,False
15/97115,2,False
02/80210,2,False
02/220668,2,False
04/483371,2,False
24127682,2,False
02/80342,2,False
24/58540,2,False
01/3652141,2,False
23/1437580,2,False
01/76658,2,False
........,2,False
12/63930,2,False
23AA95168,2,False
01/44649,2,False
2310029,2,False
01139225,2,False
1481143,2,False
01325300,2,False
02/279290,2,False
00/12222,2,False
01/325300,2,False
03/204554,2,False
01/32955,2,False
23/11739,2,False
22/2186,2,False
08/2267,2,False
17/22050,2,False
09/75153,2,False
01/163504,2,False
24/98459,2,False
11/332154,2,False
14/149088,2,False
23/18330,2,False
01/185275,2,False
23/145421,2,False
01/224085,2,False
01/231457,2,False
21/15129,2,False
01/363394,2,False
23/140698,2,False
22/25270,2,False
01/342811,2,False
01/245987,2,False
08/42058,2,False
23/127481,2,False
04/462594,2,False
02/256309,2,False
04/424502,2,False
15/16805,2,False
24/71093,2,False
01/0051415,2,False
16/50155,2,False
23/33234,2,False
01/262896,2,False
23/161706,2,False
23/1611706,2,False
24/139190,2,False
24/185190,2,False
01/108044,2,False
09/235071,2,False
23/183265,2,False
21/17879,2,False
24/12422,2,False
06/72439,2,False
23/66345,2,False
01/1148593,2,False
13/51530,2,False
13/45759,2,False
06/19161,2,False
02/20021,2,False
23/6344430,2,False
00293264,2,False
24/164689,2,False
01/214566,2,False
00/5555,2,False
23/202205,2,False
23/86027,2,False
01/398205,2,False
01/394436,2,False
7910062118,2,False
22/81015,2,False
23/194445,2,False
01/447278,2,False
03/140688,2,False
15/57473,2,False
03/56746,2,False
23/75877,2,False
02/115661,2,False
23/196996,2,False
02/1598,2,False
02/253626,2,False
02/230607,2,False
19/36224,2,False
U17M380010,2,False
09/122367,2,False
19/9910,2,False
17/32231,2,False
01/105356,2,False
22/21119,2,False
01/122916,2,False
02/267862,2,False
02/24677,2,False
15/25487,2,False
15/02323,2,False
24/29079,2,False
01/738566,2,False
08/21501,2,False
02/17799,2,False
09/109598,2,False
02/196368,2,False
24/83715,2,False
23/46358,2,False
24/45031,2,False
15/124559,2,False
22/138746,2,False
24/76786,2,False
1762647,2,False
22/100196,2,False
09/82541,2,False
23/19243,2,False
05/85657,2,False
24AA64596*,2,False
22/014930,2,False
24/7948,2,False
03/15200,2,False
15/134119,2,False
01/49352,2,False
15/35308,2,False
23/266166,2,False
01/2256,2,False
24/118765,2,False
01/752024,2,False
23/204800,2,False
01/224050,2,False
01/751491,2,False
04/136090,2,False
23/129444,2,False
04/61165,2,False
01/264366,2,False
01/355890,2,False
14/101523,2,False
15/00235,2,False
14/24513,2,False
01/425181,2,False
01/3658210,2,False
15/2081023,2,False
15/788414,2,False
03/127438,2,False
23/10491,2,False
24/97518,2,False
14/35820,2,False
01/499648,2,False
02/337858,2,False
01/396910,2,False
14/90071,2,False
02/277247,2,False
16/007369,2,False
16/7369,2,False
17/4865,2,False
01/448401,2,False
01/388922,2,False
9404751031,2,False
02/290329,2,False
00/310889,2,False
24/23005,2,False
03/53254,2,False
23/218318,2,False
01/442780,2,False
14/153953,2,False
23/67335,2,False
010222587,2,False
23/140625,2,False
01/131710,2,False
15/0232,2,False
09/88407,2,False
02/322002,2,False
19/563468,2,False
01/26532,2,False
15/49653,2,False
07/7304,2,False
01/229863,2,False
02/92016,2,False
19/0030402,2,False
02/158562,2,False
01/301171,2,False
22/159537,2,False
07/027649,2,False
23/2003,2,False
02/129004,2,False
01/129004,2,False
00/395842,2,False
66/66666,2,False
01/388427,2,False
01/300262,2,False
01/322979,2,False
7811062102,2,False
04/94745,2,False
00/469769,2,False
05/37511,2,False
24/67245,2,False
15/55518,2,False
08/67481,2,False
16/65758,2,False
01/310692,2,False
19/29027,2,False
01/498828,2,False
02/521176,2,False
03/065510,2,False
01/23598,2,False
17/22724,2,False
23/183649,2,False
01/375940,2,False
01/384992,2,False
07/32661,2,False
03/210937,2,False
04/93901,2,False
15/98033,2,False
09/189659,2,False
23/126260,2,False
01/545938,2,False
24/85199,2,False
02/40659,2,False
24/109051,2,False
02/145911,2,False
10/15358,2,False
23/55117,2,False
23/176916,2,False
01/250998,2,False
01/120266,2,False
01/522312,2,False
24/143314,2,False
02/111417,2,False
03107754,2,False
01/423921,2,False
02/333416,2,False
09/33282,2,False
22/169338,2,False
03/111093,2,False
02/191262,2,False
08/54712,2,False
01/1456545,2,False
15/138561,2,False
23/235860,2,False
00/421703,2,False
07/84322,2,False
02/246756,2,False
07/2560,2,False
00/429961,2,False
14/180831,2,False
08/41230,2,False
08/06417,2,False
04/123316,2,False
02/132947,2,False
22/0066890,2,False
22/26525,2,False
01/467760,2,False
22/40544,2,False
15/025693,2,False
01/262490,2,False
01/508538,2,False
22/143681,2,False
01/452361,2,False
01/425473,2,False
01/387447,2,False
22/65631,2,False
01/374961,2,False
01/185356,2,False
01/149887,2,False
01/112115,2,False
13/24226,2,False
00/384721,2,False
23/80588,2,False
01/160263,2,False
16/56655,2,False
23/102653,2,False
00/446767,2,False
02/152102,2,False
09/58435,2,False
22/11318,2,False
01/286947,2,False
15/02569,2,False
03/345845,2,False
03/102556,2,False
24/162823,2,False
180020/850,2,False
03/82359,2,False
24/1259,2,False
03/82101,2,False
21/10786,2,False
01/294402,2,False
09/92272,2,False
01/2324574,2,False
17/2520109,2,False
0049200650,2,False
13/027842,2,False
03/192094,2,False
07/184162,2,False
21/59141,2,False
21/55716,2,False
24/98400,2,False
04/50944,2,False
23/221570,2,False
08/71134,2,False
05/92098,2,False
23/71422,2,False
23/33926,2,False
11/35580,2,False
18/36539,2,False
15/778848,2,False
02/83386,2,False
01/203244,2,False
01/477347,2,False
24/82321,2,False
04/192259,2,False
21/3657,2,False
22/7277,2,False
23/184086,2,False
22/60969,2,False
22/110417,2,False
01/60836,2,False
03/204686,2,False
02122009,2,False
00/000031,2,False
11/1992,2,False
01/1822698,2,False
23/66873,2,False
22/114659,2,False
12/75744,2,False
23/170550,2,False
23180704,2,False
01280240,2,False
23/220323,2,False
01/369039,2,False
02/234708,2,False
09/116345,2,False
01/504412,2,False
03/1253,2,False
09/109712,2,False
02/70168,2,False
01/249539,2,False
12/15034,2,False
23/171866,2,False
01/453395,2,False
24/25708,2,False
03/199471,2,False
01/137514,2,False
01/738896,2,False
01/463431,2,False
00208121,2,False
07/219496,2,False
01/526680,2,False
01/19756,2,False
15/14623,2,False
01/25689,2,False
06/65762,2,False
24121615,2,False
01/549254,2,False
03/152894,2,False
08/13833,2,False
23/161980,2,False
01/257570,2,False
01328473,2,False
13/18301,2,False
09/176023,2,False
05/121765,2,False
22/62505,2,False
00/280552,2,False
1355850,2,False
02/203473,2,False
00/4555122,2,False
B30001F256,2,False
22/25252,2,False
23/145162,2,False
23/158375,2,False
1/456126,2,False
19/17888,2,False
18/9036,2,False
21/000259,2,False
01/524273,2,False
00/308321,2,False
03/170753,2,False
24/87566,2,False
22/56326,2,False
02/198545,2,False
02/878744,2,False
01/204777,2,False
23/244243,2,False
23/127528,2,False
05190047,2,False
09/157282,2,False
09/23564,2,False
14/97604,2,False
04/78085,2,False
01/847482,2,False
01/12817,2,False
01/134445,2,False
01/590454,2,False
23/99279,2,False
22/178341,2,False
15/002581,2,False
01/739555,2,False
00/345849,2,False
1232761,2,False
1189541,2,False
2488639,2,False
01/191494,2,False
16/50117,2,False
02/299315,2,False
23/54533,2,False
01/167421,2,False
01/558076,2,False
23/49325,2,False
02/116042,2,False
02/136123,2,False
02/17725,2,False
23/157999,2,False
24/8431,2,False
09/95023,2,False
09/204928,2,False
18/16891,2,False
04/135739,2,False
22/174970,2,False
01/392114,2,False
23/82160,2,False
22/81002,2,False
21/007859,2,False
01/212158,2,False
23/151644,2,False
01/392323,2,False
02/149371,2,False
02/295927,2,False
09/190040,2,False
13/5436,2,False
24/95958,2,False
14/114131,2,False
22/1859,2,False
02/985625,2,False
17/5291,2,False
01/510197,2,False
0100023,2,False
23/103306,2,False
03/1245,2,False
03/1233,2,False
14/12582,2,False
00/410995,2,False
24/44998,2,False
23/66849,2,False
00/397833,2,False
02/360622,2,False
23/238676,2,False
23/234042,2,False
01/300716,2,False
02/74454,2,False
17/13397,2,False
09/177048,2,False
14/181373,2,False
D2179942,2,False
17/227500,2,False
01/363738,2,False
01/319917,2,False
01/488209,2,False
22/96716,2,False
14/125660,2,False
02/3565475,2,False
09/71732,2,False
24/091822,2,False
23/57471,2,False
23/268612,2,False
23/165776,2,False
03/12350,2,False
07/119878,2,False
01/419358,2,False
08/25631,2,False
23/110071,2,False
11/0911966,2,False
09/146109,2,False
09/39227,2,False
15/41962,2,False
02/95481,2,False
23/130119,2,False
01/325689,2,False
02/2360,2,False
17AN17820,2,False
14/13004,2,False
02/73344,2,False
01/527548,2,False
01/411452,2,False
15/44778,2,False
15/15581,2,False
00/444321,2,False
24/34496,2,False
24/59553,2,False
09/82856,2,False
STATIONNER,2,False
03/26595,2,False
00/1100000,2,False
15/79404,2,False
12/35395,2,False
01/741683,2,False
16/14437,2,False
03/95420,2,False
15/02154,2,False
01/490844,2,False
22/55230,2,False
24/91454,2,False
02/485785,2,False
24/38095,2,False
24/25478,2,False
13/69263,2,False
09/154187,2,False
4/23370,2,False
23/2478339,2,False
09/35120,2,False
09/60250,2,False
02/102869,2,False
23/149256,2,False
13/29074,2,False
19/11038,2,False
14/145665,2,False
01/59804,2,False
01/287278,2,False
23/44168,2,False
16/49122,2,False
09/32724,2,False
00/0120,2,False
03/245005,2,False
00/4496810,2,False
22/121105,2,False
04/122992,2,False
09/98050,2,False
14/176570,2,False
03/130602,2,False
10/24792,2,False
24/70209,2,False
01/215505,2,False
04/111904,2,False
23/129409,2,False
23/66218,2,False
01/389366,2,False
19/79135,2,False
06/16948,2,False
03/35948,2,False
00/329047,2,False
24/112223,2,False
24124031,2,False
24/124031,2,False
22/121500,2,False
02/124443,2,False
02/896574,2,False
03/1251,2,False
09469374,2,False
07/157298,2,False
01/5444584,2,False
03/196445,2,False
01/443631,2,False
15/59934,2,False
23/78529,2,False
18/49167,2,False
01/215632,2,False
02/178427,2,False
22/173382,2,False
01/98271,2,False
01/84905,2,False
22/153853,2,False
00/251655,2,False
04/191183,2,False
22/156438,2,False
01/254897,2,False
07/68871,2,False
01/171919,2,False
01/368114,2,False
14/180224,2,False
09/136441,2,False
23/79463,2,False
01/141372,2,False
01/524297,2,False
23/211118,2,False
04/91136,2,False
01/311892,2,False
01/324503,2,False
14/36059,2,False
24/13453,2,False
00/01010,2,False
14/177152,2,False
02/317617,2,False
24/122278,2,False
01/236548,2,False
06/57925,2,False
07/19125,2,False
04/147492,2,False
09/171739,2,False
23/82060,2,False
21/60633,2,False
14/130499,2,False
15/82705,2,False
15/123659,2,False
02/172168,2,False
15/34905,2,False
15/024512,2,False
19/25540,2,False
02/332503,2,False
22/39121,2,False
04/048738,2,False
24/166890,2,False
09/95349,2,False
00442533,2,False
U123Y085K,2,False
01/481774,2,False
23/252052,2,False
03/145086,2,False
01/72181,2,False
01/408186,2,False
22/4268,2,False
02/126080,2,False
22/0019732,2,False
01/450426,2,False
0591773,2,False
06/21527,2,False
24/68637,2,False
23/195128,2,False
01/387104,2,False
01/1000000,2,False
22/122682,2,False
04/103173,2,False
05/20961,2,False
01/308207,2,False
01/256514,2,False
09/108748,2,False
07/0772,2,False
23/28425,2,False
07/12220,2,False
22/150133,2,False
24/254147,2,False
22/136402,2,False
00/361666,2,False
22/62920,2,False
24/72914,2,False
15/56411,2,False
01/299689,2,False
21AC83725,2,False
15/114009,2,False
08/36027,2,False
20/364141,2,False
22/120064,2,False
23/44382,2,False
02/85898,2,False
16/010375,2,False
16/10375,2,False
01/103701,2,False
01/114136,2,False
07/129700,2,False
04/89724,2,False
03/15699,2,False
03/156987,2,False
24/39250,2,False
01/513053,2,False
01/438744,2,False
10/86973,2,False
01/255060,2,False
13/58530,2,False
01/180488,2,False
14/46913,2,False
02/103359,2,False
01/2546987,2,False
22/46484,2,False
04/53985,2,False
00292409,2,False
00/292409,2,False
18/10683,2,False
10/43773,2,False
08/46371,2,False
23/23772,2,False
22/49843,2,False
01/495188,2,False
17/ 06854,2,False
23/3156,2,False
16/86204,2,False
15/302154,2,False
01/35778,2,False
03/112630,2,False
24/106642,2,False
23/201825,2,False
10/22579,2,False
00/ 000000,2,False
04/39351,2,False
24/118331,2,False
23/220528,2,False
01/340376,2,False
07/63294,2,False
22/82515,2,False
01/211984,2,False
04/170662,2,False
02/299233,2,False
15/25612,2,False
00/405980,2,False
04/160389,2,False
02/111913,2,False
24/70529,2,False
24/73671,2,False
03/15029,2,False
01/527418,2,False
01/466934,2,False
02/260875,2,False
23/41706,2,False
02/208027,2,False
00/368164,2,False
07/101815,2,False
14/123932,2,False
14/175663,2,False
18/17433,2,False
01/477897,2,False
01183683,2,False
23/154251,2,False
23/20196,2,False
23/1934324,2,False
15/101730,2,False
13/51208,2,False
08/44724,2,False
03/254025,2,False
01/0127892,2,False
24/24722,2,False
23/215796,2,False
24/97321,2,False
19/611202,2,False
61/120250,2,False
24/236458,2,False
24/70306,2,False
19/005287,2,False
24/16900,2,False
24/169176,2,False
24/2157,2,False
23/20887,2,False
23/102900,2,False
23/179475,2,False
01/404172,2,False
23/90126,2,False
14/12643,2,False
09/160230,2,False
01/986532,2,False
03/19469,2,False
02/254846,2,False
01/555021,2,False
00/7811,2,False
01/542913,2,False
01/177912,2,False
00/340424,2,False
01/536337,2,False
15/29983,2,False
19/1735,2,False
01/221411,2,False
01/53096,2,False
02/284738,2,False
09/159256,2,False
15/02365,2,False
24/122395,2,False
01/244542,2,False
01/367656,2,False
01/492519,2,False
SSTATIONEE,2,False
03/223503,2,False
23/152823,2,False
02/336793,2,False
03/261682,2,False
01/553155,2,False
23/246713,2,False
22105820,2,False
00/338705,2,False
03/180683,2,False
03/92279,2,False
03/103412,2,False
10/62844,2,False
1419103,2,False
22/123826,2,False
14/176289,2,False
14/16179,2,False
11/43831,2,False
09/230416,2,False
2 139881,2,False
01/457624,2,False
19/16653,2,False
12/17179,2,False
16AH81479,2,False
15/92289,2,False
05/3035,2,False
09/65891,2,False
14/64249,2,False
02/230208,2,False
01/280133,2,False
22/125430,2,False
15/52925,2,False
1552925,2,False
18/15516,2,False
01/5445411,2,False
17/025141,2,False
10/60049,2,False
23/206002,2,False
12/63830,2,False
09/160729,2,False
17/18523,2,False
13/15912,2,False
19/12541,2,False
21/34181,2,False
02/322634,2,False
10/44877,2,False
01/215826,2,False
25/95816,2,False
01/88888,2,False
14/206295,2,False
24/13653,2,False
02/2548744,2,False
09/207401,2,False
22/89325,2,False
09/178153,2,False
23/212094,2,False
02/349956,2,False
01/43784,2,False
03/56373,2,False
09/131436,2,False
01/490764,2,False
15/022369,2,False
04/85780,2,False
22/43009,2,False
12/0032669,2,False
03/156002,2,False
05/37045,2,False
12/40123,2,False
21/47985,2,False
04/88112,2,False
23/706720,2,False
0122222223,2,False
0457516,2,False
02/125735,2,False
02/332233,2,False
15/141768,2,False
02/5574588,2,False
24/77898,2,False
15/137844,2,False
02/8489854,2,False
02/6444855,2,False
00/115115,2,False
07/87572,2,False
04/170589,2,False
15/92258,2,False
01/439319,2,False
03/201850,2,False
10/66645,2,False
01/480371,2,False
17/45421,2,False
23/26865,2,False
11/27742,2,False
23/168305,2,False
22/114430,2,False
00/362729,2,False
09/231189,2,False
01/326598,2,False
15/17445,2,False
00/1451254,2,False
01/489410,2,False
03/93018,2,False
00/427123,2,False
01/551528,2,False
22/124834,2,False
02/10512,2,False
01/289419,2,False
01/328660,2,False
01/2536236,2,False
01/2545884,2,False
03/250608,2,False
15/129758,2,False
10/62643,2,False
02/344215,2,False
12/32698,2,False
24/104740,2,False
00/254821,2,False
02/109583,2,False
09/114898,2,False
01/451225,2,False
24/99119,2,False
07/15190,2,False
03/31175,2,False
05/976422,2,False
02/303354,2,False
01/419530,2,False
23/117122,2,False
23/132124,2,False
07/00252,2,False
15/002369,2,False
01/319606,2,False
24/85881,2,False
04/7220,2,False
15/023691,2,False
02/131982,2,False
14/181794,2,False
09/147161,2,False
24/26648,2,False
03/9307,2,False
07/106246,2,False
05/24664,2,False
06/31332,2,False
08/7061003,2,False
19/7596,2,False
01/225507,2,False
02/175933,2,False
23/111416,2,False
16/23877,2,False
05/81065,2,False
24/79991,2,False
04/73048,2,False
13/039027,2,False
01/372131,2,False
01/520277,2,False
22/174292,2,False
02/36541,2,False
00/441407,2,False
24/140087,2,False
09/256745,2,False
02/68104,2,False
06130510,2,False
09/15578,2,False
01/737024,2,False
0410293,2,False
01/513022,2,False
14/35628,2,False
01/15572,2,False
02/92073,2,False
14/153336,2,False
01/549965,2,False
03/52118,2,False
01/138792,2,False
15/81472,2,False
15/50865,2,False
02/162137,2,False
15/2173,2,False
01/772378,2,False
09/194899,2,False
01/2563,2,False
0255222,2,False
03/157357,2,False
14/67637,2,False
24155919,2,False
15/42581,2,False
22/183683,2,False
14/192076,2,False
24/71403,2,False
00/297518,2,False
02/223318,2,False
01/2501925,2,False
23/1290,2,False
02/12547,2,False
13/40453,2,False
02/30690,2,False
24/001713,2,False
07/195920,2,False
07/22452,2,False
02/214454,2,False
02/169109,2,False
24/13529,2,False
01/443099,2,False
05/1085262,2,False
01/400065,2,False
02/302333,2,False
19/13985,2,False
05/46669,2,False
01/60212,2,False
01/60216,2,False
02/142956,2,False
04/49584,2,False
01/542984,2,False
22/91079,2,False
14/103115,2,False
02/76251,2,False
23/131427,2,False
08/81814,2,False
15/15597,2,False
23/247057,2,False
23/60669,2,False
03/165800,2,False
09/115978,2,False
01/439179,2,False
22/15173,2,False
11/75093,2,False
08/83934,2,False
08/754215,2,False
09/000000,2,False
10/13889,2,False
00/433834,2,False
23/245404,2,False
00/340380,2,False
02/274075,2,False
09/112156,2,False
21/6124,2,False
01/265228,2,False
01/2494458,2,False
03/457102,2,False
09/156686,2,False
09/42574,2,False
01/290058,2,False
01/34296,2,False
1584587,2,False
002457340,2,False
22/128846,2,False
01/394864,2,False
10/22654,2,False
24/137364,2,False
16/30725,2,False
17/30794,2,False
02/254877,2,False
23/205664,2,False
02/226215,2,False
09/212654,2,False
97/6422,2,False
21/45042,2,False
09/456321,2,False
09/122939,2,False
16/61317,2,False
01/169845,2,False
22/103926,2,False
02/304638,2,False
09/85180,2,False
03/85818,2,False
17/21224,2,False
02/206767,2,False
24/161819,2,False
01/732321,2,False
22/47673,2,False
15/104841,2,False
24/116418,2,False
01/421843,2,False
02/338867,2,False
01/24758,2,False
23/253600,2,False
01327832,2,False
23/16102,2,False
02/230521,2,False
01/490512,2,False
K6W6993K30,2,False
02/114206,2,False
22/118920,2,False
11/657363,2,False
24/97559,2,False
03/1565,2,False
01/379363,2,False
77/062432,2,False
05/35504,2,False
15/14254,2,False
21/32006,2,False
00/450379,2,False
00/455111,2,False
23/110912,2,False
22/74933,2,False
12/72894,2,False
03/155496,2,False
22/31825,2,False
04/108980,2,False
01/735761,2,False
24/155818,2,False
01/1452369,2,False
01/368657,2,False
02/127295,2,False
09/65211,2,False
01/417560,2,False
19/003260,2,False
01/463871,2,False
14/62462,2,False
03/113179,2,False
19/88574,2,False
12/009801,2,False
24BD76822,2,False
09/539752,2,False
14174474,2,False
01/202670,2,False
22/68887,2,False
01/1485769,2,False
15/148023,2,False
15/22177,2,False
09/117663,2,False
09/175229,2,False
09/68455,2,False
01/511458,2,False
24/31182,2,False
01/326352,2,False
07/195160,2,False
15/5838,2,False
22/16448,2,False
22/95246,2,False
01/552626,2,False
01/226175,2,False
07/225076,2,False
01/42774,2,False
01/151570,2,False
01/293437,2,False
02/11736,2,False
24/31318,2,False
01/111120,2,False
01/385015,2,False
03/146405,2,False
02/02354,2,False
00/380346,2,False
15/55636,2,False
24/55384,2,False
01/133692,2,False
09/173442,2,False
01/20346,2,False
01/110723,2,False
01/100319,2,False
08/77096,2,False
16/94329,2,False
09223729,2,False
16/37790,2,False
22/183753,2,False
01/325643,2,False
23/237921,2,False
02/278478,2,False
02/50530,2,False
09/100805,2,False
02/7844645,2,False
02118023,2,False
00/429943,2,False
10/74766,2,False
19/31016,2,False
23/95608,2,False
24/135076,2,False
13/60985,2,False
00/361801,2,False
2367852,2,False
17/16849,2,False
24/110774,2,False
05/53531,2,False
01/67090,2,False
20/36683,2,False
01/478519,2,False
24/134726,2,False
01/67014,2,False
15/4780,2,False
24/68961,2,False
22/128117,2,False
15/59708,2,False
01/469688,2,False
02062536,2,False
09/197894,2,False
01250360,2,False
00/314458,2,False
21/002976,2,False
17/51084,2,False
24/146218,2,False
14/0023,2,False
08/2010,2,False
02/122291,2,False
14/166338,2,False
17A087253,2,False
00/1200000,2,False
23/218588,2,False
09/263256,2,False
19/002456,2,False
01/522230,2,False
09/90590,2,False
22032018,2,False
06/43457,2,False
24/92482,2,False
23/61789,2,False
2335743,2,False
23/35743,2,False
03/62466,2,False
02/147142,2,False
17AA52117,2,False
07/125323,2,False
02/2456987,2,False
01/9981,2,False
02/65866,2,False
06/30705,2,False
09/191899,2,False
24/88302,2,False
09/83556,2,False
02/214006,2,False
22/129374,2,False
08/30870,2,False
01/126213,2,False
13/64045,2,False
16/71683,2,False
19/00242,2,False
02/177976,2,False
03/77489,2,False
23/228090,2,False
23/57240,2,False
02/329084,2,False
03/019297,2,False
24/54303,2,False
24/0222450,2,False
01/484072,2,False
19/34674,2,False
12/128050,2,False
02157316,2,False
02/265931,2,False
02/2222222,2,False
02/2536525,2,False
02/125142,2,False
24/0013323,2,False
02/191143,2,False
08/108445,2,False
00/463146,2,False
15/124143,2,False
24/118776,2,False
04/118503,2,False
15/41131,2,False
24/30193,2,False
09/023236,2,False
15/007788,2,False
02/887456,2,False
23/118035,2,False
16/1541,2,False
01/212809,2,False
13/59312,2,False
02/232609,2,False
STATIONNEE,2,False
02/321864,2,False
01/52479,2,False
04/191666,2,False
21/22576,2,False
23199640,2,False
13/14269,2,False
97/0571500,2,False
22/60365,2,False
01/493627,2,False
03/321571,2,False
03/782610,2,False
03/254781,2,False
01/413772,2,False
23AU30794,2,False
08/86602,2,False
01/340147,2,False
01/45111,2,False
16/47273,2,False
07182496,2,False
01/742036,2,False
01/104085,2,False
02/232426,2,False
01/503551,2,False
09/267065,2,False
1361319,2,False
09/94591,2,False
01/256981,2,False
23/190372,2,False
24/104745,2,False
15/59395,2,False
22/95283,2,False
14/00141,2,False
01/492012,2,False
01/318012,2,False
09/151501,2,False
24/25687,2,False
18/19860,2,False
23/4820,2,False
01/376252,2,False
18/566480,2,False
12/830275,2,False
03/175504,2,False
STATIONEME,2,False
23/261471,2,False
1357013,2,False
01/210060,2,False
01/350619,2,False
10/59278,2,False
09/184982,2,False
01/79653,2,False
02/28744,2,False
02/125579,2,False
02/74775,2,False
18/21782,2,False
14/675546,2,False
02/110448,2,False
07/98497,2,False
150149632,2,False
09/244533,2,False
07/49653,2,False
24/214579,2,False
00/432699,2,False
24/235147,2,False
24/97501,2,False
23/259890,2,False
15/48280,2,False
09/260527,2,False
09/235352,2,False
23/98664,2,False
04/99083,2,False
22/115288,2,False
23/85011,2,False
06/41101,2,False
14/11304,2,False
19/85763,2,False
02/47332,2,False
22/28765,2,False
01/19526,2,False
01/25497,2,False
01/490692,2,False
24/29392,2,False
24/91106,2,False
19/16218,2,False
12/55816,2,False
01/1224565,2,False
02/83917,2,False
01/241559,2,False
00/339997,2,False
01/365526,2,False
02/314596,2,False
04/56421,2,False
03/72888,2,False
23/8998,2,False
22/15529,2,False
01/0548314,2,False
02/58863,2,False
01/285424,2,False
02/178980,2,False
03/23301,2,False
09/73252,2,False
03/45122,2,False
08/0912009,2,False
02/159875,2,False
08/12647,2,False
22/41202,2,False
01/0125253,2,False
12/00780,2,False
01/245996,2,False
02/56455,2,False
02/74723,2,False
23/17567,2,False
03/111659,2,False
05/62941,2,False
01412716,2,False
03/270595,2,False
24/13495,2,False
2469362,2,False
01/71703,2,False
01/236540,2,False
02/271732,2,False
01/411213,2,False
01/187946,2,False
0 /000000.,2,False
01/574997,2,False
01/304619,2,False
01/474134,2,False
03/267462,2,False
14/64108,2,False
07/130081,2,False
01/544110,2,False
14/76645,2,False
09/162984,2,False
23/219093,2,False
15/23927,2,False
21/51819,2,False
09/88712,2,False
01/149789,2,False
05/26953,2,False
09/83775,2,False
10/34791,2,False
14/020702,2,False
07/237914,2,False
14/31696,2,False
07/126985,2,False
09/50018,2,False
01/5746454,2,False
17/28227,2,False
24/103068,2,False
09/187007,2,False
24/17211,2,False
01/745173,2,False
19/20897,2,False
14/23986,2,False
09/53424,2,False
00/409517,2,False
16/56277,2,False
03/161888,2,False
19/855455,2,False
14/55924,2,False
01/87609,2,False
14/108867,2,False
23/118143,2,False
24/118141,2,False
22/187543,2,False
19/22196,2,False
24/214578,2,False
09/74779,2,False
2468916,2,False
0136495,2,False
15/7485,2,False
06/37828,2,False
01/265344,2,False
14/129583,2,False
14/26313,2,False
04/87997,2,False
24/37322,2,False
12/00740,2,False
23/254189,2,False
23178245,2,False
15/135880,2,False
09/028531,2,False
02/249485,2,False
01/409484,2,False
01/400899,2,False
09/54520,2,False
21/17877,2,False
04/187982,2,False
22/120366,2,False
01/557021,2,False
23/253689,2,False
23/7999,2,False
14/68620,2,False
08/08754,2,False
01/39604,2,False
15/30417,2,False
24/100402,2,False
01/273488,2,False
01/422112,2,False
15/45812,2,False
04/74690,2,False
15/65336,2,False
23/150704,2,False
03/152680,2,False
15/021458,2,False
21/41673,2,False
04/61334,2,False
01/745623,2,False
08/452478,2,False
22/94627,2,False
16/73473,2,False
24/54876,2,False
15/21458,2,False
15/82791,2,False
21/023283,2,False
02/959154,2,False
00406326,2,False
15/107349,2,False
01353394,2,False
14/85398,2,False
01/515558,2,False
21/11664,2,False
08/99086,2,False
11/001908,2,False
09/255298,2,False
22/46897,2,False
14/144894,2,False
04/21214,2,False
1050212,2,False
12/9710,2,False
08/101963,2,False
23/164147,2,False
16/90956,2,False
03/148520,2,False
03/78016,2,False
23/208568,2,False
01/245545,2,False
02/411244,2,False
01/362997,2,False
01/419372,2,False
08/50901,2,False
14/31647,2,False
22/131077,2,False
14/010101,2,False
09/49992,2,False
01/324154,2,False
02/313368,2,False
24/179695,2,False
01/165519,2,False
19/07257,2,False
19/885741,2,False
24/6862,2,False
14/75688,2,False
16/80598,2,False
24/110645,2,False
09/219515,2,False
00/298820,2,False
02/299510,2,False
05/5445641,2,False
15/9882,2,False
01/591914,2,False
01/124789,2,False
02/80547,2,False
09/246206,2,False
01/329170,2,False
02/233572,2,False
01/404355,2,False
15/95859,2,False
02/40461,2,False
22/45137,2,False
05/68843,2,False
24/110973,2,False
15/127574,2,False
03/12549,2,False
16/15829,2,False
02/44154,2,False
18AX14461,2,False
11/52013,2,False
15/74578,2,False
02/228757,2,False
05/11591,2,False
01/450666,2,False
24/43863,2,False
23/184212,2,False
12/2132,2,False
08/87577,2,False
09/225241,2,False
24/141810,2,False
24/25519,2,False
12/30322,2,False
01/24806,2,False
01/588799,2,False
23/209540,2,False
14/70057,2,False
14/17556,2,False
18/26772,2,False
08/46831,2,False
01/110568,2,False
23/245829,2,False
17AA65599,2,False
10/38452,2,False
01/178777,2,False
24/7947,2,False
23/34653,2,False
01/281971,2,False
09/63761,2,False
11/30672,2,False
24/163024,2,False
09/140134,2,False
14/87724,2,False
03/282672,2,False
18/57439,2,False
01/1254555,2,False
09/1540,2,False
21/48556,2,False
01/221678,2,False
U18N94891K,2,False
02/296107,2,False
24/99253,2,False
23/128254,2,False
04/61258,2,False
09/79216,2,False
00/256714,2,False
01/481833,2,False
08/29931,2,False
23/46909,2,False
02/353029,2,False
24/149578,2,False
01/236500,2,False
07/154574,2,False
15/45648,2,False
04/146271,2,False
24/83012,2,False
02/214022,2,False
09/135170,2,False
09/221654,2,False
01/189356,2,False
03195111,2,False
1557719,2,False
02/588784,2,False
22/68354,2,False
22/164400,2,False
09/31625,2,False
01/221235,2,False
19/16068,2,False
23/228354,2,False
23256222,2,False
02/62374,2,False
00/374660,2,False
02/000637,2,False
01/159347,2,False
24/178862,2,False
23/146724,2,False
22/116927,2,False
01/312859,2,False
31/23744,2,False
09/206449,2,False
01/85445,2,False
01/367067,2,False
01/75883,2,False
05/44955,2,False
09/262725,2,False
02/260219,2,False
01747463,2,False
14/89344,2,False
02/203343,2,False
08/38806,2,False
23/125954,2,False
09/75720,2,False
24/4582,2,False
01/217688,2,False
22/190189,2,False
09/60880,2,False
21/12668,2,False
02/257422,2,False
21/58763,2,False
01360668,2,False
01/65076,2,False
22/96753,2,False
24/69523,2,False
02/52454,2,False
24/89585,2,False
24/55817,2,False
01/65456,2,False
12/14728,2,False
03/33625,2,False
08/6121,2,False
04/205089,2,False
09/92761,2,False
01/493325,2,False
02/273231,2,False
07/83323,2,False
08/000771,2,False
03/108686,2,False
09/13156,2,False
21/20842,2,False
01/225485,2,False
23/260657,2,False
01/1478569,2,False
00/1220000,2,False
24/68231,2,False
15/4527,2,False
03/281561,2,False
03/168410,2,False
23/161819,2,False
01/4453569,2,False
14/102313,2,False
23/52401,2,False
22/175589,2,False
03/196761,2,False
00/357214,2,False
14/71497,2,False
22/22101,2,False
02/105309,2,False
23228577,2,False
02/197687,2,False
21/049990,2,False
21/10341,2,False
16/64301,2,False
19HT56151,2,False
01/292876,2,False
02/85693,2,False
23/111456,2,False
08/88297,2,False
01366049,2,False
22/139005,2,False
23/265354,2,False
02/547887,2,False
04/142206,2,False
13BF63510,2,False
01/275277,2,False
08/102505,2,False
24/76686,2,False
2262955,2,False
02/266057,2,False
23/113803,2,False
04/87466,2,False
01/306924,2,False
09/246996,2,False
23/171422,2,False
23/249013,2,False
02/328739,2,False
12/29737,2,False
04/88789,2,False
01/330416,2,False
15/63296,2,False
15/13982,2,False
07/1263,2,False
21/08056,2,False
0302691022,2,False
15/79271,2,False
J01005ZWE7,2,False
09/0258295,2,False
24/4216,2,False
02/257576,2,False
11/2560,2,False
01/739734,2,False
01/221034,2,False
07/49575,2,False
23/75712,2,False
19/00980,2,False
09/224327,2,False
23/160223,2,False
01/541164,2,False
00/454030,2,False
23/145948,2,False
00/362742,2,False
07/165795,2,False
03/204508,2,False
02/326095,2,False
02/162706,2,False
23/216036,2,False
01/1768408,2,False
09/236173,2,False
06/16242,2,False
22/31192,2,False
02/11111,2,False
01/457956,2,False
02/237897,2,False
01/300617,2,False
01/754692,2,False
2362502,2,False
07/119329,2,False
01/366640,2,False
07/230976,2,False
24/116611,2,False
13/69150,2,False
24/31665,2,False
09/147499,2,False
20/15430,2,False
23/141023,2,False
21/15508,2,False
03133308,2,False
01/236432,2,False
02/81749,2,False
21/20534,2,False
19AX04390,2,False
07/127141,2,False
02/317517,2,False
03/237849,2,False
23/135675,2,False
01/466604,2,False
21/43540,2,False
02/266195,2,False
01/75347,2,False
22/50695,2,False
04/127815,2,False
0407778100,2,False
04/11630,2,False
21/24512,2,False
03/262775,2,False
16/28253,2,False
10/12121,2,False
01/1478659,2,False
01/747974,2,False
21/27585,2,False
12/54309,2,False
A04445796,2,False
01/187868,2,False
09/102240,2,False
01/111114,2,False
22/187276,2,False
21/13789,2,False
02/204706,2,False
24/87463,2,False
20/42420,2,False
19/12053,2,False
22/12427,2,False
01/124567,2,False
03/230308,2,False
00/373522,2,False
12/085142,2,False
15/151496,2,False
01/594781,2,False
01/392647,2,False
19/23219,2,False
24/126172,2,False
01/61761,2,False
04/97148,2,False
03/206601,2,False
13/65924,2,False
24/172165,2,False
24/172169,2,False
00/319522,2,False
04/170095,2,False
01/232286,2,False
10/62192,2,False
09264778,2,False
01/771089,2,False
23/215605,2,False
01/529614,2,False
02/25244,2,False
23/255090,2,False
02/30796,2,False
02/274490,2,False
23/64326,2,False
03/169717,2,False
01/231451,2,False
22/15464,2,False
08/80935,2,False
1235845,2,False
14/153073,2,False
22/170385,2,False
22/158495,2,False
02/239644,2,False
23/253401,2,False
01/175694,2,False
03/222550,2,False
017/125759,2,False
23/108367,2,False
22/85907,2,False
24/116508,2,False
05/8445,2,False
22/113921,2,False
02/5448,2,False
15/45842,2,False
01/763921,2,False
09/470742,2,False
02/132916,2,False
01/490483,2,False
16/119979,2,False
24/47182,2,False
02/124894,2,False
15/75257,2,False
01/56195,2,False
18/23022,2,False
23/206494,2,False
01/90540,2,False
11/54758,2,False
23/1098,2,False
02/278601,2,False
15/5486,2,False
02120893,2,False
09/145483,2,False
08/58254,2,False
23/124006,2,False
03/71408,2,False
01/109997,2,False
24/71011,2,False
14/203131,2,False
02/1161447,2,False
01/521798,2,False
2590359,2,False
24/135168,2,False
24/40689,2,False
24/169275,2,False
14/28230,2,False
09/191428,2,False
01/407204,2,False
15/20400,2,False
23/74348,2,False
23/74848,2,False
02/327631,2,False
52/032076,2,False
01/557975,2,False
15/333215,2,False
07/157954,2,False
07/33518,2,False
01/235396,2,False
06/13504,2,False
02/4879,2,False
09/214980,2,False
01/333464,2,False
04/98700,2,False
23/165471,2,False
00/355897,2,False
22/17077,2,False
04/172201,2,False
23/195197,2,False
21/18962,2,False
23/46946,2,False
12/20524,2,False
12/0012,2,False
04/116150,2,False
10/16129,2,False
15/144744,2,False
15/54789,2,False
03/142316,2,False
00/389996,2,False
2303221,2,False
04/94865,2,False
01/364206,2,False
21/7821,2,False
01/291437,2,False
120272/07,2,False
13/18065,2,False
11/38514,2,False
2354167,2,False
00/300141,2,False
23/124295,2,False
23/34068,2,False
01/290952,2,False
01/270503,2,False
24/344888,2,False
2345544,2,False
22/64598,2,False
23/146115,2,False
03/187061,2,False
02/66292,2,False
01/287771,2,False
18/41419,2,False
01/438330,2,False
01/18002,2,False
03/5550,2,False
01/74745,2,False
01/1212010,2,False
01/384418,2,False
9806872003,2,False
01383130,2,False
01/228287,2,False
17/26916,2,False
09/60093,2,False
09/77617,2,False
01/42454,2,False
07/26319,2,False
09/178107,2,False
19/1421,2,False
23/174721,2,False
23/29488,2,False
02/178199,2,False
00/186874,2,False
01/15426,2,False
06/31608,2,False
23/45086,2,False
00/773376,2,False
07/101681,2,False
01/15718,2,False
05/39093,2,False
01/287155,2,False
00/420422,2,False
02/187815,2,False
15/92648,2,False
01460884,2,False
13/40494,2,False
07/145637,2,False
00/1259,2,False
24/99807,2,False
17/7814,2,False
02/106925,2,False
01/242955,2,False
23/127402,2,False
01/193414,2,False
03/64624,2,False
01/470798,2,False
04/58797,2,False
22/55964,2,False
2459416,2,False
02/11394,2,False
22/81522,2,False
04/90851,2,False
19/4379,2,False
01/239599,2,False
09LL37608,2,False
22/97435,2,False
22/22494,2,False
23/173443,2,False
01/31258,2,False
11/0000,2,False
12/152412,2,False
23/131107,2,False
03/116490,2,False
00/4036260,2,False
01/86215,2,False
02/111483,2,False
01/60801,2,False
24/83620,2,False
23/119211,2,False
24/58881,2,False
01/321879,2,False
18/1618,2,False
04/95412,2,False
0397327,2,False
03/158252,2,False
20/11348,2,False
01/363457,2,False
1337549,2,False
01/463430,2,False
03/199339,2,False
02/200062,2,False
22/53617,2,False
0013/7301,2,False
21/28871,2,False
01/132874,2,False
24/30818,2,False
0399652,2,False
01/2147,2,False
01/456289,2,False
02/235261,2,False
02/96363,2,False
22/5678,2,False
10/20157,2,False
01/231393,2,False
02/2140,2,False
12/021125,2,False
01/260442,2,False
02/101338,2,False
20/0656,2,False
11/32481,2,False
01/265898,2,False
01/396791,2,False
24/13107,2,False
23/73830,2,False
01/2221,2,False
02/20300,2,False
22/145767,2,False
21/022033,2,False
0/519341,2,False
17/43018,2,False
14/0919,2,False
08/20856,2,False
01/432694,2,False
24/99453,2,False
01/196444,2,False
06/44339,2,False
2419826,2,False
23/147851,2,False
23/183753,2,False
01/393919,2,False
02/96748,2,False
22/35931,2,False
E224991,2,False
01295674,2,False
01/136672,2,False
24/30234,2,False
01/319900,2,False
05/59715,2,False
01/378728,2,False
01/152781,2,False
03/1250,2,False
01/488670,2,False
23/72649,2,False
01/366875,2,False
02/104812,2,False
01/61068,2,False
01/01068,2,False
01/437620,2,False
03/42432,2,False
14/94507,2,False
24/122819,2,False
23/105478,2,False
01/91868,2,False
14/82275,2,False
05/36665,2,False
03/56666,2,False
00/1112,2,False
01/255618,2,False
14/26185,2,False
10/45479,2,False
03/187878,2,False
08/17721,2,False
23/57511,2,False
2411191,2,False
03/121101,2,False
03/1211101,2,False
03/9014,2,False
17/39564,2,False
10/46587,2,False
01/6020,2,False
27/1385,2,False
01357421,2,False
23/106289,2,False
18/17078,2,False
02/22360,2,False
01/253768,2,False
01/463946,2,False
17/7817,2,False
01/356682,2,False
00/124541,2,False
01/397137,2,False
23/168093,2,False
01/368476,2,False
03/165209,2,False
02/152704,2,False
01/232514,2,False
01/294621,2,False
23/126355,2,False
22/68330,2,False
06/22474,2,False
01/342006,2,False
24/118392,2,False
03/108819,2,False
09/162543,2,False
09/32582,2,False
22/117590,2,False
01/189140,2,False
03123030,2,False
22/84481,2,False
23111675,2,False
1827920033,2,False
22/93574,2,False
01/250884,2,False
01/490804,2,False
01/14296,2,False
01/102428,2,False
24/84080,2,False
14/91864,2,False
23/52882,2,False
01/205023,2,False
01/1234668,2,False
17/29784,2,False
17/34518,2,False
01/397658,2,False
04/403011,2,False
03/90137,2,False
03/91037,2,False
01/92891,2,False
01/115756,2,False
03/186185,2,False
01/187971,2,False
08/3941,2,False
23/147936,2,False
09/186362,2,False
09186362,2,False
01/427117,2,False
04/128349,2,False
11E5417026,2,False
13/25665,2,False
01/408094,2,False
22/42634,2,False
SAN CONDU,2,False
01/225483,2,False
01/323557,2,False
02/132995,2,False
24/12630,2,False
24/52945,2,False
22/021330,2,False
23/8922,2,False
24/93817,2,False
01/127619,2,False
03/70084,2,False
16/33033,2,False
02/119041,2,False
04/050497,2,False
00/342739,2,False
15/4552,2,False
01/360615,2,False
01/421189,2,False
15/94384,2,False
21/29796,2,False
12/1456,2,False
15/43813,2,False
09/2113,2,False
10/236125,2,False
03/234662,2,False
07/43648,2,False
00/343572,2,False
15/147775,2,False
01/443764,2,False
03/123101,2,False
23/69783,2,False
01/314518,2,False
00/011252,2,False
05/1775,2,False
23/100043,2,False
02/132521,2,False
11/19877,2,False
09/168810,2,False
2370982,2,False
01/124565,2,False
10/59787,2,False
21/9926,2,False
01/98656,2,False
02/268192,2,False
21/17256,2,False
01/257600,2,False
02/102135,2,False
17/46469,2,False
24/114255,2,False
01/485653,2,False
15/89326,2,False
09/104370,2,False
22/68844,2,False
24/55552,2,False
23150819,2,False
04111264,2,False
04/111264,2,False
8403062104,2,False
01/192313,2,False
23102032,2,False
18/21181,2,False
01/191688,2,False
22/1778,2,False
09/56737,2,False
23/56590,2,False
02/93307,2,False
01/255179,2,False
23/80404,2,False
2380404,2,False
07/9966,2,False
1844478,2,False
14/47536,2,False
13/32279,2,False
02/244651,2,False
06/26525,2,False
23/172531,2,False
23/139797,2,False
13/45163,2,False
22/89594,2,False
23/115860,2,False
00/420930,2,False
01/357876,2,False
01/484066,2,False
04/19977,2,False
03/100524,2,False
22/102831J,2,False
09/191796,2,False
00/423816,2,False
24/24177,2,False
01/2112304,2,False
01/025555,2,False
01/479093,2,False
1624199,2,False
02/345698,2,False
23/88141,2,False
00/434943,2,False
11/53808,2,False
06/36538,2,False
01/488818,2,False
23/77932,2,False
10/39961,2,False
14/49990,2,False
03/49220,2,False
14/92640,2,False
05/82436,2,False
16/20734,2,False
07/152450,2,False
01/0337200,2,False
01/152165,2,False
00/463046,2,False
00/418105,2,False
17/14560,2,False
01/285146,2,False
03/181338,2,False
11/15501,2,False
23/51167,2,False
00/469940,2,False
00/458940,2,False
01153132,2,False
01/135611,2,False
17/19734,2,False
01/040428,2,False
12/125986,2,False
09/145493,2,False
23/55907,2,False
20/24571,2,False
09/17580,2,False
24/254843,2,False
0165057,2,False
23/67172,2,False
23/59980,2,False
09/95693,2,False
00/270834,2,False
NY65039,2,False
23/182215,2,False
23/90155,2,False
08/80399,2,False
01/8875,2,False
01/020581,2,False
17/44932,2,False
14/61605,2,False
09/87440,2,False
01/183287,2,False
01/403453,2,False
14/80219,2,False
14/32060,2,False
02/227680,2,False
24/37352,2,False
01/18178,2,False
01/90351,2,False
00/449363,2,False
09/103777,2,False
15/2361,2,False
02/84098,2,False
24/25186,2,False
01/484196,2,False
03/62510,2,False
14/48027,2,False
17/46162,2,False
06/1133,2,False
24/20491,2,False
23/86357,2,False
01/436247,2,False
01/304654,2,False
00/458866,2,False
02/187791,2,False
23/26353,2,False
01/556532,2,False
02/168647,2,False
01/268044,2,False
09/122443,2,False
05/4884,2,False
01/385563,2,False
23/58789,2,False
00/1420000,2,False
00/384864,2,False
07/108057,2,False
07/27233,2,False
15/32740,2,False
04/9298,2,False
23/1370053,2,False
14/5486,2,False
14/39876,2,False
11/33443,2,False
24/33880,2,False
01/493243,2,False
01/224599,2,False
05/64113,2,False
01/349144,2,False
10/62562,2,False
09/16587,2,False
01/229062,2,False
02/287336,2,False
14/33145,2,False
03/9809,2,False
01/139910,2,False
23/83733,2,False
24/56345,2,False
00/476411,2,False
09/0393,2,False
24/37178,2,False
10/72440,2,False
01/292965,2,False
23/147733,2,False
08/20130,2,False
03/143548,2,False
23171291,2,False
09/133321,2,False
17/20427,2,False
01199861,2,False
22/4184,2,False
23/141954,2,False
24101227,2,False
23/6826,2,False
11/56231,2,False
23192679,2,False
24/14446,2,False
04/135365,2,False
01/368950,2,False
23/87221,2,False
24/35119,2,False
23/182299,2,False
09/163461,2,False
22/59951,2,False
15/56889,2,False
22/24422,2,False
24/7147,2,False
24/5230,2,False
24/107563,2,False
23/37845,2,False
01/336542,2,False
08/4821,2,False
07/44005,2,False
09/125468,2,False
9903751033,2,False
9937513348,2,False
09/78012,2,False
14/40787,2,False
23/191757,2,False
14/40022,2,False
00/392202,2,False
23/167469,2,False
23/92189,2,False
03/131734,2,False
23/94011,2,False
22/63553,2,False
01/456495,2,False
01/228181,2,False
00/428016,2,False
01/27343,2,False
23/126071,2,False
01/416911,2,False
18/24321,2,False
22/109948,2,False
00/247632,2,False
24/23361,2,False
01/421407,2,False
02/141380,2,False
12/52759,2,False
01293122,2,False
17/58214,2,False
23/239407,2,False
01/141819,2,False
00/351204,2,False
0384324,2,False
03/84324,2,False
01/193493,2,False
08/2167,2,False
01/326701,2,False
22/43190,2,False
16AH20367,2,False
01/32895,2,False
17/12526,2,False
03/47023,2,False
08/49380,2,False
05/89307,2,False
23/196209,2,False
09/31038,2,False
23/1216638,2,False
17/30336,2,False
01/415454,2,False
14/89355,2,False
2335704,2,False
00/387698,2,False
01/589790,2,False
02/21927,2,False
16/6613,2,False
01/52106,2,False
22/44247,2,False
04/82177,2,False
01/221458,2,False
12/4771,2,False
01/107146,2,False
01/297884,2,False
04/118123,2,False
03/132428,2,False
15/73879,2,False
12/14251,2,False
12/55769,2,False
24/57951,2,False
14/82682,2,False
14/39331,2,False
24/67494,2,False
10/28928,2,False
01/492630,2,False
23/116968,2,False
24/23426,2,False
01/458181,2,False
01/304774,2,False
09/146044,2,False
09/206818,2,False
01/121283,2,False
01/121233,2,False
01/293970,2,False
24/46892,2,False
23/108607,2,False
00/338083,2,False
01/192162,2,False
22/131763,2,False
03/125513,2,False
08/43664,2,False
05/63298,2,False
01/77000,2,False
07/23866,2,False
03/10722,2,False
24/35656,2,False
01/301692,2,False
17/29960,2,False
23/174206,2,False
14/1789546,2,False
01/3633220,2,False
09/47868,2,False
22/50787,2,False
02/12053,2,False
12/43707,2,False
156774555,2,False
24/33357,2,False
01/411890,2,False
01/29538,2,False
14/128511,2,False
14/12536,2,False
01/243841,2,False
22/162180,2,False
24/106261,2,False
01/231284,2,False
23/149665,2,False
22/65880,2,False
16/24883,2,False
23/69994,2,False
22/103041,2,False
08/30842,2,False
04/69822,2,False
02/151204,2,False
21/34474,2,False
01/315042,2,False
24/14780,2,False
01/59605,2,False
01/153444,2,False
07/65058,2,False
01/0255455,2,False
01/2666253,2,False
01/249770,2,False
01/265806,2,False
22/88310,2,False
18/17388,2,False
03/154981,2,False
01/380386,2,False
24/85698,2,False
02/212439,2,False
09/41270,2,False
00/07765,2,False
03/162160,2,False
24/5440,2,False
23/12546,2,False
02181189,2,False
06/222554,2,False
02/243804,2,False
03/218376,2,False
24/28268,2,False
22/104153,2,False
14/144755,2,False
22/114676,2,False
24/105058,2,False
03/78333,2,False
01/493554,2,False
00413709,2,False
03/170543,2,False
22/36005,2,False
01/351807,2,False
13/38095,2,False
00/405888,2,False
01/36520,2,False
01/173524,2,False
20/26609,2,False
23/174947,2,False
23/151916,2,False
02/117389,2,False
02/235294,2,False
01330770,2,False
01/330770,2,False
22/129489,2,False
0313759,2,False
00/229519,2,False
01/327818,2,False
04/1230,2,False
01/291614,2,False
02/240706,2,False
02125645,2,False
14/126681,2,False
01/2546,2,False
02/241377,2,False
23/90562,2,False
01/374430,2,False
23/37256,2,False
22/2786,2,False
03/96318,2,False
03/77148,2,False
03/76386,2,False
23/164309,2,False
01/379796,2,False
22/123222,2,False
15/0445,2,False
15/39250,2,False
23/49450,2,False
01/292553,2,False
15F394385,2,False
23/64803,2,False
16/74312,2,False
01/107650,2,False
23/80445,2,False
22/88388,2,False
00/455524,2,False
01/2567414,2,False
12/38763,2,False
05/50753,2,False
02/34492,2,False
22/57935,2,False
12/1332,2,False
17/39758,2,False
01/12963,2,False
00/279457,2,False
03/73940,2,False
01/1151086,2,False
04/98212,2,False
22/24929,2,False
08/2475,2,False
17/45364,2,False
21/0750,2,False
2450667,2,False
09/139799,2,False
23/7449,2,False
23/74449,2,False
23112060,2,False
24/28987,2,False
23/108983,2,False
17/40568,2,False
13/43201,2,False
01302945,2,False
07/125563,2,False
16/44657,2,False
00/294243,2,False
07/130356,2,False
01/497106,2,False
2468124,2,False
1744352,2,False
23/72114,2,False
01/346045,2,False
01/000212,2,False
02/191920,2,False
23/34383,2,False
01/238839,2,False
17/22802,2,False
17/39793,2,False
01/180863,2,False
01/288370,2,False
01/311611,2,False
01/184929,2,False
011141252,2,False
23249165,2,False
23/66179,2,False
03/81786,2,False
01/66152,2,False
17/50464,2,False
01373701,2,False
01/484917,2,False
20/7830,2,False
01/404272,2,False
03/168547,2,False
23/35967,2,False
01/494408,2,False
01/476688,2,False
01/437232,2,False
11/7437,2,False
01/304463,2,False
D1FRA15AD,2,False
14/14248,2,False
02/155468,2,False
15/124577,2,False
03/78660,2,False
07/158360,2,False
01/33957,2,False
02/1908,2,False
09/11657,2,False
01219394,2,False
16/22296,2,False
01/373043,2,False
9288914N,2,False
00/261877,2,False
04/14223,2,False
03/9683,2,False
21/12013,2,False
00/448481,2,False
09/151424,2,False
14/55791,2,False
01/427810,2,False
17/30142,2,False
23/111629,2,False
24/114464,2,False
22/590888,2,False
24/108413,2,False
01/375547,2,False
17/11805,2,False
01/241346,2,False
09/156610,2,False
00/462749,2,False
01/1245683,2,False
08/15847,2,False
09/24398,2,False
23/6431,2,False
17/2312,2,False
17/14989,2,False
02/252046,2,False
01/336897,2,False
24/81011,2,False
23/69348,2,False
16/61974,2,False
01/117112,2,False
04/86683,2,False
01/305721,2,False
01/455214,2,False
00/208427,2,False
23/181590,2,False
0388154,2,False
03/1566,2,False
23/22186,2,False
22/54451,2,False
01/83053,2,False
23/029906,2,False
08/42477,2,False
01/431999,2,False
09/65757,2,False
03/177770,2,False
17/59196,2,False
17/10575,2,False
01/478995,2,False
00/195636,2,False
22/26827,2,False
01/28563,2,False
14/50143,2,False
03/157612,2,False
01/396248,2,False
23/81189,2,False
03/19817,2,False
00/0102500,2,False
03/97042,2,False
01/494770,2,False
01342627,2,False
17/6550,2,False
23/173551,2,False
08/2112,2,False
22/89904,2,False
01/67041,2,False
23/29879,2,False
24/64535,2,False
04/80266,2,False
17/18729,2,False
01501183,2,False
17/41752,2,False
14/25987,2,False
00/451903,2,False
18/6634,2,False
14/36079,2,False
24/0076728,2,False
23/81177,2,False
04/104667,2,False
01/038506,2,False
01/232020,2,False
08/2632,2,False
14/141733,2,False
02/23445,2,False
01/02000,2,False
00383108,2,False
01/493933,2,False
09/191880,2,False
01/365461,2,False
15/17820,2,False
03/50790,2,False
01/16923,2,False
11/31323,2,False
02/94456,2,False
15/152360,2,False
00/390894,2,False
16/30860,2,False
01/6228,2,False
10/65526,2,False
23/19167,2,False
14/123450,2,False
17/20577,2,False
15/5545,2,False
24/4823,2,False
23/14230,2,False
23/110123,2,False
01191554,2,False
24/66791,2,False
15/42055,2,False
14/80891,2,False
01430106,2,False
22/88567,2,False
24/109841,2,False
01/461310,2,False
14/144788,2,False
14/139749,2,False
24/104038,2,False
07/136818,2,False
09/98677,2,False
17/10611,2,False
03195692,2,False
01/237796,2,False
23/34239,2,False
01/429684,2,False
03/29697,2,False
7579TU134,2,False
22/42202,2,False
17/1430,2,False
23142607,2,False
17/14580,2,False
08/31769,2,False
01/249856,2,False
7610751117,2,False
24/177921,2,False
02/254908,2,False
02/307946,2,False
03/43376,2,False
03/62903,2,False
04/45020,2,False
09/93394,2,False
0/0000005,2,False
04/1445981,2,False
15/1036148,2,False
22/31595,2,False
23/96693,2,False
16/54538,2,False
01/224091,2,False
01/451026,2,False
02/53564,2,False
02/181401,2,False
24/68033,2,False
22/6828,2,False
07/65329,2,False
0513302,2,False
23/45726,2,False
01/244175,2,False
01/447876,2,False
03/132886,2,False
01/486243,2,False
01/26905,2,False
14/34356,2,False
01/297667,2,False
05/42348,2,False
01/457460,2,False
01/336981,2,False
01/243867,2,False
01/409154,2,False
01/409010,2,False
16/13994,2,False
23/170970,2,False
12/12719,2,False
1743595,2,False
01/000014,2,False
00/449605,2,False
13/66382,2,False
01/125860,2,False
02/245698,2,False
05/75105,2,False
15/101176,2,False
02/192848,2,False
01/348721,2,False
17/37669,2,False
11/43708,2,False
01/96475,2,False
01/288804,2,False
01/370105,2,False
22/54568,2,False
01/388895,2,False
07/103983,2,False
22/12357,2,False
01/433509,2,False
01/313899,2,False
01/313797,2,False
01/221325,2,False
08/000519,2,False
01/323013,2,False
01/2547,2,False
03/115793,2,False
23/41369,2,False
01/340789,2,False
15/125894,2,False
24/82226,2,False
04/90107,2,False
01290956,2,False
00/344423,2,False
02/215476,2,False
01/232175,2,False
02/109421,2,False
01/393204,2,False
FACHE00492,2,False
00/191827,2,False
00/459475,2,False
03/129523,2,False
1334788,2,False
23/73223,2,False
07/121452,2,False
01/12542,2,False
09/69886,2,False
01172536,2,False
02/164072,2,False
01/228178,2,False
12/007908,2,False
01/199199,2,False
00/469189,2,False
01/3674,2,False
24/65106,2,False
12/7938,2,False
09/180698,2,False
03/0340,2,False
34CT030340,2,False
01/332338,2,False
23/116326,2,False
01/342918,2,False
03196362,2,False
23/102913,2,False
01/486710,2,False
24/13561,2,False
12/ 0000,2,False
04/14764,2,False
01/533657,2,False
07/125589,2,False
01/115070,2,False
07/85645,2,False
01/139760,2,False
09/106320,2,False
22/115076,2,False
01/147614,2,False
03/2870,2,False
24/17274,2,False
14/137607,2,False
14137607,2,False
01/59536,2,False
23/45553,2,False
15/4263,2,False
23/127901,2,False
01/364575,2,False
14/67378,2,False
23/110355,2,False
23/137040,2,False
03/48776,2,False
01/379972,2,False
01/8470,2,False
21/38453,2,False
17/34265,2,False
23/153958,2,False
01/395542,2,False
01/181475,2,False
16/56093,2,False
03/146819,2,False
01/273380,2,False
24/94537,2,False
23/108560,2,False
22/152071,2,False
01/30051,2,False
10/41095,2,False
09/22810,2,False
03/169006,2,False
23/87280,2,False
05/101905,2,False
01/497867,2,False
01/317263,2,False
02/953661,2,False
09/109137,2,False
23/84053,2,False
04/85161,2,False
01/411562,2,False
22/65674,2,False
23/34635,2,False
08/14017,2,False
01/5245631,2,False
24/9406,2,False
23/163592,2,False
00/458377,2,False
29/0554,2,False
03/52664,2,False
15/12369,2,False
23/49728,2,False
03/165920,2,False
22/116849,2,False
24/108345,2,False
22/22769,2,False
24/74819,2,False
22/144735,2,False
24/98345,2,False
09/1631130,2,False
00/476520,2,False
24/107209,2,False
23/109263,2,False
03/136856,2,False
24/113751,2,False
03/137576,2,False
22/37341,2,False
09/120241,2,False
01/215555,2,False
09/11269,2,False
23/177070,2,False
04/78024,2,False
01/157118,2,False
01/371438,2,False
22/130184,2,False
10/72377,2,False
04/73141,2,False
23/56157,2,False
16/32146,2,False
16/25694,2,False
15/14456,2,False
16/60693,2,False
01/255838,2,False
23/140140,2,False
14/110273,2,False
17/52636,2,False
03/131053,2,False
01/290024,2,False
01/243562,2,False
02/188557,2,False
14/136319,2,False
23/80369,2,False
04/82033,2,False
23/102847,2,False
23/181828,2,False
11/37785,2,False
21/8916,2,False
03/106873,2,False
22/2665,2,False
09/149480,2,False
14/121669,2,False
01/202754,2,False
03/56469,2,False
01/358833,2,False
04/56397,2,False
01/125894,2,False
02/227747,2,False
24/48960,2,False
17/15219,2,False
23/34644,2,False
01/395014,2,False
00/315175,2,False
17/34149,2,False
01/492129,2,False
5450616026,2,False
07/14548,2,False
01/408696,2,False
05/105356,2,False
01457697,2,False
14AE16373,2,False
01/443156,2,False
02/176096,2,False
00/363571,2,False
01/22510,2,False
00/470200,2,False
01/279485,2,False
11/18017,2,False
03124558,2,False
01/263206,2,False
22/82051,2,False
21/401531,2,False
07/29568,2,False
30/8779,2,False
01/308779,2,False
01/319751,2,False
05/83272,2,False
01/1245687,2,False
00/206522,2,False
13/14298,2,False
09/1235,2,False
12/51451,2,False
02/180307,2,False
17/17177,2,False
09/85145,2,False
00/321555,2,False
24/38851,2,False
22/7232,2,False
04/41211,2,False
19/7372,2,False
09/72722,2,False
03/128346,2,False
03/75489,2,False
23/82766,2,False
23/81549,2,False
23/182608,2,False
01/470020,2,False
22/76608,2,False
01/012033,2,False
01/257865,2,False
22/23781,2,False
01/86536,2,False
15/26153,2,False
24/104709,2,False
23/13446,2,False
02/227760,2,False
01/414446,2,False
01/246065,2,False
01/0375898,2,False
14/63610,2,False
23/752782,2,False
23156782,2,False
01526897,2,False
01/77918,2,False
01/384003,2,False
13/28992,2,False
01/178405,2,False
14/15264,2,False
01/125460,2,False
02139405,2,False
01/205834,2,False
01/445185,2,False
17/36779,2,False
12/59967,2,False
15/002929,2,False
23/40846,2,False
23/200824,2,False
00/475144,2,False
01/346451,2,False
07/91268,2,False
23/179545,2,False
24/72937,2,False
13/47138,2,False
01/66649,2,False
14/96026,2,False
23/36608,2,False
00/387871,2,False
09/7675,2,False
09/69154,2,False
14/89554,2,False
14/43413,2,False
19/8710,2,False
24/98006,2,False
24/99827,2,False
03/89896,2,False
00/199239,2,False
12/1610,2,False
21/26541,2,False
17/17859,2,False
04/368671,2,False
01/490116,2,False
00/275832,2,False
24/27275,2,False
01/329076,2,False
01/368421,2,False
04/93029,2,False
14/100048,2,False
23/175585,2,False
01/5689,2,False
01/303042,2,False
09/206240,2,False
09/159208,2,False
01/266262,2,False
01/510259,2,False
01/382552,2,False
00/410140,2,False
808/20M99R,2,False
09/97521,2,False
17/29776,2,False
23/132606,2,False
00/2280523,2,False
01/0256456,2,False
22/46482,2,False
15/35387,2,False
209663292P,2,False
17/48169,2,False
24/21070,2,False
01/211466,2,False
22/51414,2,False
24/50487,2,False
07/659902,2,False
23/20437,2,False
STATIONNET,2,False
23148169,2,False
15/1268,2,False
01/188712,2,False
01/353489,2,False
2323343,2,False
25/126355,2,False
23/7109,2,False
24/64223,2,False
01/23659,2,False
22/77907,2,False
01/483849,2,False
01/412488,2,False
01/109207,2,False
15/28714,2,False
21/9132,2,False
U1P285466K,2,False
23/194674,2,False
1732735,2,False
09/54030,2,False
00/332975,2,False
07/78273,2,False
02/273103,2,False
17/33195,2,False
02/186226,2,False
14/2315,2,False
02/117844,2,False
01/117844,2,False
00/395770,2,False
09/67694,2,False
01/187836,2,False
22/77059,2,False
8907595633,2,False
0121577,2,False
23/71948,2,False
01/318492,2,False
01/305965,2,False
22/111941,2,False
03/184612,2,False
24/12351,2,False
24/73888,2,False
23120993,2,False
00/120202,2,False
23/153968,2,False
01/149254,2,False
01/84435,2,False
00/424760,2,False
23/27580,2,False
24/55578,2,False
23/23444,2,False
01/402936,2,False
03/213165,2,False
09/55551,2,False
07/039985,2,False
01/364203,2,False
09/146809,2,False
01/229250,2,False
03/171048,2,False
03/125778,2,False
16/52720,2,False
03/144639,2,False
0009021,2,False
24/110303,2,False
09/240416,2,False
24/101786,2,False
01/407144,2,False
23/121263,2,False
03/54809,2,False
14/8622,2,False
15/9545,2,False
00/394081,2,False
03/108181,2,False
09/206270,2,False
24/108390,2,False
17/13110,2,False
22/81707,2,False
14AW61610,2,False
24/64796,2,False
04/23672,2,False
21/51111,2,False
21/19091,2,False
02/124697,2,False
23/120337,2,False
24/20914,2,False
23/109233,2,False
23/54040,2,False
10/8489,2,False
01/517832,2,False
17/6047,2,False
16/64708,2,False
01/69463,2,False
09/90776,2,False
23/8076,2,False
01/434440,2,False
03/196700,2,False
22/131411,2,False
19/7547,2,False
0720230,2,False
01/504299,2,False
01/162701,2,False
14/142796,2,False
22/124283,2,False
22/107200,2,False
09/184099,2,False
14/7007,2,False
24/119381,2,False
02/139203,2,False
09/235113,2,False
21/34971,2,False
01/408793,2,False
01/443469,2,False
21/7187,2,False
08/48042,2,False
18/32269,2,False
01/215883,2,False
09/13565,2,False
09/135654,2,False
03/130859,2,False
01/19114,2,False
01/ 18114,2,False
15/89214,2,False
23/21957,2,False
00/171344,2,False
07/171001,2,False
7508201007,2,False
22/3464,2,False
09/86802,2,False
02/284202,2,False
09/21212,2,False
22/43884,2,False
23/99642,2,False
02/122124,2,False
01/18226,2,False
10/17548,2,False
09/27792,2,False
16/26296,2,False
14/45622,2,False
01/394182,2,False
03/137599,2,False
04/190523,2,False
24/63865,2,False
00390678,2,False
24/17234,2,False
14/354687,2,False
02/7931,2,False
09/169796,2,False
08/37908,2,False
01/506293,2,False
01/457244,2,False
09/156270,2,False
02/228070,2,False
240047296,2,False
14/50076,2,False
02/35697,2,False
15/57132,2,False
01/405216,2,False
03/150283,2,False
03/180551,2,False
05/6787,2,False
05/6797,2,False
03/161302,2,False
00/149422,2,False
01/243496,2,False
01/357992,2,False
01/200000,2,False
15/45548,2,False
24/72856,2,False
22/113525,2,False
01/501124,2,False
24/36748,2,False
00419976,2,False
01/123062,2,False
01/505924,2,False
23/142582,2,False
2399616,2,False
23/99616,2,False
00/447833,2,False
23/174857,2,False
01/446459,2,False
01/334710,2,False
12/3212,2,False
16/58144,2,False
16/91422,2,False
17/20927,2,False
06/36857,2,False
01/288436,2,False
02/196040,2,False
22/41317,2,False
24/32620,2,False
05/76701,2,False
09/195255,2,False
09/60319,2,False
S00229754M,2,False
2296124,2,False
07/114290,2,False
78/1075153,2,False
24/36903,2,False
00/401981,2,False
23/99345,2,False
09/110920,2,False
01/294239,2,False
2438777,2,False
24/21628,2,False
22/39974,2,False
03/145607,2,False
02/144862,2,False
22/53249,2,False
23/91652,2,False
23137508,2,False
07/37771,2,False
01/415340,2,False
01/397370,2,False
01/383867,2,False
23/62551,2,False
15/12584,2,False
01/289194,2,False
01312406,2,False
10/27335,2,False
17/7246,2,False
01/391926,2,False
14/9865214,2,False
04/2951,2,False
01/203300,2,False
01/395353,2,False
08/30947,2,False
00248809,2,False
00/248809,2,False
17/59891,2,False
01/230882,2,False
11/10164,2,False
01/249430,2,False
02/232604,2,False
22/46162,2,False
23/6943,2,False
01/485546,2,False
02/270923,2,False
10/43243,2,False
12/29229,2,False
09/17603,2,False
1595924,2,False
07/170334,2,False
16AA7015,2,False
23/129886,2,False
2360398,2,False
01/112470,2,False
10/111111,2,False
24/115428,2,False
23/21920,2,False
0722592,2,False
22/4078,2,False
00/341998,2,False
01/470791,2,False
16/73933,2,False
22/4527,2,False
01/495111,2,False
01/265341,2,False
14109936,2,False
01/236752,2,False
01/215621,2,False
23/130154,2,False
01/122639,2,False
09/3252,2,False
03113377,2,False
24/10981,2,False
14/95707,2,False
01/42711,2,False
08/42330,2,False
09/183958,2,False
24/43115,2,False
01/219032,2,False
15/352245,2,False
15/840255,2,False
24/53961,2,False
10/27133,2,False
23/70136,2,False
01/405029,2,False
01/36504,2,False
22/123920,2,False
14/102496,2,False
02/216976,2,False
03/115083,2,False
05/57548,2,False
U15G2245M,2,False
01/287327,2,False
14106688,2,False
14/8127,2,False
00/255659,2,False
11/5296,2,False
09/194210,2,False
17/25992,2,False
23/27245,2,False
01/404320,2,False
03/105149,2,False
23/186044,2,False
01399533,2,False
01/192870,2,False
01/002630,2,False
02/91379,2,False
02/284063,2,False
15/11736,2,False
20021971,2,False
01/458456,2,False
1206922000,2,False
20/19908,2,False
04/418414,2,False
24/64289,2,False
07/14252,2,False
0101110,2,False
22/23622,2,False
01/461791,2,False
09/82172,2,False
23/236982,2,False
22/96938,2,False
24/46087,2,False
02/146226,2,False
17/50110,2,False
01/238502,2,False
23/9778,2,False
23/97778,2,False
2397778,2,False
24/87079,2,False
09/99984,2,False
23/138447,2,False
23/151922,2,False
24/30079,2,False
14/130505,2,False
01104651,2,False
18/19567,2,False
08/15487,2,False
01/185218,2,False
14/125684,2,False
01/387509,2,False
04/70597,2,False
01468374,2,False
11/74343,2,False
23/149892,2,False
01/344619,2,False
0112335,2,False
23/178595,2,False
01/0088485,2,False
10/47248,2,False
01/403566,2,False
22/22752,2,False
13/113064,2,False
23/113749,2,False
01/477397,2,False
08/5799,2,False
09/13030,2,False
22/11412,2,False
23/114424,2,False
01/302102,2,False
23/83034,2,False
05/352055,2,False
09/121218,2,False
17/006098,2,False
15/89097,2,False
15/11256,2,False
02/104508,2,False
6814135N,2,False
01/339457,2,False
23/1962751,2,False
09/194198,2,False
07/9418,2,False
00/439053,2,False
00/316742,2,False
0000000012,2,False
14/154496,2,False
23/150512,2,False
01/400001,2,False
14/125987,2,False
23/140637,2,False
00/315938,2,False
01/417694,2,False
27122016,2,False
08/79276,2,False
09/80583,2,False
03130983,2,False
22/61239,2,False
01/476037,2,False
22/11571,2,False
22/11575,2,False
01/223732,2,False
23/51073,2,False
17/38894,2,False
05/35938,2,False
07/1252,2,False
01/30000,2,False
03/209807,2,False
01/247172,2,False
09/115006,2,False
22/2843,2,False
17/21249,2,False
02/91442,2,False
02/124327,2,False
20/34653,2,False
01/252314,2,False
19/21875,2,False
17/37903,2,False
07/83592,2,False
02/02356,2,False
01/1254698,2,False
21/14415,2,False
21/000144,2,False
01/416960,2,False
09/594205,2,False
20/9884,2,False
23/21906,2,False
04/117392,2,False
01/51958,2,False
14AC74614,2,False
15/17778,2,False
07/258796,2,False
02/161757,2,False
01/428969,2,False
05/19935,2,False
14/109757,2,False
01/351090,2,False
03/208078,2,False
02/40558,2,False
24/117635,2,False
09/45256,2,False
04/79631,2,False
01/270817,2,False
05/62010,2,False
22/144755,2,False
02/243485,2,False
12/9189,2,False
03/01200,2,False
01/373917,2,False
03/81028,2,False
06/39477,2,False
06/59477,2,False
23/202956,2,False
02/05484,2,False
24/65420,2,False
00359174,2,False
24/107145,2,False
01/315453,2,False
21/31105,2,False
23/31645,2,False
24/26757,2,False
4/4120000,2,False
01/213112,2,False
02/23682,2,False
02/63970,2,False
22/109957,2,False
01/503094,2,False
00/167448,2,False
22/40595,2,False
15/54796,2,False
17/28053,2,False
23/70702,2,False
01515356,2,False
17/3631,2,False
01/465182,2,False
23/182946,2,False
15/57050,2,False
23/48710,2,False
01/490230,2,False
01/010202,2,False
01/357096,2,False
14/50306,2,False
12/12311,2,False
23 214242,2,False
23/214242,2,False
22/54557,2,False
010000000,2,False
01/147603,2,False
00/281957,2,False
03/100101,2,False
01/142708,2,False
02/293069,2,False
03/170189,2,False
17/25835,2,False
09/59055,2,False
14105632,2,False
03/78595,2,False
03/107924,2,False
21/42569,2,False
01/28508,2,False
21/20242,2,False
01/476689,2,False
05/42662,2,False
07/127308,2,False
01/410977,2,False
17/24344,2,False
23/91946,2,False
0510952008,2,False
07/134978,2,False
02/145405,2,False
23/63044,2,False
02/165933,2,False
0403931007,2,False
21/3089,2,False
02/38278,2,False
23/13460,2,False
24/72186,2,False
01/313037,2,False
02/152168,2,False
22/101824,2,False
23218235,2,False
01/377317,2,False
15/101438,2,False
23/209302,2,False
01/143794,2,False
02/219541,2,False
23/186449,2,False
23186449,2,False
0125487,2,False
15/68632,2,False
24/93859,2,False
01/183624,2,False
08/14874,2,False
09/63918,2,False
23/75475,2,False
10/70745,2,False
04/56327,2,False
16/48825,2,False
17/9202,2,False
01/426612,2,False
01/553339,2,False
03/153534,2,False
00/331076,2,False
01/94038,2,False
01/192033,2,False
01/506784,2,False
28136988,2,False
03/157233,2,False
23/74221,2,False
24/18992,2,False
23162136,2,False
23/32597,2,False
23/56612,2,False
01/283362,2,False
02/163322,2,False
24/29132,2,False
24/94448,2,False
00/387304,2,False
14/132564,2,False
01/417361,2,False
06/19975,2,False
21/9047,2,False
21/28435,2,False
15/25087,2,False
01/303446,2,False
23/136341,2,False
16/32819,2,False
01/49073,2,False
03/101737,2,False
22/31669,2,False
22/131151,2,False
23/142667,2,False
15/64945,2,False
01/22560,2,False
12/1000001,2,False
01/494831,2,False
15/44500,2,False
24/114594,2,False
AG5326081E,2,False
06/30036,2,False
0488559,2,False
24/113821,2,False
24/134695,2,False
03150607,2,False
02/20478,2,False
00/327877,2,False
01/236554,2,False
25/189617,2,False
22/28769,2,False
22/13267,2,False
15/80317,2,False
23/65345,2,False
24/2549,2,False
06/13911,2,False
01/320548,2,False
01/110304,2,False
24/11268,2,False
01/340057,2,False
01123546,2,False
01/203234,2,False
23/187067,2,False
23/130086,2,False
01/188690,2,False
22/64934,2,False
09/219776,2,False
01/354208,2,False
01/315349,2,False
21/30142,2,False
01/338059,2,False
23145051,2,False
02/240826,2,False
02/162366,2,False
01/144436,2,False
17/12870,2,False
14/33323,2,False
01/497678,2,False
01/74594,2,False
10/51483,2,False
02/111898,2,False
03/181385,2,False
10/44848,2,False
02/155851,2,False
01/315380,2,False
07138151,2,False
00/416953,2,False
02/113644,2,False
21/19899,2,False
03/197768,2,False
22/102674,2,False
24/039409,2,False
03/38106,2,False
2377332,2,False
24/45775,2,False
01167928,2,False
04/61769,2,False
23/41216,2,False
01/406810,2,False
15/77980,2,False
13/52685,2,False
05/67533,2,False
23104974,2,False
01/5123456,2,False
03/156760,2,False
02/2747,2,False
01/315031,2,False
22/7187,2,False
22/65187,2,False
0223541,2,False
14/115486,2,False
01/392210,2,False
15/98419,2,False
24/34311,2,False
23/126986,2,False
15/96301,2,False
15/27022,2,False
09/144812,2,False
01/412848,2,False
01/300185,2,False
22/130009,2,False
01/248724,2,False
22/26698,2,False
09/57773,2,False
23/134142,2,False
24/37482,2,False
21/21993,2,False
19/5269,2,False
01/506846,2,False
01/421457,2,False
04/93236,2,False
0355688,2,False
04/95272,2,False
18/19785,2,False
04/48725,2,False
01/422997,2,False
01/151471,2,False
01/309741,2,False
02/25649,2,False
04/46635,2,False
24/22932,2,False
11/11141,2,False
01/326883,2,False
9317975870,2,False
8203061201,2,False
01/66802,2,False
09/72983,2,False
09/98670,2,False
10/164363,2,False
07/142236,2,False
09/172653,2,False
01/32450,2,False
06/60894,2,False
01/22535,2,False
23/41124,2,False
17/8844,2,False
0505851,2,False
01/511665,2,False
24/44554,2,False
23/194463,2,False
01/214563,2,False
02234619,2,False
03/8262,2,False
01/477669,2,False
010101111,2,False
02/128914,2,False
01/314194,2,False
02/168829,2,False
0924994,2,False
23/12474,2,False
23/104679,2,False
01/298783,2,False
01/232037,2,False
23/27434,2,False
14/74789,2,False
23/41838,2,False
13/51188,2,False
01/363584,2,False
23/60876,2,False
17/000000,2,False
03/33515,2,False
00/419246,2,False
09/117713,2,False
00/434978,2,False
00/296120,2,False
05/90596,2,False
2471552,2,False
00/387234,2,False
22/50002,2,False
15/51829,2,False
02/169659,2,False
00/440817,2,False
19/4852,2,False
03/111828,2,False
01/1158115,2,False
22/133604,2,False
01/297590,2,False
23/196260,2,False
01/0222,2,False
16/64693,2,False
17/37150,2,False
09/30297,2,False
03/95246,2,False
24/43655,2,False
01/274388,2,False
03/115829,2,False
15/29123,2,False
15/4457,2,False
14/54771,2,False
24/19516,2,False
13/34492,2,False
0623004,2,False
00/2560,2,False
03/111624,2,False
12/31654,2,False
04/7061,2,False
03158322,2,False
00/207574,2,False
16/33402,2,False
18/40778,2,False
24/118281,2,False
02/131372,2,False
14/30130,2,False
01/5698231,2,False
24/90234,2,False
01/186993,2,False
01/18693,2,False
03/19543,2,False
15/22445,2,False
15/25466,2,False
01/272443,2,False
15/66248,2,False
01/422549,2,False
22/154649,2,False
22/118498,2,False
01/81506,2,False
00/376733,2,False
01/365453,2,False
01/416847,2,False
01/427201,2,False
07453436,2,False
10/40221,2,False
1542624,2,False
17/009896,2,False
03/102668,2,False
01/525689,2,False
01/361188,2,False
01/133579,2,False
01/504557,2,False
00/458163,2,False
01/106594,2,False
23/6225,2,False
00/789489,2,False
09/126951,2,False
09/111729,2,False
02/48231,2,False
02/49231,2,False
23/180419,2,False
23/28652,2,False
01/380022,2,False
02/184645,2,False
02/1741,2,False
01/432066,2,False
24/50673,2,False
19/17757,2,False
22/82665,2,False
11/121144,2,False
23/107192,2,False
09/154663,2,False
09/182052,2,False
01/501742,2,False
16/44406,2,False
01/285979,2,False
09/49521,2,False
24 33190,2,False
02/6660,2,False
16/9438,2,False
14/54251,2,False
23/138287,2,False
24/81287,2,False
01/183807,2,False
02211296,2,False
SAND CONDU,2,False
17/20756,2,False
08/012547,2,False
01/31042,2,False
09/67272,2,False
15/57714,2,False
0112564,2,False
01/269802,2,False
00/313713,2,False
02/280297,2,False
17/33488,2,False
09/185630,2,False
01/152742,2,False
08/81254,2,False
09/205702,2,False
01/487304,2,False
21/29566,2,False
07/39348,2,False
07/138986,2,False
11/50356,2,False
01/44277,2,False
01269887,2,False
23186974,2,False
09/84480,2,False
23/102089,2,False
14/3069,2,False
24/11904,2,False
0912254,2,False
20/30122,2,False
14/66315,2,False
16/84622,2,False
03/29973,2,False
0336404,2,False
15/0975,2,False
03/00001,2,False
01/303875,2,False
14/8954632,2,False
09/165882,2,False
05/60255,2,False
23/54258,2,False
22/58020,2,False
02129950,2,False
01/2364541,2,False
23/84428,2,False
03/81964,2,False
10/56832,2,False
23/25693,2,False
24/58478,2,False
03/177448,2,False
02/226746,2,False
23/16963,2,False
01/335171,2,False
24/86665,2,False
12/50801,2,False
01/87511,2,False
02/25635,2,False
01/256802,2,False
11/112111,2,False
04/32633,2,False
17/36086,2,False
10/53717,2,False
16/8911,2,False
13/36475,2,False
0754909,2,False
24/60540,2,False
17/28907,2,False
01/121191,2,False
01/383952,2,False
24/20920,2,False
01/402007,2,False
23/9915,2,False
02/15511,2,False
01/385971,2,False
01/542749,2,False
03/123223,2,False
24/33750,2,False
15/94849,2,False
1464440,2,False
13/46352,2,False
03/207574,2,False
00/0102010,2,False
23/55735,2,False
00/431737,2,False
07124577,2,False
23/165023,2,False
01/2203145,2,False
01/37911,2,False
17/16417,2,False
23/75731,2,False
22/75054,2,False
23/67081,2,False
09/146213,2,False
01/514594,2,False
15/2369,2,False
17/24494,2,False
02/141755,2,False
#790221200,2,False
02/1000002,2,False
15/1268765,2,False
190201444,2,False
B523817097,2,False
01/481404,2,False
24/000124,2,False
14/54740,2,False
10/19788,2,False
01/145522,2,False
01/391605,2,False
23/142020,2,False
01/410323,2,False
01/276813,2,False
02/258073,2,False
23/48725,2,False
00/309164,2,False
09/147031,2,False
13/16505,2,False
01/55589,2,False
08/9146,2,False
08/64007,2,False
01/417443,2,False
00/368378,2,False
24/5236,2,False
14/128771,2,False
9207951002,2,False
15/75504,2,False
05/42287,2,False
01/398791,2,False
17/16084,2,False
011710200,2,False
00/449570,2,False
01/484901,2,False
14/127277,2,False
14/128709,2,False
14/514474,2,False
14/85763,2,False
14/129486,2,False
01/287186,2,False
01/172433,2,False
24/2997,2,False
17/31590,2,False
02/12536,2,False
14/2365,2,False
09121212,2,False
23/71271,2,False
01/201681,2,False
00/430706,2,False
12/1256452,2,False
00/305124,2,False
02/155154,2,False
14/134597,2,False
00/260868,2,False
03/220774,2,False
08/0860588,2,False
07/160360,2,False
07/173638,2,False
07/191900,2,False
07/101489,2,False
07/162118,2,False
07197422,2,False
21/30031,2,False
20AK79123,2,False
03/066728,2,False
2226157,2,False
22/126507,2,False
22/34983,2,False
22/21272,2,False
08/55893,2,False
24/6859,2,False
01/328647,2,False
ENKHILETTE,2,False
23/62486,2,False
22/127592,2,False
01/448587,2,False
24/117710,2,False
12/0000000,2,False
03/60029,2,False
01415888,2,False
14/115478,2,False
15/37176,2,False
02242807,2,False
01/317253,2,False
01317253,2,False
01/357704,2,False
00/14525,2,False
01/489154,2,False
18/6355,2,False
23/8047,2,False
24/68803,2,False
15/93589,2,False
22/11387,2,False
23/159327,2,False
01/382733,2,False
01/22961,2,False
13/28170,2,False
02/182500,2,False
02/12545,2,False
02/22063,2,False
01/400800,2,False
09/132413,2,False
12/0000005,2,False
23/136565,2,False
22/64051,2,False
18/29617,2,False
0610071005,2,False
21/33943,2,False
04/147344,2,False
22/108037,2,False
0201943003,2,False
01/29750,2,False
25/117528,2,False
21/30773,2,False
21/23078,2,False
14/656565,2,False
20/20192,2,False
0123323,2,False
16/95240,2,False
23/97450,2,False
01/272655,2,False
01/532357,2,False
12/2154,2,False
15/181380,2,False
01/12356,2,False
24/22942,2,False
17/8112,2,False
17/21855,2,False
00/364734,2,False
01/383112,2,False
16/63112,2,False
03/191072,2,False
01/12841,2,False
21/48496,2,False
01/273312,2,False
23/22389,2,False
00/010000,2,False
22/79435,2,False
22/41389,2,False
00/473285,2,False
23/191256,2,False
02/178357,2,False
24/62745,2,False
23172176,2,False
15/4868,2,False
02/222908,2,False
23/51068,2,False
1631085,2,False
02/230583,2,False
02/163878,2,False
09/95740,2,False
18/13033,2,False
23/210187,2,False
13/1253,2,False
01/169019,2,False
01/16919,2,False
10/57936,2,False
09/147233,2,False
23/176482,2,False
23/92270,2,False
23192270,2,False
23/194053,2,False
01/480174,2,False
17/43517,2,False
04/124732,2,False
23/113225,2,False
21/16025,2,False
01/5972,2,False
09/91863,2,False
01/1474,2,False
23/131972,2,False
23/78338,2,False
15/71542,2,False
01/213212,2,False
01/01000,2,False
23/157132,2,False
04/160322,2,False
01/342645,2,False
01/21823,2,False
22/119580,2,False
03/42233,2,False
01/293294,2,False
22/62527,2,False
15A154114,2,False
23/223625,2,False
24/39741,2,False
23/220317,2,False
23/166689,2,False
24/78828,2,False
09/174470,2,False
24/88150,2,False
01/291410,2,False
23/178877,2,False
23/111613,2,False
090120147,2,False
02/234586,2,False
24/621276,2,False
24/14330,2,False
01/653214,2,False
01/330097,2,False
15/1335,2,False
01/528138,2,False
01/405266,2,False
18/40949,2,False
23/70902,2,False
01/3311250,2,False
00/389313,2,False
02/95164,2,False
23/14401,2,False
00/1245881,2,False
00/444444,2,False
22/144795,2,False
01/125536,2,False
01/347390,2,False
01/21218,2,False
1530489,2,False
17/12486,2,False
23/194130,2,False
01/203868,2,False
12/52334,2,False
01/326510,2,False
23/85853,2,False
09/232208,2,False
09/23208,2,False
16/81480,2,False
10/70140,2,False
23/208303,2,False
23/23148,2,False
01/101679,2,False
21/19691,2,False
2369086,2,False
01/235045,2,False
21/47983,2,False
09/130616,2,False
01/500838,2,False
03/161897,2,False
03/6940,2,False
01/270754,2,False
02/64455,2,False
23/149809,2,False
01/454542,2,False
22/70763,2,False
01/429335,2,False
22/70114,2,False
15/41319,2,False
23/108331,2,False
02/114493,2,False
10/84273,2,False
04/78531,2,False
01/196113,2,False
15/79917,2,False
04/111300,2,False
0309932001,2,False
23/28858,2,False
01/305634,2,False
04/13131,2,False
22/77710,2,False
22/79060,2,False
23/131773,2,False
24/86389,2,False
09/033065,2,False
15/73616,2,False
04505643,2,False
15AP33066,2,False
01/272270,2,False
09/70280,2,False
02/163431,2,False
22/29035,2,False
08/89055,2,False
01/455096,2,False
24/99670,2,False
01/291654,2,False
03/76000,2,False
03/29617,2,False
13/65564,2,False
01/322846,2,False
14/116038,2,False
22/60599,2,False
01/8728,2,False
01/3366818,2,False
08/55972,2,False
15/010956,2,False
24/94401,2,False
00/233859,2,False
03/127026,2,False
01/536569,2,False
10/0483346,2,False
21/47100,2,False
24/43966,2,False
24/154164,2,False
03/211727,2,False
01011000,2,False
01/126351,2,False
01/538742,2,False
01/38941,2,False
01/353477,2,False
23/172238,2,False
24/92553,2,False
23/89399,2,False
14/659824,2,False
02/119542,2,False
17/44466,2,False
22/117321,2,False
22/117308,2,False
09162931,2,False
24/29029,2,False
00/365590,2,False
07/6945,2,False
19/6274,2,False
08/36267,2,False
15/788555,2,False
21/45968,2,False
10/27951,2,False
18/194405,2,False
12/4333,2,False
01342405,2,False
00/229221,2,False
17/48330,2,False
15/17250,2,False
15/117250,2,False
02/179604,2,False
01/66227,2,False
24/81102,2,False
24/27998,2,False
23/145405,2,False
13/19051,2,False
01/487724,2,False
01/427724,2,False
PR5009066U,2,False
01/257527,2,False
01/02222,2,False
2354943,2,False
12/66980,2,False
14/113323,2,False
11/14152,2,False
0111111,2,False
03/40788,2,False
16/84823,2,False
14/120108,2,False
01/369140,2,False
21/9567,2,False
23/68693,2,False
09/79245,2,False
01/380759,2,False
01/171336,2,False
01/518593,2,False
03/73349,2,False
24/102904,2,False
08/51139,2,False
02/141828,2,False
01/4845754,2,False
01/112514,2,False
02/209755,2,False
02/225783,2,False
01/449852,2,False
21/37062,2,False
14/30383,2,False
05/450193,2,False
22/33781,2,False
22/63793,2,False
01/0652,2,False
23/66051,2,False
03/28813,2,False
09/66482,2,False
23/19312,2,False
01/440873,2,False
22/3956,2,False
00046558,2,False
00444281,2,False
23/30348,2,False
15/12538,2,False
24/41656,2,False
00/304622,2,False
15/86201,2,False
23/29397,2,False
12/2197,2,False
23/124697,2,False
01/341523,2,False
01/415056,2,False
01/422079,2,False
23/57763,2,False
15/65291,2,False
22/96012,2,False
18/17774,2,False
0371092,2,False
24/110512,2,False
08/33542,2,False
CB90141134,2,False
9908952409,2,False
2312442,2,False
23/12442,2,False
03/18136,2,False
14/114845,2,False
01/442350,2,False
23/27992,2,False
24/113469,2,False
14/335171,2,False
14/147817,2,False
14/78121,2,False
23/82409,2,False
01/423679,2,False
01359123,2,False
0340KG021,2,False
01/465092,2,False
01/255301,2,False
24/78122,2,False
01/130604,2,False
01/528685,2,False
01/190560,2,False
08/27708,2,False
24/79228,2,False
01/216007,2,False
01/394219,2,False
23/95951,2,False
01/501615,2,False
07/56863,2,False
01229697,2,False
23/10004,2,False
01/383375,2,False
11/21295,2,False
02/230770,2,False
01/333653,2,False
00425341,2,False
09/90916,2,False
02877763,2,False
01/134980,2,False
17/39644,2,False
07/102121,2,False
17/21918,2,False
24/113919,2,False
01/275294,2,False
01/98620,2,False
06/51614,2,False
03/87038,2,False
22/56103,2,False
01/239748,2,False
23/56554,2,False
21/4384,2,False
01/445621,2,False
21/4945,2,False
09/136535,2,False
03/1630,2,False
00/301630,2,False
01/51615,2,False
23/18807,2,False
00389532,2,False
28/5531,2,False
00/424297,2,False
23/145975,2,False
09/7564,2,False
01/336329,2,False
01/373510,2,False
00/364918,2,False
01/116790,2,False
02/317010,2,False
10/24307,2,False
05/11037,2,False
01/555096,2,False
23/210655,2,False
14/81360,2,False
04/14758,2,False
02/7732,2,False
23022352,2,False
15/25237,2,False
14/25710,2,False
03/130047,2,False
14/958754,2,False
02/240036,2,False
01/334786,2,False
0336054,2,False
03/36054,2,False
22/140738,2,False
01/66609,2,False
0362225,2,False
01/460643,2,False
01/108451,2,False
15/2568,2,False
14/01298,2,False
01/21222,2,False
12/3639,2,False
23/82303,2,False
24/90159,2,False
00/419515,2,False
23190615,2,False
03/211222,2,False
07/0865,2,False
24/18825,2,False
09/99338,2,False
23/60777,2,False
01/02623,2,False
24/21411,2,False
05/62592,2,False
15/38369,2,False
16/23039,2,False
15/12542,2,False
01/238122,2,False
01/501019,2,False
17/6195,2,False
02/81102,2,False
12/24944,2,False
23/97495,2,False
02/248395,2,False
09/59826,2,False
10/35539,2,False
19/26973,2,False
02/38254,2,False
01/399595,2,False
20/1247,2,False
20/1241,2,False
14/140385,2,False
07/13256,2,False
01/191548,2,False
00317196,2,False
0939120034,2,False
22/84880,2,False
23/154695,2,False
01/348020,2,False
0222222,2,False
00/00055,2,False
2363863,2,False
27/011385,2,False
01/406508,2,False
01/442390,2,False
02/116510,2,False
09/32061,2,False
21/40442,2,False
10/23548,2,False
09/252938,2,False
1551423,2,False
22/25872,2,False
01/410468,2,False
08/13298,2,False
06/11201,2,False
01/506839,2,False
24/16275,2,False
09/6857,2,False
01/460067,2,False
19/7134,2,False
01490114,2,False
01/260330,2,False
21/45737,2,False
17/45804,2,False
21/14567,2,False
01/43349,2,False
24/104951,2,False
02196665,2,False
03/180874,2,False
22/139580,2,False
05/92830,2,False
01/475250,2,False
04/68361,2,False
14/127023,2,False
17/49581,2,False
00/452555,2,False
23/98578,2,False
10/63546,2,False
03/121670,2,False
23130521,2,False
15/022163,2,False
00/302964,2,False
01/157281,2,False
51/54072,2,False
23/164105,2,False
22/26736,2,False
23/91843,2,False
03/58987,2,False
17/22522,2,False
09/191420,2,False
02/5487,2,False
23/10255,2,False
22/81549,2,False
20/21168,2,False
03/34522,2,False
04/100407,2,False
02/30444,2,False
16/84386,2,False
00/407341,2,False
01/125656,2,False
09/188919,2,False
25/0915,2,False
01/251200,2,False
07/59668,2,False
100000000,2,False
1400249141,2,False
23/28173,2,False
01/466388,2,False
03/234103,2,False
23/132631,2,False
02/179757,2,False
14/46294,2,False
01/39921,2,False
22/136914,2,False
24/21596,2,False
24/21591,2,False
01/24569,2,False
22/138242,2,False
09/135925,2,False
03/72745,2,False
24/95687,2,False
24/82934,2,False
01/377761,2,False
75/1905404,2,False
02/209615,2,False
23103584,2,False
23103684,2,False
21/24454,2,False
02/77024,2,False
01/157200,2,False
06/39164,2,False
2380319,2,False
25091999,2,False
14/72498,2,False
17/43867,2,False
03/75867,2,False
01/75402,2,False
23144376,2,False
03/5092,2,False
22/59098,2,False
03/70870,2,False
01/328290,2,False
01/428074,2,False
02/302094,2,False
24/46248,2,False
03/240264,2,False
01/42186,2,False
01/423399,2,False
15/85303,2,False
02/124739,2,False
09/208779,2,False
01/1376886,2,False
21/15296,2,False
09/137284,2,False
01/521597,2,False
01/022860,2,False
14/78716,2,False
14/158654,2,False
01/423362,2,False
01/293943,2,False
03147015,2,False
01/442056,2,False
02/6554,2,False
02/50889,2,False
01/36076,2,False
03/65086,2,False
01/340540,2,False
23/151559,2,False
23/94433,2,False
01/435053,2,False
12/20376,2,False
01/394588,2,False
08/61202,2,False
09/116087,2,False
09/611256,2,False
2392545,2,False
00/464924,2,False
15/000278,2,False
23/57611,2,False
00/267264,2,False
23/184110,2,False
23/28532,2,False
02/184055,2,False
14/67282,2,False
9904931011,2,False
8006931110,2,False
16/20658,2,False
01/25410,2,False
01/324828,2,False
01/504439,2,False
04/78233,2,False
21/53247,2,False
24/114509,2,False
01/389400,2,False
01/427904,2,False
00/460300,2,False
01/521412,2,False
00/381416,2,False
01/443383,2,False
09/127376,2,False
23/201607,2,False
03/192393,2,False
23/726211,2,False
22/136536,2,False
22/80825,2,False
01/191640,2,False
00/14225,2,False
07/125456,2,False
01/409777,2,False
09/48370,2,False
01/300029,2,False
23/31945,2,False
14/49502,2,False
01/1236541,2,False
02/309661,2,False
01/365302,2,False
01/239769,2,False
01 484780,2,False
00/371527,2,False
17/7178,2,False
17/26302,2,False
01/357055,2,False
02/5558,2,False
6044TU149,2,False
22/334023,2,False
04/124667,2,False
09/107628,2,False
18/20546,2,False
08/45111,2,False
07/97006,2,False
14/7310,2,False
23/168967,2,False
14/83259,2,False
23/174762,2,False
11111111A,2,False
07/140805,2,False
02/110158,2,False
19/88696,2,False
23/1416297,2,False
01/40750,2,False
22/114185,2,False
02/26936,2,False
23/106609,2,False
01/115699,2,False
21/469439,2,False
23/195665,2,False
17/20258,2,False
02/272262,2,False
14/23470,2,False
005/532,2,False
01/202001,2,False
01/235844,2,False
08/64125,2,False
15/99131,2,False
01/278334,2,False
VER202371,2,False
03/124180,2,False
02/183241,2,False
04443836,2,False
24/27897,2,False
01456326,2,False
01/101368,2,False
01/1545,2,False
11/2222,2,False
01/386285,2,False
03/49202,2,False
00/227528,2,False
17/30582,2,False
01352631,2,False
00/366040,2,False
21/37602,2,False
15/84832,2,False
01/481394,2,False
05/57233,2,False
24/15413,2,False
01408513,2,False
01/401011,2,False
23/172458,2,False
01/154581,2,False
02/83994,2,False
02/122154,2,False
02/54775,2,False
09/15137,2,False
02/255340,2,False
23/70947,2,False
1134630,2,False
21/44507,2,False
23/169062,2,False
15/51287,2,False
22/72919,2,False
08/70852,2,False
21/26046,2,False
09/182643,2,False
01/410062,2,False
33/4757,2,False
00/334757,2,False
02/128365,2,False
01/523711,2,False
03/201730,2,False
02/253095,2,False
23/54658,2,False
01/430066,2,False
15/45620,2,False
01/371704,2,False
01/377723,2,False
15/106130,2,False
07/68391,2,False
15/29008,2,False
07/19585,2,False
01/352099,2,False
14/79242,2,False
24/81325,2,False
24/79087,2,False
17/2479,2,False
23/174115,2,False
13/39269,2,False
15/8546,2,False
18/28954,2,False
22/144690,2,False
02/123662,2,False
01/400786,2,False
23/147946,2,False
00/415548,2,False
22/37448,2,False
22/141052,2,False
02/123159,2,False
01/137862,2,False
01/369374,2,False
07/128082,2,False
01/128082,2,False
23/6597,2,False
01/362227,2,False
2382768,2,False
03/109538,2,False
24/123927,2,False
23/105495,2,False
01/484845,2,False
01/36257,2,False
16/30555,2,False
00/297964,2,False
10/80399,2,False
07/37800,2,False
03/15484,2,False
15/52915,2,False
14/63448,2,False
14/5691,2,False
01/376078,2,False
17/32972,2,False
23/135587,2,False
01/507548,2,False
13/38110,2,False
01/167826,2,False
07/67759,2,False
01/517138,2,False
22/31245,2,False
23/29197,2,False
03/289490,2,False
01/483184,2,False
04/166052,2,False
01/0025431,2,False
00447623,2,False
01/349453,2,False
01/256229,2,False
01/248418,2,False
17/37054,2,False
0200000,2,False
01/49491,2,False
1516081,2,False
17/52992,2,False
01/7911,2,False
01/237782,2,False
01/416587,2,False
14 71116,2,False
14/130778,2,False
01/266971,2,False
08/18458,2,False
07/43006,2,False
22/102773,2,False
17/20736,2,False
09/193967,2,False
22/75716,2,False
2377065,2,False
22/76921,2,False
15/98270,2,False
24/87795,2,False
01/528377,2,False
01/28808,2,False
14/149736,2,False
22/50001,2,False
03/222723,2,False
22/86098,2,False
02/197022,2,False
01/521430,2,False
09/216031,2,False
02/265939,2,False
23/113989,2,False
07794779,2,False
00/441980,2,False
01/26372,2,False
10/33983,2,False
04/473535,2,False
01/3652987,2,False
22/108610,2,False
19/26861,2,False
24/66272,2,False
01/435594,2,False
02/331113,2,False
09/37362,2,False
6253TU122,2,False
03/115021,2,False
19/16237,2,False
21/1108,2,False
23/31793,2,False
03/139374,2,False
23/200845,2,False
08/27336,2,False
24/148733,2,False
22/8984,2,False
01/526331,2,False
01/536385,2,False
01/478518,2,False
24/49914,2,False
03/31350,2,False
01/021564,2,False
01/362537,2,False
10/50633,2,False
23/174000,2,False
21/29619,2,False
04/83406,2,False
09/107013,2,False
03/87271,2,False
15/041942,2,False
01/217917,2,False
17/27205,2,False
23/207198,2,False
14/00021,2,False
01/2111,2,False
23/23069,2,False
01/185796,2,False
15/8416,2,False
23/73209,2,False
14/171201,2,False
22/44879,2,False
03/102042,2,False
17/52952,2,False
03/38109,2,False
01/ 365272,2,False
24/124928,2,False
01/13258,2,False
01/176844,2,False
09/129953,2,False
01/147098,2,False
03/130036,2,False
00/406925,2,False
08/79828,2,False
01/421166,2,False
23/65191,2,False
01/316833,2,False
00/425040,2,False
25/63388,2,False
00/3725,2,False
01/508353,2,False
01/446390,2,False
80/231810,2,False
01/294404,2,False
03/195101,2,False
01/519371,2,False
01/405106,2,False
02/16961,2,False
23/142333,2,False
14/15263,2,False
10/60810,2,False
BCDBECEDR,2,False
01/502810,2,False
00/390005,2,False
0/452102,2,False
15/2146,2,False
02/194399,2,False
05/59000,2,False
22/31363,2,False
24/91974,2,False
00/474559,2,False
14/75553,2,False
2278544,2,False
23/150599,2,False
01/177228,2,False
00/390761,2,False
01/284250,2,False
17/22027,2,False
10/5208,2,False
01/342229,2,False
01/462105,2,False
12/60832,2,False
07/71743,2,False
03/146851,2,False
23/54508,2,False
12/39324,2,False
09/126193,2,False
15/63472,2,False
23/135423,2,False
01/259145,2,False
09/118909,2,False
23/88640,2,False
22/85661,2,False
08/74120,2,False
23/48987,2,False
02/21452,2,False
23/64336,2,False
00/280150,2,False
22/67255,2,False
22/77815,2,False
24/66962,2,False
24/15725,2,False
02/49595,2,False
22/102428,2,False
15/68334,2,False
12/9485,2,False
13/17952,2,False
20/17529,2,False
15/000916,2,False
17/25274,2,False
08/43850,2,False
21/5920,2,False
08/46150,2,False
15/39465,2,False
09/75003,2,False
23/1212014,2,False
10/48002,2,False
01/337709,2,False
01/85501,2,False
16/53308,2,False
01/191554,2,False
01/524656,2,False
01/398570,2,False
04/053209,2,False
01/5120,2,False
01/475680,2,False
03/110236,2,False
21/11713,2,False
02/82985,2,False
23/1590,2,False
22/143256,2,False
08/46584,2,False
01/374112,2,False
21/25176,2,False
09/150470,2,False
15/26081,2,False
23/29102,2,False
15/56786,2,False
01/23365,2,False
21/19297,2,False
23/84547,2,False
24/34119,2,False
2623TU172,2,False
01/156456,2,False
24/80647,2,False
14/75279,2,False
21/1084,2,False
09062005,2,False
23/186293,2,False
0167550,2,False
11/39098,2,False
01/79237,2,False
01/2941100,2,False
23139904,2,False
2357540,2,False
07/115823,2,False
23/199187,2,False
2365277,2,False
23/132117,2,False
14/10427,2,False
21/1510,2,False
02/161133,2,False
00/45727,2,False
01/6532410,2,False
17/21449,2,False
18/29450,2,False
01/165049,2,False
15/3017,2,False
01/407841,2,False
16/57410,2,False
01/477558,2,False
20/8358,2,False
23/163723,2,False
22/92290,2,False
24/33644,2,False
2382286,2,False
0291688,2,False
22/79801,2,False
01308925,2,False
01/221531,2,False
01/3652104,2,False
23/53574,2,False
24/105343,2,False
08/91665,2,False
09/987456,2,False
23/185143,2,False
00328003,2,False
02/18485,2,False
23/174703,2,False
16/58848,2,False
01/189485,2,False
02/288416,2,False
24/20889,2,False
09/122057,2,False
23/59137,2,False
01/178282,2,False
23/60742,2,False
02/12581,2,False
23/128299,2,False
09/8593,2,False
23/80742,2,False
07/57634,2,False
21/42211,2,False
12122018,2,False
04/92137,2,False
02/9523,2,False
23/16635,2,False
21/4793,2,False
16/22594,2,False
22/44470,2,False
01/349688,2,False
02/199859,2,False
02/97640,2,False
00/316124,2,False
04/73974,2,False
0773974,2,False
01/388098,2,False
06/9212,2,False
1111069212,2,False
23/63508,2,False
22/108333,2,False
24/58411,2,False
24/158990,2,False
24/54083,2,False
01/448725,2,False
01/34369,2,False
04/60333,2,False
01/415303,2,False
22/34962,2,False
01/348234,2,False
23/104944,2,False
08/60059,2,False
01/118263,2,False
15AY41745,2,False
23/168587,2,False
01/3652147,2,False
07/233245,2,False
01/315632,2,False
02/185969,2,False
02/133003,2,False
06/22763,2,False
01/269238,2,False
15/33057,2,False
09/79105,2,False
04/80438,2,False
23/134479,2,False
21/23666,2,False
00/210416,2,False
03/96991,2,False
01/113951,2,False
22/53114,2,False
02/135077,2,False
10/34594,2,False
01/509513,2,False
15/9500,2,False
01/208747,2,False
011256310,2,False
00/122548,2,False
01/297725,2,False
24/16565,2,False
23/153640,2,False
1102595332,2,False
14/105054,2,False
02/24872,2,False
10/36342,2,False
02/301989,2,False
03/159029,2,False
05/57272,2,False
01/323578,2,False
01/159599,2,False
14/127726,2,False
17/42445,2,False
MEDENINE,2,False
1718389,2,False
01/426300,2,False
07/200097,2,False
23/64154,2,False
23151032,2,False
23/153858,2,False
24/125465,2,False
24/23444,2,False
07/176628,2,False
24/93550,2,False
09/93412,2,False
01/96325,2,False
15/56640,2,False
22/84190,2,False
20/10224,2,False
21/33002,2,False
01/320326,2,False
02/39195,2,False
9703133027,2,False
02/56829,2,False
02/205999,2,False
01/488502,2,False
23/159319,2,False
01/4517260,2,False
02/252466,2,False
02/318419,2,False
02/209448,2,False
17/43009,2,False
01/136588,2,False
15/21500,2,False
24/20349,2,False
23/144804,2,False
12/9783,2,False
9307852004,2,False
01/178996,2,False
24/22135,2,False
08/74252,2,False
18/12344,2,False
22/29837,2,False
01/311578,2,False
23/34128,2,False
20/15199,2,False
00/468680,2,False
24/54384,2,False
02/24569,2,False
24/62492,2,False
01/341427,2,False
14/46837,2,False
04/117358,2,False
03/134679,2,False
157752825,2,False
02/91808,2,False
23/171439,2,False
12/25319,2,False
14/158790,2,False
23/8421,2,False
00/246071,2,False
11/29443,2,False
02/257483,2,False
03/62963,2,False
01/517373,2,False
01/435701,2,False
01/135560,2,False
02/112110,2,False
24/36752,2,False
02/194010,2,False
17/30617,2,False
0197266,2,False
22/143954,2,False
01/325371,2,False
01/373468,2,False
00/233677,2,False
01/92412,2,False
0388030,2,False
03/89387,2,False
01312556,2,False
02/106071,2,False
01/252457,2,False
01/34383,2,False
23/201233,2,False
02/1233,2,False
01/57639,2,False
01/223886,2,False
23/56533,2,False
01/24560,2,False
23/93528,2,False
01/9548,2,False
15/25109,2,False
09/88825,2,False
00/142522,2,False
01/80661,2,False
21/25854,2,False
23/31312,2,False
02/10447,2,False
22/48078,2,False
02/178045,2,False
01/467788,2,False
01/20079,2,False
01/465924,2,False
24/99961,2,False
11/0000000,2,False
07/174839,2,False
15/39628,2,False
05/31531,2,False
23/40577,2,False
23/202666,2,False
15/75437,2,False
2440989,2,False
01/349752,2,False
02/40385,2,False
03/94770,2,False
22/84192,2,False
00/384955,2,False
11/31950,2,False
01/95481,2,False
01/123037,2,False
02/150677,2,False
01/463985,2,False
15/74664,2,False
1574664,2,False
15/14535,2,False
2380618,2,False
23806/7,2,False
00/386849,2,False
X0070635,2,False
01/82517,2,False
01/2746,2,False
23/117076,2,False
01/489775,2,False
04/4554,2,False
01/430641,2,False
01/391936,2,False
24/66302,2,False
07/156689,2,False
01/26515,2,False
22/63891,2,False
07/117358,2,False
02/404771,2,False
02/107394,2,False
01/82544,2,False
15/114026,2,False
02/02451,2,False
23/25648,2,False
01/491822,2,False
22/109233,2,False
22/46663,2,False
23/1777771,2,False
00/234219,2,False
08/61744,2,False
14/7483,2,False
21/32019,2,False
02/166876,2,False
23118078,2,False
22/81545,2,False
01222222,2,False
01/140298,2,False
03/191520,2,False
03/198737,2,False
07/89230,2,False
01/468034,2,False
24/61885,2,False
09/223636,2,False
22/88449,2,False
23/96165,2,False
02/157360,2,False
03/95245,2,False
01/3652100,2,False
02/231850,2,False
23/207178,2,False
23/193983,2,False
02/6068,2,False
23/161445,2,False
0120513,2,False
01/52261,2,False
17/42558,2,False
08/35567,2,False
23/44842,2,False
23/132653,2,False
13/30920,2,False
17/6107,2,False
23/211893,2,False
22/135924,2,False
01/257840,2,False
01/210238,2,False
22/48386,2,False
00/583522,2,False
03/98520,2,False
21/18313,2,False
23/204388,2,False
22/89630,2,False
09151135,2,False
15/58432,2,False
22/46535,2,False
1554091,2,False
22/102595,2,False
01/502731,2,False
14/0010402,2,False
07/95022,2,False
15122005,2,False
17/25124,2,False
01/515663,2,False
19/17434,2,False
01/126399,2,False
23/172006,2,False
22/1802,2,False
22/95180,2,False
00/289141,2,False
02/309523,2,False
22/144403,2,False
01/267016,2,False
15/24191,2,False
12/56591,2,False
17/25205,2,False
01216146,2,False
22/46009,2,False
05/41557,2,False
08/40477,2,False
14/589764,2,False
19/12068,2,False
02/314315,2,False
01/121521,2,False
01456479,2,False
18/25757,2,False
21/36887,2,False
14/129642,2,False
0963903,2,False
24/48464,2,False
01/338899,2,False
15/11284,2,False
02/93911,2,False
02/101415,2,False
24/4202,2,False
23/115581,2,False
01/500300,2,False
15/45632,2,False
14/35069,2,False
23/11922,2,False
00/461684,2,False
24/114324,2,False
13/40095,2,False
23/194609,2,False
03/44448,2,False
04/1188460,2,False
10122784,2,False
22/12153,2,False
01/2258,2,False
24/92887,2,False
12/4428,2,False
02/261859,2,False
23/107786,2,False
08/15033,2,False
10/81828,2,False
01/115994,2,False
01/457336,2,False
15116201,2,False
23/112341,2,False
01/367419,2,False
01/152182,2,False
01/386776,2,False
23/161955,2,False
24/70028,2,False
17/26607,2,False
01/274100,2,False
09/109109,2,False
01/298359,2,False
23/208521,2,False
01/421597,2,False
KP62772,2,False
17/1997,2,False
00/33774,2,False
04/61480,2,False
03/15735,2,False
01/72597,2,False
23/188202,2,False
19/8861,2,False
01/450187,2,False
01/177114,2,False
01/407085,2,False
01/294856,2,False
15/19749,2,False
01/375005,2,False
19/87196,2,False
01/432872,2,False
01/204704,2,False
00/000000*,2,False
24/30821,2,False
01/354183,2,False
14/142650,2,False
01443690,2,False
02/111843,2,False
23/165531,2,False
01/423494,2,False
04/93118,2,False
00/458216,2,False
01/344455,2,False
01/384455,2,False
2328748,2,False
06/27802,2,False
21/21404,2,False
01/337418,2,False
12/44262,2,False
01/265310,2,False
23/112453,2,False
21/16101,2,False
18/43286,2,False
16/74770,2,False
02/32138,2,False
01/425870,2,False
*********,2,False
17/38855,2,False
01/189441,2,False
01/194725,2,False
23187330,2,False
23303553,2,False
01/140411,2,False
14/100507,2,False
01/495511,2,False
15/107693,2,False
01/236584,2,False
01/183568,2,False
23/166473,2,False
C010AZWHS1,2,False
24/30280,2,False
21/30564,2,False
12/42777,2,False
22/5239,2,False
24/55188,2,False
22/66198,2,False
17/32898,2,False
17/19663,2,False
24/109319,2,False
09147050,2,False
24/94627,2,False
0131613,2,False
2/38653,2,False
01255927,2,False
07/77060,2,False
03/208956,2,False
LIB8215,2,False
15/100416,2,False
23/908772,2,False
19/85762,2,False
00/1325,2,False
00/261596,2,False
00305765,2,False
01/390578,2,False
23/80830,2,False
0312751015,2,False
15/59041,2,False
21/25928,2,False
01/298848,2,False
18/40277,2,False
00/467320,2,False
17/29796,2,False
00/199638,2,False
22 000141,2,False
14/24765,2,False
15/33802,2,False
02/069641,2,False
02/69646,2,False
08/90933,2,False
13/9597,2,False
03/102985,2,False
17/21776,2,False
02/1230,2,False
01/486433,2,False
23/52454,2,False
04/11004,2,False
21/501415,2,False
01/384363,2,False
02/146200,2,False
01/31279,2,False
01/437465,2,False
01/505903,2,False
23/118644,2,False
18/11823,2,False
1146386,2,False
01/271585,2,False
01/76533,2,False
15/48236,2,False
22/109606,2,False
12/46521,2,False
21/6786,2,False
01/489100,2,False
03/22028,2,False
3017880000,2,False
24/104619,2,False
01/159800,2,False
01/281044,2,False
11/24056,2,False
01/178459,2,False
24/75390,2,False
AN5262172L,2,False
03/1270,2,False
05/81853,2,False
01/88999,2,False
02/287133,2,False
07/64414,2,False
07/113413,2,False
9935/05,2,False
14/71112,2,False
01/106345,2,False
17/28017,2,False
22/127511,2,False
00/14524,2,False
23/113838,2,False
22/17755,2,False
23/148058,2,False
01/258645,2,False
02/255276,2,False
23143193,2,False
15/36144,2,False
15/72314,2,False
01/2514,2,False
02/99742,2,False
12/53765,2,False
23/159386,2,False
22/108421,2,False
24/46047,2,False
24/80340,2,False
14/27086,2,False
01452483,2,False
01/452483,2,False
09/57788,2,False
01/302539,2,False
01/402969,2,False
22/51921,2,False
0802504006,2,False
17/15694,2,False
05/25541,2,False
20/39044,2,False
24/57516,2,False
17/12263,2,False
20/4892,2,False
00/223462,2,False
23/31902,2,False
00/15125,2,False
24/15829,2,False
01201043,2,False
01304020,2,False
01206004,2,False
01290009,2,False
0002/637,2,False
23/144845,2,False
01/350259,2,False
15/61518,2,False
23/49030,2,False
01/446358,2,False
11021989,2,False
00/307557,2,False
18/20790,2,False
14/63352,2,False
01516161,2,False
04/24625,2,False
02/24418,2,False
01/5163,2,False
02/303627,2,False
00/478820,2,False
01/478820,2,False
11/36890,2,False
01/7721870,2,False
17/23403,2,False
03/78813,2,False
01/416635,2,False
01/791570,2,False
01/92751,2,False
02/73296,2,False
23/99195,2,False
01/94422,2,False
23/123059,2,False
00/123123,2,False
01/472641,2,False
11/45845,2,False
3139953,2,False
01/110977,2,False
01/355907,2,False
01/478472,2,False
23/65088,2,False
24/112317,2,False
01/264909,2,False
01/433234,2,False
23/148086,2,False
01/189634,2,False
22/76675,2,False
15/114308,2,False
01/459475,2,False
01/377900,2,False
01/516692,2,False
03/76482,2,False
01/370765,2,False
01/478564,2,False
01/435342,2,False
23/67528,2,False
01/521507,2,False
01/190695,2,False
24/8289,2,False
01/2369,2,False
14/78892,2,False
01/505818,2,False
23/112834,2,False
10/297680,2,False
01/391495,2,False
23/93859,2,False
22/47804,2,False
00/383237,2,False
01/520659,2,False
20/17336,2,False
02/65811,2,False
23/181325,2,False
22/118043,2,False
23/209401,2,False
02308857,2,False
01/58105,2,False
02/105896,2,False
01/341116,2,False
03/123789,2,False
17/37365,2,False
15/14305,2,False
23146520,2,False
22/70646,2,False
02/218522,2,False
15/43616,2,False
01/237894,2,False
22/56621,2,False
08/47512,2,False
08/22665,2,False
24/ 668829,2,False
22/37766,2,False
01/536333,2,False
24/112666,2,False
06/23281,2,False
14/56993,2,False
22/120314,2,False
2335746,2,False
01/339894,2,False
11/9280,2,False
15/7856,2,False
01/0222222,2,False
02/139654,2,False
15/78237,2,False
5066/24,2,False
24/90033,2,False
09/87361,2,False
13/45581,2,False
24/50534,2,False
01/366678,2,False
14/102454,2,False
01/36760,2,False
01/443808,2,False
21/240609,2,False
23/200736,2,False
23/60235,2,False
01/525426,2,False
01/175670,2,False
23/97749,2,False
21/280028,2,False
01/419817,2,False
02/248103,2,False
01/165442,2,False
01/275054,2,False
24/87933,2,False
23/158273,2,False
01/338772,2,False
01/204178,2,False
01/202243,2,False
1536151,2,False
01/440937,2,False
23/97846,2,False
15/116710,2,False
18/1516,2,False
1/158944,2,False
01/471182,2,False
01521736,2,False
09/16244,2,False
09/167998,2,False
01/411219,2,False
21/47935,2,False
15/107140,2,False
22/33986,2,False
01/491569,2,False
23/221808,2,False
05/54935,2,False
01/296212,2,False
1002522,2,False
24/65825,2,False
12/13245,2,False
02/92368,2,False
24/49220,2,False
17/36222,2,False
15/17080,2,False
01/388724,2,False
21/30677,2,False
01/215026,2,False
02/208846,2,False
01/510627,2,False
00/441638,2,False
01/26139,2,False
07/108445,2,False
0281397,2,False
18/21038,2,False
05/50848,2,False
01/107569,2,False
22/26919,2,False
09/70954,2,False
23/71472,2,False
09225530,2,False
03/27088,2,False
03/21945,2,False
01/529891,2,False
08/15414,2,False
K35038M80,2,False
02/310511,2,False
01/501255,2,False
04/71353,2,False
01/499603,2,False
01/99603,2,False
15/63702,2,False
24/84589,2,False
23205255,2,False
14/138195,2,False
08/66965,2,False
14/136258,2,False
21/15107,2,False
01/25698,2,False
1542687,2,False
01/0123456,2,False
08092007,2,False
23/169068,2,False
01/249212,2,False
19/19344,2,False
01/485076,2,False
24/40686,2,False
04/47483,2,False
07/173350,2,False
17/56102,2,False
01/346640,2,False
01/376176,2,False
22/46439,2,False
24/130912,2,False
02/13268,2,False
01/322706,2,False
03/79302,2,False
14/29147,2,False
02/100714,2,False
01/560264,2,False
0101010,2,False
22/70185,2,False
07/172544,2,False
04/105514,2,False
24/13849,2,False
17/15902,2,False
01/380717,2,False
03/163375,2,False
01/225601,2,False
01/519310,2,False
07/178554,2,False
07/9999999,2,False
00/403968,2,False
04/110111,2,False
01/132103,2,False
23117041,2,False
01/414311,2,False
23/98096,2,False
18/51307,2,False
23/39630,2,False
12/66759,2,False
01/419221,2,False
02/298340,2,False
25/101984,2,False
14/121763,2,False
00/375567,2,False
22/153208,2,False
23/126511,2,False
15/71717,2,False
038171383,2,False
01/271822,2,False
22/135998,2,False
15/26449,2,False
01/119827,2,False
15/002455,2,False
15/5471,2,False
15/114555,2,False
1448682,2,False
08/44876,2,False
22/79501,2,False
01/2151,2,False
01/42516,2,False
11/6175,2,False
00/314797,2,False
23/49691,2,False
02/215041,2,False
55B1477,2,False
3406121995,2,False
01/2527852,2,False
14/123625,2,False
15/1245,2,False
15/77026,2,False
22/29916,2,False
17/1493,2,False
23/44285,2,False
01/269622,2,False
23/95940,2,False
15/41723,2,False
03/05600,2,False
17/92000,2,False
15/184557,2,False
01/277270,2,False
14/14210,2,False
03118433,2,False
01/259624,2,False
23201171,2,False
07/148976,2,False
01/333333,2,False
00/352356,2,False
01/389827,2,False
02/306340,2,False
15/79763,2,False
03/ 000,2,False
01/73866,2,False
14/158979,2,False
00/297643,2,False
14/71232,2,False
17/53154,2,False
17/53184,2,False
14/90070,2,False
09/196244,2,False
01/333293,2,False
14/140425,2,False
01 231587,2,False
15/0564863,2,False
41/1111,2,False
10.81277,2,False
23/54566,2,False
23/81752,2,False
23/75350,2,False
13/25523,2,False
01/345864,2,False
01/448415,2,False
01/534390,2,False
24/115553,2,False
23/126493,2,False
14/77037,2,False
09/219007,2,False
23/124338,2,False
23/101544,2,False
21/40335,2,False
24/40416,2,False
22/52450,2,False
02/47638,2,False
14/151741,2,False
04/92342,2,False
01/303969,2,False
01/1425637,2,False
010000001,2,False
10000000,2,False
20/8688,2,False
01/185311,2,False
22/99430,2,False
01/302409,2,False
24/7068,2,False
15/82895,2,False
12/50060,2,False
01/67939,2,False
02/299725,2,False
01/345831,2,False
23/188473,2,False
01/287738,2,False
24/151693,2,False
14/106517,2,False
01/119637,2,False
24/97285,2,False
15/87364,2,False
23/183438,2,False
07/27359,2,False
04/20917,2,False
22/77132,2,False
15/7263,2,False
02/251360,2,False
15/115261,2,False
02/206350,2,False
24/75364,2,False
22/54618,2,False
01/36345,2,False
24/30812,2,False
15/6145,2,False
03/24851,2,False
02/5552,2,False
09/118210,2,False
24/133934,2,False
24/142664,2,False
00/419663,2,False
01/413663,2,False
01/68281,2,False
01/526830,2,False
01/231985,2,False
01/325685,2,False
24/79309,2,False
01/499843,2,False
24/111006,2,False
22/66344,2,False
03/5655,2,False
24/135349,2,False
23/152973,2,False
23109470,2,False
24/114808,2,False
00/363303,2,False
0.00000000,2,False
0362270,2,False
00/363806,2,False
01/420142,2,False
24/116886,2,False
01/299244,2,False
15/48744,2,False
22/12505,2,False
15/39624,2,False
20/22978,2,False
23127226,2,False
23/103770,2,False
03/1508,2,False
23/158634,2,False
2458062,2,False
09/136259,2,False
01/95419,2,False
07/64651,2,False
02/8378,2,False
2219733967,2,False
01/258980,2,False
23/103092,2,False
01/276376,2,False
10/69039,2,False
01/6532148,2,False
01/385996,2,False
12/5221,2,False
08/985478,2,False
08/65480,2,False
01/340836,2,False
01/522004,2,False
24/37271,2,False
10/7499,2,False
01/353839,2,False
02/246642,2,False
03/47918,2,False
22/198094,2,False
23/56257,2,False
10/ 63362,2,False
17/3921,2,False
03/207571,2,False
23/92856,2,False
01/51792,2,False
01/359086,2,False
19/25687,2,False
01/000512,2,False
14/165399,2,False
14/46817,2,False
10/75589,2,False
12/60256,2,False
01/209962,2,False
08/4673,2,False
23/121775,2,False
02/222223,2,False
2314475,2,False
23/178345,2,False
14/119688,2,False
23/34427,2,False
23/103698,2,False
01/282947,2,False
21/24415,2,False
23/210242,2,False
03/78423,2,False
03/117052,2,False
15/1457,2,False
09/96519,2,False
01/512494,2,False
14/28256,2,False
04/56083,2,False
23/166525,2,False
01/255257,2,False
02/7048946,2,False
B65001CC26,2,False
14/53474,2,False
15/25410,2,False
07/93552,2,False
3170024473,2,False
06/31849,2,False
01/298092,2,False
22/12795,2,False
01/5666,2,False
140028906,2,False
23/150939,2,False
02/206283,2,False
01/363832,2,False
09/176934,2,False
17/31982,2,False
22/64686,2,False
09/124226,2,False
14/162877,2,False
01/311447,2,False
01/535769,2,False
01/309882,2,False
00/45363,2,False
22/68139,2,False
03/178807,2,False
02/33650,2,False
23/104196,2,False
22/176895,2,False
08/49772,2,False
18/16133,2,False
03/129479,2,False
01/96505,2,False
01/0101012,2,False
00457571,2,False
00451057,2,False
01/21321,2,False
01/149079,2,False
07/369470,2,False
15/12562,2,False
21/2212,2,False
20/010583,2,False
03/49046,2,False
23/2211,2,False
01/231377,2,False
19AF62969,2,False
09/100505,2,False
M27109414,2,False
10/23500,2,False
03/86974,2,False
13/25707,2,False
03/103151,2,False
24/36412,2,False
23/151626,2,False
03/6814,2,False
2470666,2,False
15/45018,2,False
03/114498,2,False
21/33282,2,False
22/81954,2,False
02/70780,2,False
24/84555,2,False
15/5682,2,False
01/98785,2,False
07/52787,2,False
17/27618,2,False
24/73824,2,False
14/119160,2,False
02/1520,2,False
09/179044,2,False
02/266290,2,False
22/98095,2,False
01/212195,2,False
01/263971,2,False
24/026103,2,False
24/26103,2,False
01/241739,2,False
23/57508,2,False
22/57688,2,False
08/34238,2,False
01/349075,2,False
01/27130,2,False
07/3364522,2,False
24/35237,2,False
01/412175,2,False
22/138660,2,False
14/68888,2,False
01/82223,2,False
01/437367,2,False
22/145748,2,False
U1G0909985,2,False
17/27586,2,False
01/436878,2,False
01/147909,2,False
00/0101010,2,False
16/65741,2,False
23/84727,2,False
01/89563,2,False
24/70507,2,False
24/20302,2,False
17/70842,2,False
01333417,2,False
2365083,2,False
0564643,2,False
10/22461,2,False
07/109132,2,False
70/0099,2,False
21/44694,2,False
01/3355171,2,False
02/152433,2,False
00/378091,2,False
01/487578,2,False
01/535663,2,False
24/74327,2,False
21/35040,2,False
02/118587,2,False
13/4172,2,False
22/57166,2,False
11/24301,2,False
01/01233,2,False
01/20000,2,False
23/130453,2,False
12/23383,2,False
03/46056,2,False
02/2562,2,False
02/21456,2,False
23/106490,2,False
07/21590,2,False
04/31418,2,False
03/992077,2,False
23/28890,2,False
24/1110,2,False
14/67583,2,False
23/111469,2,False
07/218640,2,False
09/14539,2,False
01/379001,2,False
01/416187,2,False
01/233952,2,False
02/150557,2,False
01444227,2,False
01/434312,2,False
24/78345,2,False
00/314904,2,False
11/21757,2,False
14/126921,2,False
23/083915,2,False
01/504306,2,False
09/113878,2,False
24/48401,2,False
03/190373,2,False
03/215696,2,False
01/498504,2,False
01/143998,2,False
24/70567,2,False
01/180102,2,False
01/176486,2,False
15/4432,2,False
21/37492,2,False
01/216954,2,False
23/80114,2,False
2380114,2,False
13/35383,2,False
01/481224,2,False
24/40384,2,False
24/44320,2,False
23/248571,2,False
23/2620,2,False
24/7761,2,False
22/89326,2,False
01386807,2,False
24/69575,2,False
13/22423,2,False
03/77679,2,False
01/420443,2,False
02/229516,2,False
01/521644,2,False
01/366710,2,False
2385967,2,False
15/45678,2,False
23/230342,2,False
2/55665,2,False
01417443,2,False
02/59165,2,False
02/895741,2,False
07/132666,2,False
03/198483,2,False
23/194412,2,False
01/530671,2,False
24/25583,2,False
01/540020,2,False
22/98150,2,False
01/352832,2,False
02/217777,2,False
01/397526,2,False
14/25543,2,False
0470024,2,False
01/328019,2,False
01/481081,2,False
22/122717,2,False
24/119123,2,False
17/141414,2,False
21/31083,2,False
01/283333,2,False
01/322092,2,False
4177223024,2,False
00/38227,2,False
00349847,2,False
02/214772,2,False
03/55413,2,False
07/141377,2,False
03/56808,2,False
14/64290,2,False
03/58742,2,False
23/76975,2,False
14/10372,2,False
22/31630,2,False
07/47168,2,False
17/47245,2,False
03/157250,2,False
01/242352,2,False
22/69222,2,False
1900539597,2,False
00/5376528,2,False
01/411205,2,False
01/538307,2,False
18/11310,2,False
03/236910,2,False
23/122399,2,False
23142921,2,False
24/45767,2,False
02/40547,2,False
08/1012,2,False
23/90340,2,False
01/479107,2,False
00/403367,2,False
01/529410,2,False
01/236578,2,False
02/187194,2,False
14/185894,2,False
2378479,2,False
19/4708,2,False
01/448691,2,False
02/272370,2,False
01/529771,2,False
22/50745,2,False
22/160346,2,False
01/24052,2,False
23/207087,2,False
00/419669,2,False
00/355487,2,False
22/10525,2,False
03/136808,2,False
14/6985,2,False
09/59645,2,False
03/157921,2,False
01/341912,2,False
07/148725,2,False
03/10262,2,False
01/540119,2,False
06/668291,2,False
03/162502,2,False
15/8429,2,False
2927880097,2,False
22/74891,2,False
01164144,2,False
U1N3281555,2,False
0355906,2,False
87/0965212,2,False
SANS CPND,2,False
01/537745,2,False
24/101889,2,False
14/138076,2,False
00/41801,2,False
01/171737,2,False
02/6069,2,False
24/37015,2,False
23/178341,2,False
02/195790,2,False
17/43933,2,False
03/141351,2,False
01/309468,2,False
01/456432,2,False
01/253168,2,False
03/91812,2,False
01/236546,2,False
23/174681,2,False
02/136959,2,False
02/3215,2,False
23/84833,2,False
21/30294,2,False
01/364794,2,False
13/51612,2,False
02/258774,2,False
02/291603,2,False
03/53450,2,False
01/536793,2,False
03/110596,2,False
01/323392,2,False
23/175230,2,False
23/106321,2,False
2399556,2,False
22/68993,2,False
23995561,2,False
05/33398,2,False
01/98776,2,False
01/437117,2,False
02/106237,2,False
12/39848,2,False
01/457090,2,False
09/168115,2,False
01/242285,2,False
01/194273,2,False
00/317237,2,False
24/131011,2,False
23/149095,2,False
1122111,2,False
04/54685,2,False
14/66095,2,False
23/122613,2,False
02/155824,2,False
01/428705,2,False
15/52847,2,False
01/219512,2,False
23/56739,2,False
01/414976,2,False
01/426952,2,False
23/117031,2,False
15/00155,2,False
19AK62547,2,False
15/116353,2,False
01/99245,2,False
01/322236,2,False
02/318069,2,False
23/63129,2,False
04/125736,2,False
08/15892,2,False
23/180445,2,False
24/15245,2,False
15/23651,2,False
22/151218,2,False
24/94371,2,False
09/183235,2,False
22/109848,2,False
02/125522,2,False
24/110965,2,False
00/291962,2,False
01/527913,2,False
01/192919,2,False
03/150420,2,False
01/2235,2,False
01/520938,2,False
16/81479,2,False
01/229824,2,False
01/32459,2,False
24/9520,2,False
15/77845,2,False
03/1437,2,False
01/295808,2,False
23/70798,2,False
21/16304,2,False
22/89437,2,False
21/6283,2,False
23/76910,2,False
00/417950,2,False
01/744025,2,False
17/10646,2,False
03/162790,2,False
19/15040,2,False
01/64846,2,False
24/70665,2,False
10/36655,2,False
01/347094,2,False
04/97196,2,False
01/535630,2,False
22/120621,2,False
01/26739,2,False
17/25650,2,False
02291361,2,False
02/280832,2,False
02/82819,2,False
02/262703,2,False
00/249999,2,False
01/512007,2,False
06/23882,2,False
01/066623,2,False
01/477415,2,False
15/97876,2,False
15/80778,2,False
23/24210,2,False
01/228783,2,False
06/49548,2,False
21/19536,2,False
03/71061,2,False
22/151736,2,False
02/308916,2,False
03 209647,2,False
02/29136,2,False
02/260530,2,False
01/437476,2,False
09/92140,2,False
21/37813,2,False
15/2564,2,False
15/91477,2,False
01/376500,2,False
21/18127,2,False
12/1251,2,False
2325774,2,False
23/25774,2,False
22/22529,2,False
00/282558,2,False
2370585,2,False
10/11878,2,False
02/251083,2,False
24/45267,2,False
02/37843,2,False
01/299994,2,False
01/375697,2,False
23/71607,2,False
01/318828,2,False
07/130535,2,False
03/185393,2,False
23/210771,2,False
01/426372,2,False
01/290454,2,False
17/40380,2,False
05/23789,2,False
01/550879,2,False
1558103,2,False
11/10867,2,False
02/242456,2,False
02/119299,2,False
10/21522,2,False
09/128965,2,False
18/335188,2,False
29112010,2,False
22/91745,2,False
02/54439,2,False
17/45529,2,False
01/395363,2,False
05/75896,2,False
14/88242,2,False
02/24242,2,False
01/436059,2,False
02/306571,2,False
23/164339,2,False
23/0164339,2,False
23/206186,2,False
02/34046,2,False
01/133382,2,False
04/108950,2,False
24/104789,2,False
02/228282,2,False
14/125102,2,False
15/58833,2,False
0.000000,2,False
01/516924,2,False
01/247854,2,False
09/14083,2,False
09/229685,2,False
09/154720,2,False
02/185918,2,False
23/17942,2,False
03/178282,2,False
08/42103,2,False
02/37105,2,False
09/053066,2,False
22/99985,2,False
09/201790,2,False
0023R43,2,False
23/21649,2,False
0120000,2,False
01/63047,2,False
15/66392,2,False
23/146774,2,False
24/65080,2,False
01/315106,2,False
08/8061,2,False
070494214,2,False
24/58966,2,False
08/69336,2,False
01/514544,2,False
01/90164,2,False
10/51760,2,False
23/168747,2,False
02/187360,2,False
09/122264,2,False
09/168437,2,False
01/5010366,2,False
01544228,2,False
01/81436,2,False
24/59024,2,False
01/355357,2,False
15/86250,2,False
23198579,2,False
03/76578,2,False
02/84898,2,False
01/123568,2,False
01/1258963,2,False
24/86280,2,False
15/19031,2,False
23/114025,2,False
04/128647,2,False
195502/23,2,False
01/22554,2,False
01/267362,2,False
21/33279,2,False
02/44907,2,False
02251471,2,False
04/102018,2,False
03/005285,2,False
24/127711,2,False
03/116677,2,False
00/389532,2,False
14/152839,2,False
01/312735,2,False
01/2654,2,False
17/041456,2,False
23/192122,2,False
23/200742,2,False
12/18129,2,False
17/70227,2,False
02/178922,2,False
01/353221,2,False
23/94560,2,False
01/437776,2,False
01/17532,2,False
23/39099,2,False
01/23589,2,False
03/00555,2,False
08/14778,2,False
1500455,2,False
0058696,2,False
23/58696,2,False
01/403102,2,False
02/258402,2,False
19/6608,2,False
23/167280,2,False
03/19407,2,False
23/107731,2,False
01/421775,2,False
05/331804,2,False
01/235647,2,False
23/32780,2,False
01/423100,2,False
16/89655,2,False
02/159124,2,False
12/0001000,2,False
01/5568,2,False
01/531520,2,False
05/22374,2,False
24/65602,2,False
23/116684,2,False
23115684,2,False
23/115684,2,False
24/137992,2,False
24/71354,2,False
0236125,2,False
03/125648,2,False
01/303125,2,False
04/76679,2,False
08/41504,2,False
02/296388,2,False
24/55144,2,False
01/458390,2,False
01/538132,2,False
15/64944,2,False
01/524976,2,False
23/198198,2,False
23/191605,2,False
01/411861,2,False
24/127032,2,False
03/190510,2,False
02/329380,2,False
23/167166,2,False
24/73077,2,False
02/23245,2,False
10/37673,2,False
22/64532,2,False
22/21858,2,False
01/375236,2,False
02/253695,2,False
02/250244,2,False
00/184759,2,False
01/149884,2,False
23/36438,2,False
02/188509,2,False
08/34187,2,False
01/11136,2,False
24/96826,2,False
02/23564,2,False
23/120147,2,False
08/19105,2,False
VIJI44298L,2,False
01/355308,2,False
03/187921,2,False
01/399726,2,False
04/85343,2,False
23/120546,2,False
24/8335,2,False
01/353654,2,False
15/30919,2,False
08/28779,2,False
01/36190,2,False
02/137099,2,False
17/44284,2,False
02/50973,2,False
23/168318,2,False
24/23545,2,False
01/13874,2,False
16/86952,2,False
01/470319,2,False
03/100219,2,False
23/15919,2,False
22/103586,2,False
04/85459,2,False
10/1111111,2,False
10/0001,2,False
20/27050,2,False
14/156518,2,False
15/28230,2,False
04/56860,2,False
16/19805,2,False
17/30715,2,False
09/122945,2,False
01/356659,2,False
02/11458,2,False
02/278864,2,False
04/31925,2,False
02/175576,2,False
02/1758576,2,False
05/2008,2,False
22/8354,2,False
01/468681,2,False
23/220051,2,False
15/73339,2,False
07/33301,2,False
01/324904,2,False
06/32281,2,False
24/99180,2,False
22/65668,2,False
0122115,2,False
19/15252,2,False
01/225633,2,False
24995556,2,False
09/144179,2,False
01/427977,2,False
22/76685,2,False
15/90302,2,False
24/87275,2,False
02/207198,2,False
23/74859,2,False
22/106356,2,False
23/57968,2,False
01/300877,2,False
01/227347,2,False
04/00122,2,False
01/378721,2,False
01/528529,2,False
11/118856,2,False
03/152558,2,False
01/184984,2,False
05/0599,2,False
22/64120,2,False
22/97109,2,False
24/ 47807,2,False
01/297170,2,False
02/49966,2,False
02/210408,2,False
17/46880,2,False
22/66938,2,False
23/66038,2,False
24/36589,2,False
03/94014,2,False
02/201945,2,False
07/843125,2,False
03/269548,2,False
0352841,2,False
09/205951,2,False
01/294021,2,False
01523116,2,False
22/74657,2,False
15/39728,2,False
24/127177,2,False
06/52556,2,False
23/215981,2,False
23/60500,2,False
23/82034,2,False
07/117695,2,False
03/208709,2,False
22/28178,2,False
01/391572,2,False
04/148768,2,False
04/51570,2,False
12/125514,2,False
14/34410,2,False
24/29936,2,False
02/106932,2,False
02/25174,2,False
17/23483,2,False
15/42233,2,False
01/451621,2,False
01/32006,2,False
01/32949,2,False
09/27801,2,False
09192776,2,False
23/49253,2,False
23/12371,2,False
01/13215,2,False
01/50656,2,False
01/558960,2,False
15/97013,2,False
1572623,2,False
15/82126,2,False
23/224353,2,False
24/92197,2,False
01/546625,2,False
23/112017,2,False
01/5587,2,False
15/23258,2,False
15/124687,2,False
24/33630,2,False
24/27652,2,False
01/381502,2,False
21/27076,2,False
01/549647,2,False
01/54647,2,False
02/155742,2,False
07/147149,2,False
01/458645,2,False
03/75820,2,False
U1N323331H,2,False
01.92221,2,False
01/89659,2,False
24/11474,2,False
01/448200,2,False
00/403257,2,False
22/64234,2,False
01/48307,2,False
23/11687,2,False
23/216392,2,False
00/245476,2,False
01/524228,2,False
10/0123,2,False
01/86860,2,False
01/2661108,2,False
02/62632,2,False
22/122498,2,False
04/17535,2,False
00/435183,2,False
04/100522,2,False
17/32028,2,False
07120711,2,False
01/123389,2,False
23/29632,2,False
22/48607,2,False
A161765838,2,False
03/204407,2,False
17/36594,2,False
01/172117,2,False
02/117701,2,False
01/395413,2,False
06/48360,2,False
23/188869,2,False
23/5904,2,False
02/78929,2,False
14/173924,2,False
2245047,2,False
00/393006,2,False
11/5897,2,False
01/349684,2,False
02187815,2,False
02/219444,2,False
16/16127,2,False
09/2154444,2,False
24/61763,2,False
01/406554,2,False
01/311533,2,False
01624841,2,False
2346680,2,False
15/61259,2,False
09/168221,2,False
012222222,2,False
24/43787,2,False
01/435629,2,False
01/134056,2,False
14/120913,2,False
01/448894,2,False
03/133582,2,False
00/123561,2,False
14/125061,2,False
22/3933,2,False
01/544566,2,False
04/64195,2,False
15/90123,2,False
24/25757,2,False
07/45290,2,False
22/102775,2,False
17/25812,2,False
24/66938,2,False
U14791595K,2,False
23157114,2,False
23/193236,2,False
21/25172,2,False
17/47620,2,False
02/332732,2,False
17/32919,2,False
12/500000,2,False
23/110430,2,False
22/63617,2,False
10/4585,2,False
23/64522,2,False
15/32414,2,False
01/495026,2,False
07/158992,2,False
24/95749,2,False
01/99366,2,False
21/51961,2,False
2390101,2,False
09/147506,2,False
23/155214,2,False
02/294116,2,False
01/256412,2,False
00/423766,2,False
01/103709,2,False
00/404657,2,False
24/89223,2,False
02/6039,2,False
11111125,2,False
15/47552,2,False
02/177038,2,False
01/281002,2,False
00/361451,2,False
19/24516,2,False
01/147900,2,False
01/421644,2,False
01/550415,2,False
01317814,2,False
15/88784,2,False
01/496551,2,False
15/97481,2,False
00/321954,2,False
01/157906,2,False
09/136862,2,False
24/101326,2,False
02/23568,2,False
10/57571,2,False
17/17161,2,False
20/37355,2,False
04/115071,2,False
01/5547,2,False
16/26596,2,False
02/91313,2,False
01/147800,2,False
17/24174,2,False
01/14020,2,False
20/12062,2,False
16/71072,2,False
11/00000,2,False
01/502642,2,False
07/12151,2,False
23/111943,2,False
18/17057,2,False
01/162454,2,False
15/007520,2,False
21/33339,2,False
02/267580,2,False
01/494077,2,False
02/248335,2,False
91/537832,2,False
2399218,2,False
22/102779,2,False
02/286545,2,False
01/527222,2,False
01/41352,2,False
15/28030,2,False
15/139189,2,False
15/51309,2,False
23/213051,2,False
15/128198,2,False
18/36240,2,False
02/268444,2,False
23/188401,2,False
04/50400,2,False
21/7006,2,False
04/18050,2,False
02/24536,2,False
01/499343,2,False
18/13591,2,False
03/1108361,2,False
01/104617,2,False
14/154788,2,False
01/139334,2,False
15/144457,2,False
55/5555555,2,False
01/539507,2,False
01/540475,2,False
01/124536,2,False
01/356672,2,False
14/73484,2,False
21/19734,2,False
04/137048,2,False
23/64718,2,False
01/415247,2,False
01125487,2,False
22/1988,2,False
01/415840,2,False
22/0909445,2,False
03/143584,2,False
02/163767,2,False
01/396172,2,False
01543281,2,False
15/69102,2,False
12/27991,2,False
19AF39034,2,False
02/281993,2,False
02/124609,2,False
202AP01645,2,False
02/270025,2,False
02/336605,2,False
02/3516,2,False
00/356019,2,False
02/81453,2,False
02/268582,2,False
14/44749,2,False
02/84090,2,False
01/544391,2,False
01/284994,2,False
00/362115,2,False
24/46194,2,False
03/49284,2,False
03174277,2,False
22/8057450,2,False
01/471160,2,False
17/48224,2,False
27693/18,2,False
17/28876,2,False
14/46338,2,False
07/112744,2,False
02/304566,2,False
22/26881,2,False
03/178252,2,False
24/86172,2,False
00/253472,2,False
01/471638,2,False
13/5821,2,False
24/82121,2,False
23/220469,2,False
23/148699,2,False
23/162926,2,False
14AE80072,2,False
04/52212,2,False
0120540,2,False
24/72587,2,False
04/74843,2,False
V116B72894,2,False
01/118195,2,False
22/114937,2,False
01465080,2,False
12/35828,2,False
03/97437,2,False
24/84324,2,False
09/221668,2,False
23/222703,2,False
80/6751518,2,False
23/38929,2,False
24/68121,2,False
24109466,2,False
23208656,2,False
15/46231,2,False
01/220674,2,False
24/120021,2,False
01/485348,2,False
01/134332,2,False
02/27020,2,False
02/215057,2,False
22/307684,2,False
01/293597,2,False
01/522646,2,False
14/29266,2,False
00/1245000,2,False
24/60966,2,False
11/2555,2,False
01324452,2,False
13/7809,2,False
24/5197,2,False
10/1000,2,False
02/224430,2,False
21/30728,2,False
01/374732,2,False
22/38671,2,False
04/14106,2,False
14/212015,2,False
05/80699,2,False
10/1233,2,False
01/27419,2,False
15/47789,2,False
15/84761,2,False
01/14122,2,False
00/90206,2,False
03/104144,2,False
15/450842,2,False
01/541147,2,False
23/83183,2,False
23/83483,2,False
23/84940,2,False
23/47026,2,False
15/128926,2,False
01/505212,2,False
01/191981,2,False
13/484419,2,False
15/00366,2,False
02/291847,2,False
23/19800,2,False
15/105937,2,False
02/193699,2,False
15/117616,2,False
01/2365,2,False
18/38991,2,False
23/136566,2,False
22/104652,2,False
08/48299,2,False
14/100994,2,False
24/42023,2,False
01/29221,2,False
01245437,2,False
17/12478,2,False
02/315460,2,False
02/0207757,2,False
20/32581,2,False
04/92793,2,False
01/35653,2,False
01/551630,2,False
12/48209,2,False
16/6703,2,False
10/53397,2,False
10/44746,2,False
20/24018,2,False
15/8974,2,False
01/155209,2,False
03/5455,2,False
010000/00,2,False
23/226314,2,False
23/25815,2,False
21/12947,2,False
22/133993,2,False
22/40695,2,False
22141837,2,False
00467840,2,False
03/126010,2,False
09/109789,2,False
15/12518,2,False
21/14071,2,False
01217145,2,False
B021935070,2,False
23/20351,2,False
02/131487,2,False
03/73381,2,False
24/8096,2,False
01/484061,2,False
02/123550,2,False
09/77871,2,False
01/355041,2,False
16/104232,2,False
14/16822,2,False
24/137791,2,False
23/52726,2,False
06/25695,2,False
01/303436,2,False
01/549966,2,False
23/106303,2,False
01/4719,2,False
05/44052,2,False
012145876,2,False
24/69969,2,False
14/75289,2,False
14/143198,2,False
14/18171,2,False
01/509745,2,False
01/294776,2,False
15/125078,2,False
01/328758,2,False
03/830274,2,False
23/218555,2,False
15/82187,2,False
15/74901,2,False
14AX55406,2,False
01/10901,2,False
23/187215,2,False
23/127847,2,False
01416516,2,False
01/195634,2,False
1658093452,2,False
23/34565,2,False
2336465,2,False
00/467616,2,False
01/310471,2,False
01/523367,2,False
01/861714,2,False
02/125570,2,False
23/28081,2,False
01/481153,2,False
01/72996,2,False
23/003703,2,False
01/398201,2,False
01/389473,2,False
23/ 24682,2,False
0102200,2,False
14/149463,2,False
01/238054,2,False
02/293004,2,False
24/81979,2,False
01/1245876,2,False
01/469317,2,False
07/104510,2,False
01/ 551150,2,False
13/10826,2,False
19/23620,2,False
09/185178,2,False
09/220331,2,False
01/439746,2,False
01/549078,2,False
11/19799,2,False
01/467402,2,False
12/95858,2,False
24/66726,2,False
23/62896,2,False
22/52713,2,False
0/0000000,2,False
01/401265,2,False
01/421979,2,False
03/230341,2,False
21/46500,2,False
03/192907,2,False
07/32289,2,False
01/344829,2,False
01/2899,2,False
15/31370,2,False
04/108564,2,False
21/00947,2,False
13/31456,2,False
09/149357,2,False
09149357,2,False
00/470731,2,False
21/2702,2,False
21/43389,2,False
23/160306,2,False
01/2365123,2,False
01/255545,2,False
02/136922,2,False
01/3269,2,False
24/001451,2,False
16/63455,2,False
22/54611,2,False
22/137045,2,False
01/590493,2,False
01/375023,2,False
01/480700,2,False
01/287144,2,False
24/65508,2,False
17/33389,2,False
08/24043,2,False
21/14761,2,False
02/103011,2,False
22/49537,2,False
01/527378,2,False
03/185254,2,False
16/29974,2,False
09/77819,2,False
01/490384,2,False
17AK79884,2,False
22/126682,2,False
14/103673,2,False
24/79076,2,False
01/511120,2,False
2479076,2,False
17/48523,2,False
23/195125,2,False
22/25182,2,False
17/42798,2,False
01/163708,2,False
23/167710,2,False
02/229634,2,False
17/48266,2,False
24/49889,2,False
14/36095,2,False
24/81860,2,False
24/75583,2,False
23/19061,2,False
23/222919,2,False
09/115187,2,False
14/172892,2,False
1729050,2,False
02/243843,2,False
23/55821,2,False
22/22222,2,False
07/90192,2,False
23/150780,2,False
01/364876,2,False
20/43851,2,False
22/162910,2,False
24/36345,2,False
41417483M,2,False
04/70721,2,False
01/367234,2,False
01/122093,2,False
14/11976,2,False
12/24840,2,False
12/23211,2,False
24/3483,2,False
02/243897,2,False
22/134988,2,False
012365410,2,False
02/180925,2,False
01/314023,2,False
01/453063,2,False
16/108410,2,False
01/432676,2,False
01/85080,2,False
01313468,2,False
2460234,2,False
17/42589,2,False
01/550041,2,False
10/66406,2,False
03/159589,2,False
01/303739,2,False
15/124988,2,False
03/25048,2,False
02/243678,2,False
03/144935,2,False
01/425989,2,False
24/39136,2,False
01/533528,2,False
14/9418,2,False
23/16492,2,False
16/70382,2,False
23204887,2,False
22/11714,2,False
01/10000,2,False
01/363376,2,False
01/280192,2,False
00/235111,2,False
00/01111,2,False
03/132756,2,False
01/125469,2,False
04/67460,2,False
01/30852,2,False
01/308852,2,False
02/293212,2,False
16/88623,2,False
01/441684,2,False
03/22222,2,False
01/463248,2,False
24/128338,2,False
01/484459,2,False
05/48666,2,False
01/534945,2,False
23/101696,2,False
23/1011696,2,False
14/84147,2,False
12/34177,2,False
04/82128,2,False
02/244939,2,False
24/138877,2,False
01/384740,2,False
04/103275,2,False
15/90346,2,False
01/501975,2,False
24/99901,2,False
17/56771,2,False
24/38831,2,False
95/6049164,2,False
02/228395,2,False
01/11038,2,False
01/149918,2,False
01/330427,2,False
22/131815,2,False
23/117582,2,False
01/535376,2,False
2386535,2,False
10/21814,2,False
01/439427,2,False
23/113973,2,False
03042018,2,False
23/102646,2,False
23/159512,2,False
24/02146,2,False
00/317042,2,False
03/66423,2,False
01/200373,2,False
01/365688,2,False
23/11111,2,False
01/230073,2,False
03/167851,2,False
23/16881,2,False
23/17603,2,False
23177678,2,False
01/273757,2,False
24061992,2,False
04/20390,2,False
23/225817,2,False
14/018305,2,False
14/895487,2,False
16/91835,2,False
02/222335,2,False
02/024517,2,False
23/134884,2,False
24/107153,2,False
03/135918,2,False
00247276,2,False
22/36509,2,False
264066/8,2,False
15/15623,2,False
03/197237,2,False
09/88747,2,False
23/179810,2,False
23/189810,2,False
0132154,2,False
23/123459,2,False
22AH88903,2,False
23/31586,2,False
14/84230,2,False
22/122038,2,False
01/382431,2,False
15/054251,2,False
12/25017,2,False
24/30418,2,False
00/231392,2,False
14/1112,2,False
23/90264,2,False
2365456,2,False
01/433892,2,False
13/10454,2,False
02/163033,2,False
01/87541,2,False
24/70123,2,False
23/218327,2,False
02/253090,2,False
23/183166,2,False
02/263021,2,False
01/560960,2,False
23/48666,2,False
08/65879,2,False
14/98618,2,False
23/35501,2,False
03/186241,2,False
01/504643,2,False
23/204512,2,False
02/5689,2,False
01/519057,2,False
01216854,2,False
24/46979,2,False
03/154055,2,False
02/277056,2,False
15/57331,2,False
02/218870,2,False
15/49628,2,False
01/484536,2,False
24/69210,2,False
15/8343,2,False
16/34669,2,False
01/351860,2,False
00/425587,2,False
08/222208,2,False
09/138339,2,False
02/188723,2,False
23/209312,2,False
22/155710,2,False
23/223412,2,False
09/161675,2,False
17/38319,2,False
22/157893,2,False
01/218937,2,False
01/320475,2,False
01/965210,2,False
21/12970,2,False
03/2225,2,False
23/218917,2,False
19/20061,2,False
01/303060,2,False
30081994,2,False
01/521220,2,False
04/173442,2,False
08/26794,2,False
22/94877,2,False
15/91042,2,False
23/162380,2,False
02/326419,2,False
23/30651,2,False
15/135308,2,False
23/96058,2,False
23/80496,2,False
24/137448,2,False
21/29071,2,False
24/4943,2,False
01/1200,2,False
17/3103,2,False
03/70158,2,False
03/2255,2,False
04/155247,2,False
23/230792,2,False
10/070053,2,False
24/76803,2,False
01/2365411,2,False
01/384490,2,False
23/60601,2,False
03/123917,2,False
01/526244,2,False
17/38078,2,False
02/1000,2,False
09135886,2,False
22/13790,2,False
04/91351,2,False
15/82082,2,False
23/180720,2,False
14/20628,2,False
03/8888888,2,False
04/189833,2,False
01/434768,2,False
2877880170,2,False
14/66310,2,False
24/1039,2,False
24/110581,2,False
24/233532,2,False
01/233532,2,False
15/75216,2,False
01/196842,2,False
01/456191,2,False
23/228420,2,False
23/10721,2,False
09/197060,2,False
21/231681,2,False
23/24373,2,False
21/38951,2,False
25092022,2,False
15/7489,2,False
17/1905,2,False
14/98473,2,False
0101111,2,False
01/425327,2,False
01/304380,2,False
15/7842,2,False
01/125409,2,False
24/9989,2,False
01/276324,2,False
01/249488,2,False
01/479864,2,False
23/225536,2,False
04/40929,2,False
15/84820,2,False
09/175726,2,False
23/173244,2,False
04/103276,2,False
01/85920,2,False
02/331225,2,False
04/40876,2,False
14/160829,2,False
22/172095,2,False
22/37763,2,False
24/61742,2,False
24/147843,2,False
02/31178,2,False
00/9310657,2,False
23/235366,2,False
01/335445,2,False
11/445115,2,False
23/58310,2,False
01/557940,2,False
01/450126,2,False
24/42663,2,False
01/155565,2,False
9107181003,2,False
09/425438,2,False
01/265365,2,False
00/45784,2,False
01/129692,2,False
01/383364,2,False
08/7521,2,False
02/31456,2,False
19/23974,2,False
04/145548,2,False
01/428907,2,False
14/89307,2,False
17/51544,2,False
14/114225,2,False
23/214041,2,False
16/9065,2,False
18/22059,2,False
14/15501,2,False
14/155101,2,False
15/1254,2,False
24/143638,2,False
23/32474,2,False
07/181543,2,False
24/93651,2,False
02/331843,2,False
17/38282,2,False
23/136952,2,False
01/036885,2,False
09/140185,2,False
01301827,2,False
24/63270,2,False
01/181529,2,False
22/107687,2,False
02/250311,2,False
01/81699,2,False
03/212999,2,False
23/147638,2,False
07/29005,2,False
16/75710,2,False
01/366022,2,False
19/31569,2,False
22/138571,2,False
14/002586,2,False
02/250966,2,False
01/23960,2,False
23/45392,2,False
01/051996,2,False
01/385230,2,False
24/5445447,2,False
23/70655,2,False
01/114781,2,False
14/19263,2,False
24/87242,2,False
23/46449,2,False
01/110181,2,False
01/559095,2,False
17/3669,2,False
01/119899,2,False
2218121225,2,False
02317191,2,False
23/7400,2,False
09/38582,2,False
24/105707,2,False
14/64707,2,False
01/511696,2,False
02/285143,2,False
03/157474,2,False
12/75135,2,False
24/6327,2,False
23/145834,2,False
01/36508,2,False
01/409901,2,False
20AT76454,2,False
23/8370,2,False
15/107907,2,False
24/2415525,2,False
22/28889,2,False
01/0210,2,False
03/79068,2,False
23/40408,2,False
24/18263,2,False
02/116105,2,False
3692472,2,False
14/151710,2,False
23/44257,2,False
02/225963,2,False
14/118839,2,False
23/60198,2,False
01/58404,2,False
02/000889,2,False
07/41661,2,False
15/37737,2,False
2333221,2,False
01/133191,2,False
2488732,2,False
15/445577,2,False
15/45265,2,False
24/54666,2,False
09/171355,2,False
09/151018,2,False
01/223684,2,False
06/31851,2,False
24/152667,2,False
01/507947,2,False
13/46576,2,False
01/32569,2,False
00/1443557,2,False
02/201017,2,False
15/05482,2,False
14/10815,2,False
1/88952,2,False
0716593,2,False
01/500318,2,False
01/100838,2,False
02/192009,2,False
02/302451,2,False
23/175188,2,False
22/142324,2,False
15/12779,2,False
02/187309,2,False
01/327796,2,False
01/409165,2,False
24/165306,2,False
24/71977,2,False
17/3256,2,False
17/38301,2,False
08/7451,2,False
24/156871,2,False
03/213908,2,False
12/1256666,2,False
19/7712,2,False
24/153167,2,False
24/37030,2,False
02/337079,2,False
24/69655,2,False
03/83699,2,False
01/592977,2,False
24/155328,2,False
09196245,2,False
12/56240,2,False
01/369174,2,False
01/253654,2,False
02/187987,2,False
24/106309,2,False
09/173518,2,False
04/59447,2,False
U1R547077P,2,False
03/9829,2,False
08/75143,2,False
06/54866,2,False
23/62502,2,False
03/96281,2,False
22/148801,2,False
08/15829,2,False
01/338656,2,False
23/221010,2,False
02/44507,2,False
24/111756,2,False
03/227110,2,False
05/35902,2,False
01/543146,2,False
10/50678,2,False
09/105937,2,False
14/72297,2,False
22/166678,2,False
03/5458514,2,False
02/57484,2,False
0190003,2,False
14AA44357,2,False
24112618,2,False
01/94491,2,False
09/9671,2,False
03/140720,2,False
02/155044,2,False
02/172858,2,False
01/228019,2,False
01/375223,2,False
01/502619,2,False
21AW54028,2,False
18/40324,2,False
24/3111,2,False
14/136270,2,False
14/110090,2,False
01/443544,2,False
01/0031518,2,False
24/145711,2,False
12/25418,2,False
00/300472,2,False
27/7788004,2,False
05/91415,2,False
03/11205,2,False
02/284812,2,False
23106558,2,False
22/10802,2,False
24/133212,2,False
01/415211,2,False
23/231265,2,False
24/124010,2,False
24/9547,2,False
01/367763,2,False
12/70953,2,False
01/95975,2,False
01/357897,2,False
01/287885,2,False
01/449722,2,False
24/95793,2,False
01/285312,2,False
01/257341,2,False
04/140380,2,False
15/111484,2,False
02/232539,2,False
23/168220,2,False
14/46321,2,False
21/42780,2,False
04/41920,2,False
03/185565,2,False
23/51837,2,False
07/226998,2,False
15/12959,2,False
02/196324,2,False
22/5420,2,False
24/88050,2,False
05/22090,2,False
01/235987,2,False
15/11475,2,False
01/266029,2,False
08/24171,2,False
14/61271,2,False
01/238924,2,False
05/32141,2,False
22/30115,2,False
22/2372,2,False
23/61484,2,False
03/208531,2,False
17/49218,2,False
15/223369,2,False
22/109966,2,False
02/224579,2,False
05/46055,2,False
19/16126,2,False
23/29954,2,False
19AW12249,2,False
24/62259,2,False
00/310204,2,False
08/21520,2,False
00/6119644,2,False
22/154813,2,False
17/45307,2,False
12/43123,2,False
01198399,2,False
24/90892,2,False
03/76203,2,False
00/1457858,2,False
02/218439,2,False
17/8712,2,False
03/84298,2,False
02/106996,2,False
24/91278,2,False
15/98400,2,False
22/102145,2,False
15/011726,2,False
01/384964,2,False
01/332118,2,False
23/201815,2,False
23/233916,2,False
01/433394,2,False
07/14061,2,False
00/0200000,2,False
01233666,2,False
09/44933,2,False
01/420921,2,False
22/85442,2,False
23/162319,2,False
24/70844,2,False
01731851,2,False
22/4270,2,False
10/20212,2,False
01/74999,2,False
15/29812,2,False
03/67074,2,False
01/419392,2,False
03/209836,2,False
02/334480,2,False
15/63680,2,False
03/12461,2,False
14/8916,2,False
22/92718,2,False
00/310597,2,False
01/509738,2,False
01/492722,2,False
01/07562,2,False
01/32568,2,False
01549206,2,False
03019410,2,False
2208420057,2,False
22/163083,2,False
01/258787,2,False
02/219022,2,False
16/97504,2,False
03/110954,2,False
01/348248,2,False
01/425260,2,False
15/60387,2,False
16/90460,2,False
01/357570,2,False
23/4587,2,False
17/62392,2,False
01/161062,2,False
22/157318,2,False
22/51564,2,False
23/208849,2,False
00/256564,2,False
02/79461,2,False
24/86420,2,False
01/442617,2,False
03/89843,2,False
10/27475,2,False
03/218781,2,False
01/465262,2,False
03/97952,2,False
17/117780,2,False
23/112257,2,False
02/3625,2,False
24/136380,2,False
14/103622,2,False
14/91100,2,False
14/183466,2,False
24AC06800,2,False
01/5393932,2,False
22/7183,2,False
17/44637,2,False
23/118885,2,False
75/2006981,2,False
24/106464,2,False
01/69262,2,False
01/245589,2,False
15/140648,2,False
01/148984,2,False
24/092555,2,False
00/399063,2,False
21/23740,2,False
23/107677,2,False
00/471163,2,False
00/281080,2,False
01/429460,2,False
03/881141,2,False
03/146256,2,False
03/189674,2,False
01/78771,2,False
24/25722,2,False
00/362870,2,False
01/515214,2,False
04/87610,2,False
01/00215,2,False
23/83166,2,False
18/46509,2,False
14/12515,2,False
11/64559,2,False
12/012545,2,False
12/54881,2,False
23/73979,2,False
01/236568,2,False
23/240055,2,False
24/56692,2,False
010/11000,2,False
01/124512,2,False
01/294146,2,False
22/20475,2,False
16/24908,2,False
22/38284,2,False
24/33876,2,False
02/274650,2,False
02/206909,2,False
10/36216,2,False
24/32185,2,False
01/32415,2,False
01475576,2,False
16/68060,2,False
23/199441,2,False
22/164975,2,False
03/133460,2,False
01/278183,2,False
22/130977,2,False
24/96479,2,False
22/134114,2,False
01/1223,2,False
24/29312,2,False
17/21720,2,False
04/101974,2,False
01/419370,2,False
22/80902,2,False
11/67434,2,False
03/252916,2,False
01/365290,2,False
23/243554,2,False
01/402137,2,False
02/182818,2,False
22/17386,2,False
23/85010,2,False
23/194904,2,False
03/206722,2,False
10/2365210,2,False
22/167801,2,False
24/1939,2,False
21/2740,2,False
23/156319,2,False
22/19159,2,False
03/117069,2,False
01/239396,2,False
03/24565,2,False
23/180144,2,False
01/223700,2,False
24/24898,2,False
24/146312,2,False
24/132554,2,False
09/158688,2,False
23/111741,2,False
24/56853,2,False
02/25564,2,False
24/142867,2,False
15/043813,2,False
02/135625,2,False
24/102973,2,False
09/220131,2,False
02/86813,2,False
04/76035,2,False
01417406,2,False
01/517690,2,False
23/234575,2,False
927458186,2,False
23/239002,2,False
23/41458,2,False
01/521980,2,False
01/278131,2,False
02/65534,2,False
08/99107,2,False
02/255770,2,False
01/161631,2,False
23/213406,2,False
08/81798,2,False
24/35922,2,False
02/302050,2,False
24/54299,2,False
08/24346,2,False
2887880009,2,False
01/549977,2,False
01/2536987,2,False
15/63423,2,False
01/467033,2,False
01/1478533,2,False
01/123236,2,False
08/21401,2,False
24/105838,2,False
23/147328,2,False
21/30717,2,False
24/7200,2,False
17/47694,2,False
02/293394,2,False
01/125879,2,False
23210430,2,False
04/42254,2,False
13/026446,2,False
01/554591,2,False
02/285301,2,False
01/439017,2,False
24/68064,2,False
01/404718,2,False
01/594182,2,False
16/001542,2,False
01/438738,2,False
0126221,2,False
02/52062,2,False
01/0654133,2,False
24/106907,2,False
24106907,2,False
11/52525,2,False
12/1221,2,False
02/264761,2,False
24/96829,2,False
16/16200,2,False
10/72866,2,False
22/74082,2,False
01/69448,2,False
01/437509,2,False
01/224436,2,False
00/330115,2,False
02/119612,2,False
01/331596,2,False
23/181774,2,False
02/147992,2,False
01/70011,2,False
02/0256354,2,False
21/42897,2,False
23/18663,2,False
02/290994,2,False
01/461249,2,False
2388702,2,False
23123354,2,False
01/664980,2,False
02/242916,2,False
10/28146,2,False
01/202009,2,False
22/2299,2,False
03/36460,2,False
19/26933,2,False
01/233631,2,False
12/8936,2,False
23/166493,2,False
01/452365,2,False
15/77563,2,False
13/33922,2,False
18/26704,2,False
23/186091,2,False
22/11770,2,False
24/51033,2,False
02/261981,2,False
03/0415554,2,False
07/117973,2,False
03/41460,2,False
23/165216,2,False
02/82514,2,False
02/5989,2,False
02/280515,2,False
U111Y6504B,2,False
22/55730,2,False
23/43986,2,False
21/45027,2,False
24/49138,2,False
14/144055,2,False
22/169813,2,False
01/342680,2,False
21/50027,2,False
23/134551,2,False
03/12316,2,False
24/127866,2,False
01/144801,2,False
01/520379,2,False
24/ 95835,2,False
24/19763,2,False
15/47101,2,False
01/23568,2,False
01/3659823,2,False
14/38724,2,False
02/138869,2,False
00/467470,2,False
21/20606,2,False
00/0442342,2,False
01/736285,2,False
09/103369,2,False
04 48666,2,False
00/472149,2,False
23/17512,2,False
07/156804,2,False
05/122932,2,False
00/453575,2,False
09/160332,2,False
05/105145,2,False
14/95849,2,False
06/24360,2,False
01/277923,2,False
00/359607,2,False
01/516378,2,False
02/282194,2,False
01/517896,2,False
08/50495,2,False
03/55444,2,False
01/536549,2,False
0963357,2,False
12/64969,2,False
13/001068,2,False
01/332768,2,False
24/53630,2,False
23/184226,2,False
01/277829,2,False
01/3656956,2,False
0 00000000,2,False
01/113112,2,False
03/245567,2,False
15/254624,2,False
01/320840,2,False
24/101627,2,False
02/128862,2,False
01/214500,2,False
27/1011986,2,False
03/12745,2,False
01/430101,2,False
01/84408,2,False
03/233220,2,False
24/153882,2,False
22/003219,2,False
01/14788,2,False
01/303172,2,False
01/442537,2,False
24/24610,2,False
15AE51697,2,False
24/153270,2,False
24/51627,2,False
16/295161,2,False
02/189091,2,False
11/071499,2,False
13/66206,2,False
0158425,2,False
02/78087,2,False
03/199616,2,False
24/1121888,2,False
03/096036,2,False
20/36427,2,False
01/387638,2,False
24/160751,2,False
03214331,2,False
01/215739,2,False
10/47892,2,False
14/14107,2,False
09/232959,2,False
09/57647,2,False
24/53844,2,False
23/105163,2,False
23/88510,2,False
23/112121,2,False
23/62898,2,False
01/637842,2,False
08/27475,2,False
07/184519,2,False
01/63997,2,False
03/07573,2,False
22/136146,2,False
03/243503,2,False
09/63192,2,False
23/147483,2,False
03/259739,2,False
00/424219,2,False
22/072795,2,False
14/25695,2,False
09/161873,2,False
15/121168,2,False
02/282532,2,False
01/73788,2,False
01/732335,2,False
01/460236,2,False
01/233275,2,False
01/270149,2,False
01/514122,2,False
01/486813,2,False
14/51525,2,False
01/473479,2,False
23/017230,2,False
17/13860,2,False
01/318706,2,False
03/213585,2,False
08/96308,2,False
00/258654,2,False
01/51907,2,False
04/172315,2,False
15/76018,2,False
01/477256,2,False
01/477266,2,False
01/494147,2,False
01/425867,2,False
23/149106,2,False
12/ 21121,2,False
23/213131,2,False
03/46170,2,False
01/335498,2,False
23/234559,2,False
14/141387,2,False
02/332191,2,False
00/784595,2,False
01/4154475,2,False
14/2358,2,False
22/157936,2,False
03/0245544,2,False
02/187559,2,False
24/125759,2,False
01/397936,2,False
12/103811,2,False
22/18846,2,False
03/232097,2,False
23/705186,2,False
01/326091,2,False
2977880011,2,False
00/337309,2,False
14/36558,2,False
23/222360,2,False
08/55133,2,False
12/74575,2,False
25/1254963,2,False
01/118843,2,False
15/11474,2,False
08/52186,2,False
00/106140,2,False
03/028586,2,False
02/303601,2,False
21/21643,2,False
24/33650,2,False
02/341539,2,False
00/442131,2,False
09/8907,2,False
16/8365,2,False
17/3236,2,False
02/154223,2,False
05/21211,2,False
01/125800,2,False
17/57931,2,False
01/464045,2,False
03/250723,2,False
14/4704,2,False
15/81327,2,False
02/220065,2,False
01282585,2,False
01/235413,2,False
21/6090,2,False
09/1530,2,False
03/175803,2,False
22/104744,2,False
01/235967,2,False
16AA88168,2,False
00/342563,2,False
03/182309,2,False
15/121240,2,False
T100925017,2,False
14/67591,2,False
13/264680,2,False
03/231192,2,False
22/173445,2,False
03/40686,2,False
03/191518,2,False
03190937,2,False
03/190937,2,False
15/49026,2,False
01/525174,2,False
16/46828,2,False
15/66149,2,False
01/257641,2,False
02/257013,2,False
02/287789,2,False
22/110307,2,False
21/5673,2,False
01/736970,2,False
01/1242547,2,False
01/312204,2,False
15/030312,2,False
09/239856,2,False
23/109135,2,False
24/67035,2,False
00/377051,2,False
24/153042,2,False
01/291521,2,False
15/77747,2,False
01/32654,2,False
15/61533,2,False
02/112678,2,False
01/223877,2,False
00/392633,2,False
00/748598,2,False
03/260939,2,False
24/109651,2,False
09/222547,2,False
01/1593,2,False
03/194001,2,False
15/14728,2,False
22/10075,2,False
08/541271,2,False
01/340942,2,False
01300045,2,False
2246421,2,False
15/02548,2,False
03/139186,2,False
20/07867,2,False
22/117555,2,False
23239074,2,False
15/023644,2,False
09/152098,2,False
08/81482,2,False
09/107154,2,False
23249930,2,False
01/113609,2,False
04130930,2,False
02/178889,2,False
17/20451,2,False
01/4291932,2,False
04/71328,2,False
02/184992,2,False
01/592020,2,False
23/32908,2,False
02/208613,2,False
02/226705,2,False
02/280825,2,False
12/003698,2,False
01/3611,2,False
01/9856324,2,False
12/77884,2,False
21/49555,2,False
03/16553,2,False
23/238408,2,False
01/54788,2,False
16/74800,2,False
01/328258,2,False
13/000462,2,False
02/167932,2,False
09/1092200,2,False
01/320639,2,False
23/185938,2,False
19/19576,2,False
24/22809,2,False
01/380084,2,False
22/143937,2,False
23/193920,2,False
14/167414,2,False
23/88527,2,False
01/215365,2,False
01/1735539,2,False
04/109343,2,False
02/49103,2,False
23/89248,2,False
01/345769,2,False
01345769,2,False
09/148350,2,False
21/00000,2,False
09/142865,2,False
22/178987,2,False
04/12147,2,False
23/42477,2,False
02/169819,2,False
01/280602,2,False
21/9092,2,False
23/218653,2,False
24/164040,2,False
01/304205,2,False
01/748511,2,False
01/232537,2,False
24/65741,2,False
08/11599,2,False
12/66296,2,False
15/21548,2,False
08/31099,2,False
08/66162,2,False
03/545545,2,False
01/237286,2,False
21/41434,2,False
24/4325,2,False
24/153933,2,False
23/253675,2,False
09/59482,2,False
01/219078,2,False
07/71439,2,False
14/59243,2,False
24/94616,2,False
04/124045,2,False
24/58210,2,False
24/118334,2,False
03/24577,2,False
24/10495,2,False
02/171466,2,False
03/169886,2,False
12/80128,2,False
15/32104,2,False
01/267999,2,False
04/46121,2,False
24/92515,2,False
23/96637,2,False
23/92478,2,False
03/24564,2,False
15/245913,2,False
20/34567,2,False
17/45099,2,False
09/108953,2,False
22/92838,2,False
16/57271,2,False
01/54588,2,False
22/95797,2,False
02/308043,2,False
387974/0,2,False
09/218522,2,False
00/249901,2,False
01/265326,2,False
01/437965,2,False
22/172314,2,False
25580304,2,False
24/167103,2,False
01/124644,2,False
23/133636,2,False
8309832106,2,False
01/363962,2,False
02/304455,2,False
23/163888,2,False
02/00125,2,False
09/182089,2,False
24/32606,2,False
00/368170,2,False
22/254220,2,False
03/124351,2,False
22/107617,2,False
20/101004,2,False
09/142987,2,False
08/15608,2,False
03/145892,2,False
04/190192,2,False
01/366721,2,False
05/14347,2,False
07/59623,2,False
15/44774,2,False
0931674,2,False
23/255976,2,False
11/45042,2,False
14/122258,2,False
21/43654,2,False
24/56798,2,False
00/213253,2,False
24/254786,2,False
21/017336,2,False
01/214544,2,False
01558132,2,False
09/173619,2,False
09/173678,2,False
21/45661,2,False
01/5475223,2,False
09/04805,2,False
01/2365741,2,False
04/101083,2,False
05/93142,2,False
02/0265,2,False
09/211068,2,False
06/21211,2,False
23/141033,2,False
15/02415,2,False
01/346391,2,False
07/200301,2,False
21/58978,2,False
03/238957,2,False
22/92186,2,False
02/123846,2,False
09/150927,2,False
08/77745,2,False
19/29930,2,False
23/49671,2,False
02/145177,2,False
04/40097,2,False
01/415243,2,False
0182369,2,False
01/24455,2,False
03/102523,2,False
03/164540,2,False
409467513,2,False
01/406317,2,False
06/13026,2,False
24/110824,2,False
01/6546552,2,False
15/025145,2,False
22/84780,2,False
15/447788,2,False
09/193657,2,False
03/26515,2,False
13/28104,2,False
15/74582,2,False
08/7281,2,False
01/330398,2,False
18AJ80968,2,False
01/54577,2,False
01 274887,2,False
19/5456887,2,False
02/5245744,2,False
09/225295,2,False
23/85330,2,False
03/137818,2,False
01/519991,2,False
01/390040,2,False
15/154506,2,False
14/62924,2,False
01/568862,2,False
01/2225465,2,False
15/85475,2,False
01/462448,2,False
02/116147,2,False
02/340426,2,False
24/415959,2,False
23/165084,2,False
19AG04931,2,False
14/112508,2,False
21/0058694,2,False
03/58587,2,False
08/12365,2,False
01/2215478,2,False
15/014477,2,False
06/42931,2,False
06/41537,2,False
06/41531,2,False
01/046874,2,False
01/52742,2,False
02/325901,2,False
09/10832,2,False
01/225484,2,False
00/261848,2,False
23/88916,2,False
23/88915,2,False
15/115105,2,False
15/25148,2,False
09/263435,2,False
01/756544,2,False
07/18768,2,False
04/246266,2,False
33/146585,2,False
04/162740,2,False
02/544897,2,False
14/103128,2,False
06/63860,2,False
02/5574788,2,False
02/547485,2,False
03/54754,2,False
02/525454,2,False
02/228144,2,False
24/146530,2,False
02/6548665,2,False
0/52189,2,False
22/77022,2,False
0000000 /,2,False
13/29646,2,False
19/28745,2,False
14/121159,2,False
23/196939,2,False
20A564626,2,False
02/205214,2,False
08/104437,2,False
09/256732,2,False
14/181704,2,False
01/499163,2,False
24/129857,2,False
01/459170,2,False
04/122464,2,False
14/136061,2,False
23/76156,2,False
02/554454,2,False
02/545445,2,False
01/337616,2,False
01/32564,2,False
0122222,2,False
24/057361,2,False
24/134647,2,False
10/2132,2,False
00/374429,2,False
22/57076,2,False
24/28997,2,False
12/003699,2,False
16/21215,2,False
08/98274,2,False
22/98676,1,False
22/48805,1,False
09/018110,1,False
04/125645,1,False
22/71537,1,False
00/453397,1,False
24/41083,1,False
07/42999,1,False
22/72387,1,False
01/347918,1,False
01/44424,1,False
24/010830,1,False
14/105474,1,False
14/56524,1,False
07/67691,1,False
07/69411,1,False
19/7628,1,False
15/192075,1,False
04/61598,1,False
15/73832,1,False
02/134359,1,False
02/226995,1,False
14/141041,1,False
24/50621,1,False
02/200386,1,False
02/268817,1,False
23/198532,1,False
14/41642,1,False
01/316367,1,False
09/89134,1,False
09/83134,1,False
00/321628,1,False
09/495461,1,False
04/20410,1,False
02/169246,1,False
00/4977,1,False
02/160543,1,False
82/1193220,1,False
09/178345,1,False
02/69009,1,False
01/87710,1,False
01/302149,1,False
10/70042,1,False
07/69963,1,False
12/27795,1,False
09/126641,1,False
04/308130,1,False
09/179233,1,False
14/39725,1,False
01/320872,1,False
23/23776,1,False
09/5000,1,False
01/47331,1,False
17/9210,1,False
14/148805,1,False
16/25713,1,False
08/24383,1,False
01/391851,1,False
01/423254,1,False
03/17577,1,False
09/182934,1,False
01/314124,1,False
02/092832,1,False
16/54556,1,False
03/181042,1,False
01/298893,1,False
02/259245,1,False
08/83268,1,False
00/350415,1,False
01/268502,1,False
07/40102,1,False
00/239245,1,False
02/115587,1,False
01/383333,1,False
22/2229970,1,False
03/243755,1,False
21/004430,1,False
10/55409,1,False
23/215867,1,False
02/67385,1,False
09/47450,1,False
05/50509,1,False
14/92811,1,False
09/110968,1,False
01/462002,1,False
01/288641,1,False
03/74364,1,False
00/297693,1,False
13/33331,1,False
01/5564,1,False
00/417982,1,False
02/292036,1,False
01/292921,1,False
03/70475,1,False
24/2065,1,False
03/27210,1,False
14/1798,1,False
14/14365,1,False
23/82195,1,False
24/23535,1,False
04/4264,1,False
24/35944,1,False
11/5571,1,False
01/291081,1,False
03/85529,1,False
01/066254,1,False
02/106473,1,False
01/162024,1,False
23/112091,1,False
01/122338,1,False
17/14168,1,False
00/231662,1,False
23/56529,1,False
08/28623,1,False
01/354397,1,False
02/88248,1,False
07/57089,1,False
04/23800,1,False
21/47936,1,False
14/ 75739,1,False
15/44684,1,False
23/6204,1,False
01/212321,1,False
04/22752,1,False
01/37632,1,False
23/108203,1,False
01/411233,1,False
01/23647,1,False
23/1236,1,False
13/631034,1,False
22/109259,1,False
01/61016,1,False
08/1630,1,False
14/131550,1,False
15/35636,1,False
02/21541,1,False
01/245278,1,False
14/71108,1,False
01415520,1,False
02/108478,1,False
09/70977,1,False
23/95932,1,False
18/4581,1,False
01/183234,1,False
03/10192,1,False
09/1404,1,False
22/76393,1,False
00/9883641,1,False
03/83927,1,False
08/88435,1,False
24/123357,1,False
00231065,1,False
04/134731,1,False
09/138504,1,False
04/17975,1,False
04/55784,1,False
14/15088,1,False
22/16393,1,False
0496189,1,False
19/6895,1,False
00/219114,1,False
08/35753,1,False
05/21632,1,False
04/31054,1,False
02/191917,1,False
01/441371,1,False
01/89860,1,False
15/28609,1,False
14/133602,1,False
23/135560,1,False
24/41086,1,False
20/42419,1,False
23/216339,1,False
22/21306,1,False
17/46652,1,False
1730504,1,False
22/54985,1,False
01/448419,1,False
04/61806,1,False
22/32082,1,False
04/894762,1,False
01/247908,1,False
22/63539,1,False
01/161950,1,False
00/14154,1,False
00/392720,1,False
00/25451,1,False
01/307399,1,False
24/4881,1,False
02/77071,1,False
23/5263,1,False
00/317799,1,False
04/12560,1,False
09/926451,1,False
09/111784,1,False
23/42048,1,False
07150273,1,False
02/205832,1,False
24/108304,1,False
01/394976,1,False
04/60890,1,False
18/38188,1,False
04/56065,1,False
09/118330,1,False
17/39943,1,False
00/220113,1,False
03/147210,1,False
24/47187,1,False
22/32298,1,False
04/48436,1,False
01/2314568,1,False
23/162282,1,False
03/167318,1,False
02/14726,1,False
2348523,1,False
21/4748,1,False
12/2001,1,False
00/12145,1,False
00/355841,1,False
13/29851,1,False
01/500436,1,False
24/23188,1,False
00/385997,1,False
01/424183,1,False
03/13465,1,False
00/462042,1,False
02/91236,1,False
00/45147,1,False
21/4437,1,False
00/186986,1,False
18/24698,1,False
10/37388,1,False
08/1988,1,False
02/146071,1,False
04/54843,1,False
12/68157,1,False
15/9533,1,False
23/113750,1,False
02/121502,1,False
22/43651,1,False
02/151688,1,False
24/72483,1,False
23/87031,1,False
12/42634,1,False
09/166585,1,False
02/185502,1,False
02/71385,1,False
2349633,1,False
01/352566,1,False
22/22123,1,False
24/98295,1,False
01/270121,1,False
22/117941,1,False
02/46659,1,False
10/31039,1,False
01/174858,1,False
23/54269,1,False
07/115469,1,False
01/258664,1,False
02/44879,1,False
23/216681,1,False
03/109456,1,False
18/14358,1,False
02/145890,1,False
02/26595,1,False
06/63380,1,False
24/37877,1,False
23/39313,1,False
09/136283,1,False
A190418022,1,False
01/283778,1,False
15/14556,1,False
00/1033055,1,False
01/499774,1,False
07/73841,1,False
00/277226,1,False
05/48278,1,False
04/97032,1,False
14/34162,1,False
00/421927,1,False
00/421921,1,False
12/22121,1,False
03/159949,1,False
09/23746,1,False
01/346462,1,False
03/141451,1,False
01/253858,1,False
17/47842,1,False
24/11725,1,False
03/120958,1,False
01/129057,1,False
04/126951,1,False
09/109065,1,False
01/448180,1,False
01/379683,1,False
1/273757,1,False
23/34953,1,False
01/420029,1,False
14/138137,1,False
16/85780,1,False
01/105067,1,False
10/37266,1,False
24/50630,1,False
23/38449,1,False
08/87859,1,False
07/74379,1,False
14/66407,1,False
01/448687,1,False
14/159301,1,False
17/33772,1,False
18/18973,1,False
04/69960,1,False
0912333,1,False
04/109910,1,False
24/42717,1,False
01/313196,1,False
04/55852,1,False
04/089154,1,False
00/347480,1,False
07/34690,1,False
03/57703,1,False
09/192588,1,False
01/187265,1,False
03/100181,1,False
24/22604,1,False
08/37654,1,False
02/143614,1,False
01/198666,1,False
00/414152,1,False
24/38785,1,False
04/58856,1,False
22/25791,1,False
01/35002,1,False
02/107784,1,False
02/332918,1,False
02/13449,1,False
24/71818,1,False
00/27980,1,False
02/248471,1,False
04/115549,1,False
24/53271,1,False
14/149542,1,False
16/28093,1,False
14/24752,1,False
05/16349,1,False
15/40517,1,False
01/385734,1,False
22/89205,1,False
01/366278,1,False
05/33840,1,False
22/37214,1,False
01/107124,1,False
00/465995,1,False
24/20296,1,False
14/123109,1,False
01/14563,1,False
00/363615,1,False
03/122294,1,False
02/157756,1,False
14/135855,1,False
12/2026,1,False
15/13408,1,False
09/35333,1,False
22/4958,1,False
02/76654,1,False
09/202838,1,False
08/12168,1,False
07/71478,1,False
00/320598,1,False
09/143208,1,False
14/68864,1,False
22/31215,1,False
14/75985,1,False
23/121394,1,False
22/88578,1,False
16/89333,1,False
07/98354,1,False
14/174671,1,False
14/45921,1,False
23/40902,1,False
15/22302,1,False
055/25929,1,False
01/20401,1,False
22/117980,1,False
01/504468,1,False
01/396458,1,False
15/37330,1,False
22/6886,1,False
23/023334,1,False
22/109044,1,False
05/28812,1,False
01/102668,1,False
01/493022,1,False
09/114383,1,False
05/30269,1,False
24/85562,1,False
01/290899,1,False
09/58589,1,False
24/121324,1,False
01/174819,1,False
11/227024,1,False
23/162467,1,False
11/121996,1,False
02/125468,1,False
23/83824,1,False
7602263100,1,False
15/172937,1,False
23/100504,1,False
01/14520,1,False
11/24493,1,False
04/125194,1,False
10/6910060,1,False
01/118362,1,False
04/42368,1,False
10/11892,1,False
01/305777,1,False
24AB02693,1,False
04/192284,1,False
24/78185,1,False
23/122222,1,False
23/103532,1,False
10/49417,1,False
24/88774,1,False
15/21677,1,False
09/40141,1,False
01/264066,1,False
09/144566,1,False
03/134269,1,False
01/370934,1,False
17/25763,1,False
01/58220,1,False
14/42230,1,False
02/238925,1,False
32/188534,1,False
02/00370,1,False
07/101624,1,False
01/187661,1,False
24/17149,1,False
03/235334,1,False
02/220747,1,False
03/21587,1,False
24/36385,1,False
13/60112,1,False
02/147637,1,False
09/121170,1,False
22/53650,1,False
09/144718,1,False
10/71045,1,False
04/88268,1,False
03/26949,1,False
15/46622,1,False
04/37425,1,False
23/62886,1,False
06/37001,1,False
03/187386,1,False
23/12999,1,False
09/212584,1,False
01/152610,1,False
01/537611,1,False
24/155565,1,False
04/89982,1,False
00/326707,1,False
01/238686,1,False
17/26012,1,False
04/201476,1,False
04/97279,1,False
03/426305,1,False
02/234660,1,False
09/9266,1,False
751910273,1,False
16/72300,1,False
05/34794,1,False
01/263203,1,False
09/71946,1,False
23/8098,1,False
01/406197,1,False
02/208759,1,False
02/332325,1,False
09/140556,1,False
09/103695,1,False
15/68950,1,False
01/453270,1,False
01/639113,1,False
01/510056,1,False
24/57498,1,False
00/268308,1,False
02/3212,1,False
00/128286,1,False
24/53545,1,False
10/55528,1,False
03/55316,1,False
03/185034,1,False
09/112406,1,False
24/58978,1,False
01/5897,1,False
22/102864,1,False
17/30416,1,False
01/251288,1,False
01/262588,1,False
06/566958,1,False
01/551718,1,False
01/3265427,1,False
01/44840,1,False
01372048,1,False
03/137389,1,False
07/226156,1,False
17/026775,1,False
18/10818,1,False
01/64968,1,False
17/12390,1,False
24/9095,1,False
15/030731,1,False
02/148540,1,False
15/101940,1,False
01346707,1,False
15/021557,1,False
10/75855,1,False
01/166313,1,False
09/83831,1,False
04/20124,1,False
24/60537,1,False
01/127442,1,False
24/139940,1,False
08/8527,1,False
15/112553,1,False
09/167018,1,False
18/14901,1,False
02/107443,1,False
14/130798,1,False
17/28342,1,False
01/110894,1,False
03/174278,1,False
01/143424,1,False
24/6463,1,False
02/236344,1,False
04/91819,1,False
2389054,1,False
04/20254,1,False
01/477182,1,False
14/96001,1,False
08/53541,1,False
02/180133,1,False
03/43514,1,False
00/242602,1,False
05/26865,1,False
24/112647,1,False
04/94848,1,False
17/21057,1,False
08/47536,1,False
22/54966,1,False
01/325456,1,False
23/15327,1,False
01/98681,1,False
24/85689,1,False
01/222494,1,False
01/218573,1,False
17/7684,1,False
24/110536,1,False
00/224366,1,False
09/143097,1,False
17/49859,1,False
03/37676,1,False
16/14726,1,False
01/2132,1,False
23/35822,1,False
02/167240,1,False
04/92469,1,False
04/87500,1,False
11/27002,1,False
14/43961,1,False
09/61721,1,False
01509003,1,False
17/12147,1,False
07/57899,1,False
00/177327,1,False
14/14862,1,False
01/225364,1,False
14/128242,1,False
01/554311,1,False
24/63743,1,False
03/101030,1,False
01/132952,1,False
23/178218,1,False
09/112471,1,False
16/85716,1,False
04/71882,1,False
03/192986,1,False
00/382716,1,False
16/54746,1,False
01/59949,1,False
24/20891,1,False
01/412951,1,False
03/69319,1,False
10/58395,1,False
13/5960,1,False
23/153905,1,False
06/34025,1,False
00/331110,1,False
04/50433,1,False
24/114161,1,False
09/132005,1,False
02/1985,1,False
08/40351,1,False
18/24075,1,False
03/1786,1,False
09/167075,1,False
23/180005,1,False
01/244583,1,False
01/30623,1,False
04/139767,1,False
15/41113,1,False
24/64373,1,False
16/109995,1,False
10/24729,1,False
23/79930,1,False
01/370281,1,False
02/114971,1,False
05/44077,1,False
01/734594,1,False
07/3375,1,False
24/99886,1,False
21/25593,1,False
02/74363,1,False
01/81303,1,False
02/240675,1,False
01/379508,1,False
01/284898,1,False
24/102021,1,False
15/57259,1,False
09/197451,1,False
09/196728,1,False
03/13632,1,False
07/54478,1,False
01/259656,1,False
23/77185,1,False
01/71459,1,False
05/111981,1,False
22/19123,1,False
01/130794,1,False
01/428309,1,False
07/106251,1,False
01/50845,1,False
01/164665,1,False
24/7173,1,False
01/80020,1,False
23/227335,1,False
21/14247,1,False
07/57249,1,False
09/217340,1,False
14/89738,1,False
10/1132,1,False
09/1845,1,False
01/316449,1,False
06/30946,1,False
04/88675,1,False
22/106722,1,False
07/199700,1,False
01/302646,1,False
09/196404,1,False
130004258,1,False
09/759949,1,False
02/12544,1,False
09/2355332,1,False
24/10223,1,False
22/72735,1,False
10/50568,1,False
01/277533,1,False
07/24845,1,False
06/24572,1,False
03/153728,1,False
01/393256,1,False
50/47625,1,False
09/180592,1,False
21/18805,1,False
13/19740,1,False
01/28252,1,False
01/345819,1,False
23/107309,1,False
02/188760,1,False
01/75813,1,False
01/258710,1,False
12/14675,1,False
07/12140,1,False
08/84303,1,False
01/284468,1,False
01/510816,1,False
00/299544,1,False
24/150685,1,False
01/269701,1,False
02/114455,1,False
01/67429,1,False
07/96778,1,False
06/21606,1,False
01/216447,1,False
16/86479,1,False
14/150786,1,False
14/41267,1,False
21/2428,1,False
07/177185,1,False
01/174964,1,False
04/72264,1,False
01/36540,1,False
23/3949,1,False
16/37013,1,False
01/271408,1,False
03/121517,1,False
01/358641,1,False
07/26061,1,False
07/1254,1,False
01/303407,1,False
14/8510,1,False
15104644,1,False
01/507049,1,False
01/50047,1,False
09/133537,1,False
01/30924,1,False
/7192,1,False
03/8581,1,False
21/19987,1,False
16/74567,1,False
14/65887,1,False
00/305403,1,False
09/85382,1,False
01/89596,1,False
01/474711,1,False
13/448427,1,False
23/149762,1,False
19/45413,1,False
04/60723,1,False
03/51569,1,False
09/2192,1,False
04/91213,1,False
24/53452,1,False
01/188270,1,False
09/113044,1,False
02/10332,1,False
23/85592,1,False
23/168496,1,False
01/478850,1,False
02/96674,1,False
14/119236,1,False
15/040630,1,False
23/182680,1,False
04/103837,1,False
01/348035,1,False
01/42196,1,False
01/180466,1,False
09/201172,1,False
09/71343,1,False
23/86900,1,False
01385147,1,False
01/591951,1,False
01/238369,1,False
04/733306,1,False
24/119027,1,False
00/365277,1,False
14/107831,1,False
13/32544,1,False
09/147260,1,False
23/113713,1,False
14/81857,1,False
22/144088,1,False
07/114967,1,False
01/50163,1,False
07/155498,1,False
01/271843,1,False
10/068308,1,False
21/12652,1,False
22/130939,1,False
16/86638,1,False
25021995,1,False
01/354849,1,False
24/82611,1,False
04/22498,1,False
08/37099,1,False
09/171375,1,False
01/234283,1,False
02/253366,1,False
05/52100,1,False
01/215636,1,False
00/218252,1,False
05/19524,1,False
01/520991,1,False
01/462531,1,False
01276901,1,False
01/276901,1,False
04/11566,1,False
01/49672,1,False
23/189764,1,False
01/14657,1,False
09/134981,1,False
17/14014,1,False
23/119287,1,False
13/9644,1,False
02/286803,1,False
23/95777,1,False
03/174842,1,False
04/47183,1,False
02/296831,1,False
00/417684,1,False
24/146094,1,False
02/186616,1,False
03/37514,1,False
09/197791,1,False
16/75668,1,False
15/105418,1,False
18/44842,1,False
01/256048,1,False
08/000349,1,False
17AA70469,1,False
01/7008,1,False
972635129,1,False
14/11127,1,False
23/1003745,1,False
22/55424,1,False
14/32505,1,False
02/342810,1,False
15/79086,1,False
15/7762,1,False
03/781357,1,False
01194909,1,False
03/231629,1,False
03/138839,1,False
00/310053,1,False
17/2458,1,False
00/299582,1,False
23/237533,1,False
01/79217,1,False
02/28649,1,False
24165241,1,False
13/37439,1,False
00/418536,1,False
23/44076,1,False
22/1573,1,False
00/311821,1,False
01/471003,1,False
01/20406,1,False
01/354148,1,False
01/454108,1,False
04/70185,1,False
15/86346,1,False
10/59020,1,False
08/76339,1,False
24/112201,1,False
03/87140,1,False
00/349761,1,False
01/50711,1,False
02/184439,1,False
03/136834,1,False
01276310,1,False
03/124654,1,False
03/167713,1,False
07/26848,1,False
09/244875,1,False
09/74073,1,False
24/56321,1,False
09/160452,1,False
09/215863,1,False
06/10712,1,False
03/105249,1,False
01/445941,1,False
23/192155,1,False
01/45415,1,False
23/45555,1,False
21/7784,1,False
02/179873,1,False
07/35234,1,False
15/8217,1,False
22/134166,1,False
16/60348,1,False
01/398066,1,False
02/2034543,1,False
06/19202,1,False
00/419401,1,False
01/248771,1,False
23/33044,1,False
23/169617,1,False
02/204589,1,False
01/531766,1,False
00410428,1,False
07/71795,1,False
2/14572,1,False
23/225426,1,False
00/337068,1,False
00/33706,1,False
02/224893,1,False
18/157716,1,False
04/113737,1,False
09/37608,1,False
09/112153,1,False
24/6798,1,False
00/451217,1,False
18/50061,1,False
23/196726,1,False
01/2569,1,False
04/44845,1,False
08/35003,1,False
10/13645,1,False
24/191193,1,False
09/98495,1,False
06/20148,1,False
07/73433,1,False
15/19547,1,False
01/385835,1,False
01/168877,1,False
16/17633,1,False
01/214903,1,False
01/289022,1,False
02/279091,1,False
23/9584,1,False
01/9799,1,False
02/340094,1,False
07/41709,1,False
03/196954,1,False
01/81296,1,False
01/134839,1,False
23/157843,1,False
01/341418,1,False
01/410085,1,False
03/66214,1,False
07/100337,1,False
02/203018,1,False
15/51893,1,False
25/32018,1,False
02/176337,1,False
23/114607,1,False
01/419548,1,False
15/88608,1,False
20/32285,1,False
04/189793,1,False
04/30566,1,False
01/47615,1,False
09/61870,1,False
14/25319,1,False
8303751133,1,False
00/328615,1,False
03/438400,1,False
02/804411,1,False
00/180987,1,False
03/164944,1,False
01/466195,1,False
22/97833,1,False
02/185910,1,False
03/132481,1,False
02/124883,1,False
22/2683,1,False
09/94788,1,False
14/30796,1,False
19/10467,1,False
21/21350,1,False
01/307361,1,False
24/32722,1,False
00/244192,1,False
01/62866,1,False
07/63926,1,False
23/75439,1,False
01/12569,1,False
02/177321,1,False
01/228413,1,False
01/143464,1,False
03/99700,1,False
04/51353,1,False
01/517008,1,False
24/56662,1,False
01/199817,1,False
21/45089,1,False
2/76015,1,False
07/6657,1,False
02/264484,1,False
01/311971,1,False
12/ 2132,1,False
02/210106,1,False
21/263238,1,False
20/10042,1,False
02/163209,1,False
07/152364,1,False
08/25869,1,False
22/115231,1,False
22/90558,1,False
09/126143,1,False
01/209956,1,False
00/15045,1,False
01/24521,1,False
18/4100,1,False
03/51354,1,False
04/40888,1,False
03/79488,1,False
24/99094,1,False
23/84197,1,False
00/336957,1,False
22/145977,1,False
07220379,1,False
12/13138,1,False
09/114988,1,False
01/117552,1,False
13/43586,1,False
23/89384,1,False
23/42258,1,False
23/84139,1,False
01181236,1,False
23/177472,1,False
22/114661,1,False
22/92279,1,False
01/342066,1,False
18/24181,1,False
13/32104,1,False
04/30771,1,False
14/126664,1,False
00/364889,1,False
11/932196,1,False
09/88776,1,False
22/149908,1,False
03/204268,1,False
02/261584,1,False
01/463850,1,False
22/31164,1,False
22/83434,1,False
05/39359,1,False
14/135100,1,False
14/165018,1,False
09/187139,1,False
2317437,1,False
08/52438,1,False
21/13981,1,False
01/376485,1,False
00/317513,1,False
17/5643,1,False
06/18724,1,False
03/51019,1,False
01/12541,1,False
23/130313,1,False
14/100329,1,False
02/62605,1,False
01/190716,1,False
21/21047,1,False
17/29987,1,False
14/1109321,1,False
01/500546,1,False
7607026210,1,False
24/13319,1,False
18/52287,1,False
24/11734,1,False
21AD25757,1,False
03/14285,1,False
09/183015,1,False
02/1894,1,False
16/43190,1,False
00/374749,1,False
02/31528,1,False
02/5090,1,False
15/86834,1,False
09/15727,1,False
02/181892,1,False
23/71657,1,False
24/54154,1,False
02/88800,1,False
23/5421,1,False
03/121296,1,False
23/75829,1,False
14/112612,1,False
21/4553,1,False
06/12313,1,False
17/49167,1,False
04/152907,1,False
09/64195,1,False
18/25178,1,False
58/4003,1,False
24126957,1,False
21/18398,1,False
01/337290,1,False
22/97191,1,False
10/33141,1,False
01/416878,1,False
01/36019,1,False
24/85142,1,False
11/00245,1,False
09/138608,1,False
09/97270,1,False
22/28376,1,False
01/117845,1,False
02/29892,1,False
14/45576,1,False
23/196067,1,False
22/22565,1,False
01/436487,1,False
24/53043,1,False
01/214157,1,False
23/10367,1,False
02/201037,1,False
01/375202,1,False
15/95378,1,False
21/11580,1,False
23/11381,1,False
04/22199,1,False
19/2132,1,False
23/150364,1,False
21/29618,1,False
24/3600,1,False
01/388800,1,False
02/239655,1,False
02/293560,1,False
14/118772,1,False
01/184704,1,False
01/326468,1,False
18/29899,1,False
02/104418,1,False
02/23274,1,False
03/212365,1,False
24/14506,1,False
01/92673,1,False
01/435152,1,False
04/153874,1,False
00/452145,1,False
24/97719,1,False
18/26946,1,False
19/6857,1,False
09/147820,1,False
22/114122,1,False
22/103024,1,False
22/149048,1,False
04/120914,1,False
01/319264,1,False
07/7723,1,False
03/193662,1,False
21/19633,1,False
01/469529,1,False
22/121473,1,False
01/374890,1,False
24/109751,1,False
17/34005,1,False
02/165473,1,False
22/121111,1,False
23/206376,1,False
22/128911,1,False
22/28911,1,False
01/464287,1,False
01/146535,1,False
01/358422,1,False
8905702004,1,False
56/88721,1,False
03/54060,1,False
01/175559,1,False
00/378202,1,False
02/123447,1,False
09/143667,1,False
24/129424,1,False
24/102017,1,False
02/233278,1,False
15/41328,1,False
02/12939,1,False
00/210360,1,False
23/88976,1,False
04/83157,1,False
01/4446120,1,False
22/126389,1,False
24/81919,1,False
22/107678,1,False
22/32225,1,False
09/204567,1,False
01/30121,1,False
20/5551,1,False
24/75665,1,False
2914220005,1,False
02/2336633,1,False
14/29772,1,False
00/379424,1,False
KORT FERID,1,False
23/165476,1,False
09/131728,1,False
23/97233,1,False
24/133286,1,False
03/79167,1,False
04/133499,1,False
24/42724,1,False
01/101184,1,False
00/00101,1,False
09/90988,1,False
03/171228,1,False
20/2102,1,False
09/100033,1,False
00/74814,1,False
24/97226,1,False
11/25478,1,False
22/141599,1,False
24/82903,1,False
23/72864,1,False
01/449770,1,False
01/504807,1,False
09/209749,1,False
01/332431,1,False
01/282196,1,False
11/2121,1,False
04/59757,1,False
00/452224,1,False
23/49928,1,False
01/137684,1,False
14/117979,1,False
23/76666,1,False
24/111883,1,False
02/23083,1,False
02/122082,1,False
02/94184,1,False
10/32124,1,False
02/2128,1,False
01354567,1,False
02/127992,1,False
15/28246,1,False
07/71734,1,False
01/482214,1,False
01482214,1,False
01/151266,1,False
01/70241,1,False
23/24249,1,False
23/114572,1,False
03/111065,1,False
07/347796,1,False
09/193636,1,False
01/223286,1,False
12/1548,1,False
01/310494,1,False
01/44379,1,False
22/133159,1,False
21/31435,1,False
05/36597,1,False
21/16298,1,False
01/254145,1,False
07/55173,1,False
02/10319,1,False
23/144820,1,False
13/23655,1,False
00/341248,1,False
00/411678,1,False
16/45848,1,False
16/43978,1,False
01/539946,1,False
16/11798,1,False
29/122124,1,False
14/42288,1,False
14/163863,1,False
24/98978,1,False
03/15172,1,False
16/27977,1,False
01/14400,1,False
01/339404,1,False
10/32221,1,False
02/36264,1,False
00/568745,1,False
01/485947,1,False
24/115294,1,False
23/167121,1,False
22/78809,1,False
17/51628,1,False
1747770,1,False
2211503,1,False
22/101977,1,False
23/164930,1,False
1582319,1,False
01/235910,1,False
02/339436,1,False
02/12151,1,False
17/42925,1,False
22/96334,1,False
09/3128,1,False
04/2636,1,False
02/76474,1,False
22/57693,1,False
02/97116,1,False
16/29391,1,False
01/153483,1,False
02/74913,1,False
23/100307,1,False
23/53128,1,False
04/63384,1,False
22/96407,1,False
01/516885,1,False
23/200504,1,False
08/9923,1,False
07/66929,1,False
03/5553,1,False
00/252312,1,False
00/206624,1,False
01/501945,1,False
07/231735,1,False
09/187714,1,False
01/246389,1,False
22/22855,1,False
23/442372,1,False
02/53551,1,False
02/234177,1,False
02/36558,1,False
01/497904,1,False
23/209074,1,False
02/25498,1,False
02/175178,1,False
01/161671,1,False
10/96037,1,False
24/133103,1,False
14/44320,1,False
28/148255,1,False
01478620,1,False
15/89881,1,False
01/81172,1,False
02/27275,1,False
22/153880,1,False
03/212369,1,False
03/65922,1,False
29/255958,1,False
09/90625,1,False
01/401022,1,False
01/195842,1,False
00/426105,1,False
11/20121,1,False
03/87184,1,False
02/117271,1,False
01/136721,1,False
00/387989,1,False
15/77433,1,False
22/65485,1,False
23/205632,1,False
24/107254,1,False
01/282821,1,False
2/84036,1,False
16/66037,1,False
02/10811,1,False
03/36817,1,False
24/135693,1,False
17/4295,1,False
01/525492,1,False
09/43668,1,False
22/59430,1,False
16A483918,1,False
01/496559,1,False
23/239433,1,False
22/63618,1,False
22/25388,1,False
02/120979,1,False
03/5662,1,False
02/323229,1,False
23/221205,1,False
04/163450,1,False
23/94690,1,False
02/223853,1,False
01/33099,1,False
16/51274,1,False
04/64624,1,False
15/118795,1,False
52/77434,1,False
02/162672,1,False
09/73984,1,False
00/265806,1,False
11/26539,1,False
01/532104,1,False
00/324905,1,False
02160848,1,False
03/14811,1,False
08/1346,1,False
05/7178,1,False
01/172297,1,False
05/53533,1,False
17/1351,1,False
22/101558,1,False
01/265184,1,False
24/23506,1,False
02/311621,1,False
03/225304,1,False
24/100088,1,False
24/51894,1,False
02/25421,1,False
01/93407,1,False
01/165042,1,False
01/147126,1,False
22/2154,1,False
DOOGI NEJI,1,False
03/6900,1,False
17/52826,1,False
00/328522,1,False
20AV61267,1,False
17/43998,1,False
03/122823,1,False
22/51260,1,False
07/771532,1,False
00/215315,1,False
04/18275,1,False
22/80193,1,False
U1U902655M,1,False
23/195847,1,False
01/474959,1,False
02/158109,1,False
11/1836,1,False
07/63089,1,False
01/245615,1,False
13/8367,1,False
14/013896,1,False
01/735102,1,False
13/43004,1,False
02/161182,1,False
01/363694,1,False
07/184870,1,False
2467179,1,False
24/67179,1,False
04/6025,1,False
04/36295,1,False
24/86534,1,False
12/60727,1,False
22/64019,1,False
04/139375,1,False
00/388595,1,False
01/423219,1,False
22/6442,1,False
C010A41AA5,1,False
02/120716,1,False
01/440242,1,False
03/26246,1,False
24/2534,1,False
24/2634,1,False
23/1011,1,False
21/41423,1,False
17/25186,1,False
24/135434,1,False
01/157797,1,False
01/458988,1,False
14/89061,1,False
14/158040,1,False
03/57059,1,False
03/68140,1,False
10/30726,1,False
01/174318,1,False
01/116160,1,False
02/284528,1,False
24 71705,1,False
03/14205,1,False
03/209063,1,False
12/21121,1,False
23/59881,1,False
01/385495,1,False
21A656496,1,False
09/179753,1,False
01/81035,1,False
04/158043,1,False
03/167826,1,False
01/497135,1,False
03/222863,1,False
09/194472,1,False
02/33985,1,False
01/303278,1,False
03/162760,1,False
08/7454,1,False
18/7038,1,False
04/55592,1,False
09/21351,1,False
03/174788,1,False
15/79945,1,False
01/41201,1,False
22/89089,1,False
01/308300,1,False
01/444864,1,False
09/231421,1,False
01/199487,1,False
24/141184,1,False
18/19521,1,False
24/ 24588,1,False
24/024588,1,False
04/27054,1,False
04/69211,1,False
22/143970,1,False
23/24688,1,False
23/71786,1,False
15/18229,1,False
04/70237,1,False
02/126133,1,False
06/21585,1,False
18/73840,1,False
01/344505,1,False
12/29659,1,False
02/34399,1,False
01/507213,1,False
04/117595,1,False
03/90943,1,False
00/210661,1,False
04/2138,1,False
16/83210,1,False
00/46903,1,False
00/54874,1,False
02/3128594,1,False
01/145254,1,False
03/202927,1,False
24/57778,1,False
03/76601,1,False
09/216646,1,False
14/132630,1,False
24/81252,1,False
01/20698,1,False
12/65606,1,False
01/455575,1,False
14/14229,1,False
14/92805,1,False
03/91966,1,False
24/176431,1,False
03/4358,1,False
17/25993,1,False
1/223000,1,False
02/171205,1,False
01/48978,1,False
01/235012,1,False
00/145754,1,False
00/399634,1,False
01/509628,1,False
24/138887,1,False
22/123943,1,False
09/22516,1,False
08/22516,1,False
23/51360,1,False
01/753664,1,False
17/35342,1,False
03/76754,1,False
23/13629,1,False
15AT29645,1,False
23/75107,1,False
A150C1140X,1,False
03/128677,1,False
21/21912,1,False
03/267787,1,False
16/89852,1,False
24/56263,1,False
00/281994,1,False
07/14116,1,False
00/447240,1,False
01/399359,1,False
02/61377,1,False
01/359359,1,False
04103351,1,False
17/21024,1,False
02/187784,1,False
01/117534,1,False
01/517843,1,False
05/406994,1,False
02/55590,1,False
23/161832,1,False
01/256975,1,False
03/40752,1,False
01/321011,1,False
01/39256,1,False
21/34337,1,False
01/524522,1,False
19/15889,1,False
24/16853,1,False
03/83027,1,False
01/24420,1,False
21/053996,1,False
23/4999,1,False
19/198792,1,False
16/4398,1,False
01/25568,1,False
22/136356,1,False
01/45744,1,False
03/179917,1,False
03/177390,1,False
09/178944,1,False
01/453813,1,False
01/336273,1,False
18/30523,1,False
04/110836,1,False
16/63639,1,False
01/98585,1,False
04/160813,1,False
04/51525,1,False
02/231391,1,False
04/102613,1,False
23/220809,1,False
04/75452,1,False
23/257901,1,False
03/75396,1,False
24/44169,1,False
02/89030,1,False
00/373726,1,False
23/80361,1,False
04/54807,1,False
01/349336,1,False
24/2092023,1,False
14/171591,1,False
02/125891,1,False
01/415579,1,False
02/267595,1,False
01/141677,1,False
24/65267,1,False
23/80841,1,False
01/543364,1,False
03/62414,1,False
03/227218,1,False
15/ 57756,1,False
23/83778,1,False
01/439721,1,False
01/177005,1,False
01/112878,1,False
10/035669,1,False
01/469800,1,False
01/454961,1,False
02/203437,1,False
23/32857,1,False
22/135186,1,False
02/43482,1,False
01/151981,1,False
22/77887,1,False
01/2192,1,False
15/95131,1,False
04/65089,1,False
08/16538,1,False
22/84389,1,False
02/104963,1,False
09/111104,1,False
08/65664,1,False
23/92726,1,False
03/444864,1,False
00/442333,1,False
03/177865,1,False
23/03020,1,False
12/26551,1,False
00/2200,1,False
02/126383,1,False
02/238930,1,False
08/428839,1,False
00/325415,1,False
03/113766,1,False
22/29810,1,False
23/15311,1,False
03/135185,1,False
00/458214,1,False
21/313111,1,False
0340985,1,False
08/76676,1,False
08/28480,1,False
02/144796,1,False
2330573,1,False
22/85682,1,False
23/57161,1,False
04/137979,1,False
03/14446,1,False
14/141284,1,False
0/142145,1,False
22/97762,1,False
21/24931,1,False
24/158157,1,False
17/26797,1,False
01/367723,1,False
23/118382,1,False
01/425133,1,False
04/32172,1,False
04/1503,1,False
02/25757,1,False
01/268863,1,False
03/170004,1,False
00/321000,1,False
04/117697,1,False
14/7572,1,False
04/132474,1,False
04/24711,1,False
04/132492,1,False
04/134843,1,False
01/536604,1,False
01/241441,1,False
04/10623,1,False
01/1271028,1,False
01/517120,1,False
01/296669,1,False
10/67888,1,False
10/47998,1,False
10/66606,1,False
15/85992,1,False
04/26357,1,False
01/263498,1,False
1/385519,1,False
01/218165,1,False
04/48077,1,False
01/315660,1,False
22/173375,1,False
02/256884,1,False
04/186957,1,False
16/73562,1,False
01/370118,1,False
01/99115,1,False
00/21054,1,False
01/544968,1,False
01/377845,1,False
17/16153,1,False
05/79099,1,False
02/17744,1,False
15/50380,1,False
01738149,1,False
00/344430,1,False
03/116650,1,False
01/333668,1,False
10/74099,1,False
02/000172,1,False
22/67765,1,False
09/81367,1,False
04/42326,1,False
02/59900,1,False
13/13681,1,False
03/135863,1,False
23/221181,1,False
02/82099,1,False
14/61879,1,False
07/101945,1,False
01/140521,1,False
03/178462,1,False
01490489,1,False
23/188173,1,False
14/120564,1,False
01445302,1,False
04/165953,1,False
02/28794,1,False
22/156392,1,False
15/45355,1,False
00/2440,1,False
22/110118,1,False
23/233309,1,False
12/35792,1,False
22/155619,1,False
09/212871,1,False
01/275586,1,False
09/25929,1,False
17/58117,1,False
18/44488,1,False
24/93693,1,False
00/85473,1,False
17/22265,1,False
15/43299,1,False
01/232787,1,False
17/5020,1,False
22/162366,1,False
06/00000,1,False
16/42294,1,False
2 247291,1,False
23/120704,1,False
16/8005,1,False
01/285496,1,False
04/90089,1,False
00/334341,1,False
01/225324,1,False
02/166206,1,False
01/220908,1,False
01/301980,1,False
00/451247,1,False
01/317802,1,False
01/74253,1,False
01/204428,1,False
13/26544,1,False
22/36062,1,False
16/82931,1,False
00/304664,1,False
22/71916,1,False
02/127970,1,False
02/313077,1,False
09/13058,1,False
15/59620,1,False
05/48496,1,False
09/125856,1,False
24/75866,1,False
01/304116,1,False
22/130908,1,False
03/238310,1,False
02/245377,1,False
23/232085,1,False
01/499468,1,False
01/67591,1,False
04/50426,1,False
18/15023,1,False
26/68926,1,False
04/190043,1,False
04/153329,1,False
01/202407,1,False
04/135720,1,False
01/258031,1,False
24/22436,1,False
10/62371,1,False
09/131165,1,False
02/59835,1,False
23/33836,1,False
06/30280,1,False
01/460122,1,False
24/18905,1,False
14/0140271,1,False
03/134448,1,False
22/31307,1,False
06478559,1,False
01/326221,1,False
01/545337,1,False
02/190354,1,False
02/305297,1,False
02/234163,1,False
23/61934,1,False
04/6268,1,False
02/226185,1,False
03/23804,1,False
00/236810,1,False
22/24187,1,False
01/255613,1,False
02/2132,1,False
17/47839,1,False
23/21468,1,False
03/10040,1,False
01/293850,1,False
01/92648,1,False
09/121066,1,False
07/193928,1,False
01/48657,1,False
01/425441,1,False
04/59830,1,False
04/142367,1,False
10/03912,1,False
15/129353,1,False
01/514980,1,False
00/408282,1,False
04/145933,1,False
14/170120,1,False
09/107369,1,False
04/147629,1,False
02/19798,1,False
23/205380,1,False
23/44895,1,False
04/1235426,1,False
02/234273,1,False
21/12021,1,False
09/201725,1,False
08/32913,1,False
03/159846,1,False
7611751517,1,False
01/353821,1,False
01/207800,1,False
04/148587,1,False
03/154552,1,False
00/146452,1,False
02/86371,1,False
02/312438,1,False
21/48272,1,False
04/63190,1,False
16/25601,1,False
23/166290,1,False
22/ 2121,1,False
24/6130,1,False
14/135153,1,False
03/92421,1,False
02/194894,1,False
08/55558,1,False
14/128794,1,False
09/77245,1,False
01/02100,1,False
24/141180,1,False
14/31908,1,False
16/12652,1,False
24/36212,1,False
15/71914,1,False
04/775768,1,False
24/143051,1,False
23/87268,1,False
02/235801,1,False
00/0553,1,False
08/64406,1,False
23/175013,1,False
13/43858,1,False
17/25954,1,False
23/261411,1,False
04/74857,1,False
06/102017,1,False
22/92848,1,False
07/8844,1,False
06/28134,1,False
09/178889,1,False
00/459941,1,False
02/240048,1,False
24/54443,1,False
01/441994,1,False
01/547854,1,False
01/111958,1,False
23/230499,1,False
17/339077,1,False
01/388050,1,False
00/252546,1,False
24/73186,1,False
01/466328,1,False
03/76941,1,False
04/52840,1,False
01/252234,1,False
24/107770,1,False
04/115020,1,False
02/234400,1,False
23/120681,1,False
04/61653,1,False
01/025725,1,False
24/14880,1,False
01/371557,1,False
502206OM,1,False
24/69521,1,False
03/108567,1,False
04/41275,1,False
12/71676,1,False
01/418678,1,False
01/347337,1,False
01/406127,1,False
01/226655,1,False
1605239538,1,False
03/34214,1,False
04/138953,1,False
01/138888,1,False
17/47404,1,False
02/266200,1,False
02/33690,1,False
09/218062,1,False
02/129710,1,False
01/442006,1,False
01/2091,1,False
01/346235,1,False
23/16467,1,False
02/236112,1,False
15/69850,1,False
03/105895,1,False
17/1928,1,False
17/28508,1,False
16/40505,1,False
22115560,1,False
15/54267,1,False
01/302920,1,False
02/331015,1,False
01/379945,1,False
15/84532,1,False
00/465666,1,False
17/11714,1,False
01/140802,1,False
12/32151,1,False
09/138627,1,False
0173143,1,False
26/251415,1,False
00/208510,1,False
22/43451,1,False
02/51900,1,False
01/131456,1,False
69293/10,1,False
00/144747,1,False
02/161009,1,False
02/281104,1,False
110000000,1,False
24/126545,1,False
04/76847,1,False
24/52857,1,False
1104932008,1,False
00/256695,1,False
01/461624,1,False
22/58002,1,False
05/58204,1,False
22/161712,1,False
01/78681,1,False
04/83451,1,False
24/76620,1,False
04/13898,1,False
04/33929,1,False
22/90912,1,False
02/114744,1,False
22/86019,1,False
01/185908,1,False
01/214424,1,False
04/168085,1,False
03/103499,1,False
05/45142,1,False
22/178991,1,False
03/235110,1,False
02/137952,1,False
24/50958,1,False
09/51084,1,False
23/97482,1,False
01/317570,1,False
01/331056,1,False
02/135375,1,False
01/10311,1,False
03/066604,1,False
22/87090,1,False
04/110216,1,False
14/32013,1,False
02/375720,1,False
07194975,1,False
23/221739,1,False
01/146663,1,False
19/6378,1,False
22/107535,1,False
17/22681,1,False
02/253328,1,False
01/279188,1,False
01/317000,1,False
23/72162,1,False
03/133219,1,False
01/304718,1,False
24/130902,1,False
23/1541119,1,False
23/67647,1,False
02/36025,1,False
17122002,1,False
25/6910,1,False
22/27002,1,False
18/19142,1,False
03/227316,1,False
00/409863,1,False
09/ 221,1,False
09/193900,1,False
23/2321,1,False
22/162441,1,False
26/14408,1,False
03/72859,1,False
03/160353,1,False
01/470464,1,False
22/79623,1,False
02/153767,1,False
01/274598,1,False
04/185577,1,False
01/40287,1,False
21/18332,1,False
03/28823,1,False
17/31223,1,False
04/133596,1,False
03/115389,1,False
24/65282,1,False
24/135964,1,False
03/175894,1,False
08/39919,1,False
01/515891,1,False
03/137255,1,False
02/2165,1,False
02/220709,1,False
24/12218,1,False
08/69634,1,False
15/13512,1,False
01/228425,1,False
22/39005,1,False
09/218808,1,False
23/130254,1,False
02/177878,1,False
24/132984,1,False
00/296376,1,False
03/91846,1,False
08/469320,1,False
02/87354,1,False
02/264310,1,False
01/312595,1,False
20/61620,1,False
02/212400,1,False
22/169196,1,False
01/0177048,1,False
04/188436,1,False
14/57041,1,False
04/7333,1,False
23/07511,1,False
23/95494,1,False
22/146104,1,False
02/74418,1,False
19/12212,1,False
24/130486,1,False
26/2122,1,False
04/43419,1,False
03/101271,1,False
18/12101,1,False
23/206941,1,False
04/159068,1,False
03/210921,1,False
02/254121,1,False
16/51414,1,False
01/529040,1,False
01/263658,1,False
22/39774,1,False
16/112004,1,False
01/66204,1,False
02/328716,1,False
24/158428,1,False
14/44373,1,False
09/110208,1,False
04/137835,1,False
01/591739,1,False
01/410025,1,False
14/125129,1,False
06/052021,1,False
14/124658,1,False
23/2451,1,False
17/45438,1,False
01/325219,1,False
01/404178,1,False
24/10237,1,False
25/32386,1,False
01/369852,1,False
23/80393,1,False
02/198426,1,False
22/7061,1,False
03/46579,1,False
06/10268,1,False
24/124796,1,False
06/165683,1,False
01/193503,1,False
00/332253,1,False
05/55834,1,False
11/51850,1,False
08/64395,1,False
22/133984,1,False
23/214265,1,False
24/5334,1,False
00/192807,1,False
24/132954,1,False
23/251008,1,False
01/363983,1,False
00/55447,1,False
04/133086,1,False
02/49840,1,False
09/20390,1,False
04/189240,1,False
24/102232,1,False
03/201913,1,False
23/20249,1,False
09/194591,1,False
19/28581,1,False
12/13831,1,False
01/266767,1,False
01/466857,1,False
02/263595,1,False
09/193869,1,False
02/230720,1,False
02/151767,1,False
00/54784,1,False
14/48875,1,False
21/28820,1,False
24/112055,1,False
01/46180,1,False
04/68485,1,False
02/55797,1,False
16/29384,1,False
02/102790,1,False
23/134855,1,False
00/12451,1,False
02/250127,1,False
01/495073,1,False
03/177211,1,False
24/63142,1,False
02/65721,1,False
02/96746,1,False
00/234203,1,False
03/19250,1,False
22/3809,1,False
01/368582,1,False
03/165600,1,False
0924350,1,False
24/158495,1,False
23/11004,1,False
22/12377,1,False
22/46475,1,False
09/40509,1,False
15131223,1,False
23/174424,1,False
15/39673,1,False
22082025,1,False
01/18105,1,False
24/77088,1,False
24/158987,1,False
02/176515,1,False
22/169854,1,False
24/4215,1,False
15/96705,1,False
23/86707,1,False
09/247055,1,False
01/502674,1,False
01/86814,1,False
24/40015,1,False
02/125717,1,False
01/36339,1,False
21/39242,1,False
24/33806,1,False
16/12121,1,False
08032005,1,False
08/225688,1,False
04/43824,1,False
24/77207,1,False
13/41958,1,False
24/63987,1,False
01/191772,1,False
10/26910,1,False
01/277390,1,False
01/38061,1,False
06/29442,1,False
14/67132,1,False
22/77545,1,False
02/28885,1,False
05/29813,1,False
22/20430,1,False
03/208263,1,False
15/19262,1,False
01/242258,1,False
22/152876,1,False
12/2211,1,False
0121458963,1,False
24/85198,1,False
02/61488,1,False
15/85930,1,False
15/121449,1,False
04/44456,1,False
23/45948,1,False
09/62271,1,False
03/182908,1,False
03/102968,1,False
00/5328,1,False
03/84155,1,False
02/59748,1,False
15/128772,1,False
09/30185,1,False
24/39538,1,False
21/55631,1,False
04/4272,1,False
13/30818,1,False
03/204098,1,False
23/145994,1,False
15/37258,1,False
05/76569,1,False
22/112937,1,False
01/321550,1,False
08/6417,1,False
02/185920,1,False
01/479754,1,False
21/004407,1,False
01/316348,1,False
19/8237,1,False
02/246481,1,False
24/382002,1,False
07/107781,1,False
01/316435,1,False
00/373851,1,False
17/252010,1,False
21/56093,1,False
21/016006,1,False
10/50111,1,False
01/8289,1,False
24/59221,1,False
24/108371,1,False
01/452258,1,False
02/287793,1,False
01/160253,1,False
02/297739,1,False
30/052023,1,False
02/238018,1,False
01/30747,1,False
02/64658,1,False
22/142938,1,False
18/2321,1,False
01449445,1,False
07/129712,1,False
02/262155,1,False
02/213194,1,False
01/212021,1,False
23/122391,1,False
09/36010,1,False
22/103511,1,False
19/8407,1,False
15/32500,1,False
24/11223,1,False
23/13587,1,False
10/46244,1,False
00/35287,1,False
02/35442,1,False
5148462,1,False
01/210370,1,False
02/184181,1,False
15/317775,1,False
14/18899,1,False
1282121,1,False
12/52399,1,False
22/182535,1,False
01/313620,1,False
16/85967,1,False
21/58089,1,False
09/26752,1,False
23/113292,1,False
03/254090,1,False
01/492150,1,False
23/250288,1,False
02/259929,1,False
02/341942,1,False
01/5860,1,False
24/70785,1,False
07/74467,1,False
G050F84759,1,False
04/104641,1,False
02/293439,1,False
23/68026,1,False
03/95616,1,False
02/192714,1,False
02/319592,1,False
42/457513,1,False
01/743361,1,False
12/1211,1,False
09/298870,1,False
02/18909,1,False
02/162770,1,False
01/378995,1,False
04/119006,1,False
01/731439,1,False
09/098067,1,False
02/77434,1,False
02/069121,1,False
04/14166,1,False
14/36967,1,False
21/01487,1,False
03/59260,1,False
02/324020,1,False
13/066293,1,False
07/195758,1,False
11/381788,1,False
00/235167,1,False
92/63030,1,False
02/330561,1,False
12/2111,1,False
10/67014,1,False
09/57496,1,False
22/41648,1,False
11/13196,1,False
02/332580,1,False
22/96492,1,False
23/39374,1,False
02/18401,1,False
03/137353,1,False
02/326165,1,False
01/18121,1,False
00/0222,1,False
02/322714,1,False
00/573156,1,False
22/101527,1,False
00/183698,1,False
2553050,1,False
14/131308,1,False
14/50316,1,False
02/187597,1,False
14/409517,1,False
0154658,1,False
02/14492,1,False
02/244143,1,False
142/608/32,1,False
02/119504,1,False
10/37528,1,False
14/87220,1,False
07/0106835,1,False
23/218421,1,False
04/195745,1,False
01/473742,1,False
02/286533,1,False
02/74794,1,False
23/239055,1,False
08/90871,1,False
08/85035,1,False
15/89344,1,False
23/131094,1,False
24/131121,1,False
2438674,1,False
24/152204,1,False
04/203013,1,False
08/28332,1,False
24/173787,1,False
01/496146,1,False
06/32848,1,False
22/54498,1,False
5077TU149,1,False
11/664111,1,False
22/104891,1,False
01/363634,1,False
01/234238,1,False
22/72833,1,False
21/734767,1,False
03/170762,1,False
19/23388,1,False
23/35931,1,False
01/494964,1,False
01/332399,1,False
13/19972,1,False
11039464,1,False
13/60102,1,False
07/554041,1,False
09/221796,1,False
22/101943,1,False
23/104903,1,False
07/136577,1,False
00/472866,1,False
16/6028,1,False
03/49053,1,False
23/157988,1,False
00/259741,1,False
00/361829,1,False
03/47447,1,False
22/107516,1,False
14/67866,1,False
01/524006,1,False
14/66600,1,False
09/38327,1,False
10/53631,1,False
01/355801,1,False
01/355821,1,False
03/52762,1,False
05/115907,1,False
0959030,1,False
00/213093,1,False
01/2909525,1,False
03/85026,1,False
09/125839,1,False
09/146751,1,False
01/303397,1,False
17/350031,1,False
1713620,1,False
14/113925,1,False
23/80686,1,False
14/119539,1,False
22/74745,1,False
14/158417,1,False
01/73924,1,False
03/79634,1,False
01/121224,1,False
10/072729,1,False
02/71268,1,False
01/31004,1,False
08/80756,1,False
14/235191,1,False
23/72866,1,False
01/288497,1,False
23/58801,1,False
15/53696,1,False
17/30030,1,False
10/45899,1,False
21/114951,1,False
01/252269,1,False
16/011993,1,False
01/469773,1,False
02/198703,1,False
09/223279,1,False
22/95041,1,False
10/76131,1,False
1714661,1,False
02/128111,1,False
14/72828,1,False
01/909982,1,False
21/19924,1,False
14/97362,1,False
19/21897,1,False
01/252966,1,False
24/51893,1,False
02/250272,1,False
02/204740,1,False
02/261986,1,False
01/280480,1,False
09/184626,1,False
23/164721,1,False
04/94074,1,False
01/33050,1,False
00/125447,1,False
01/261235,1,False
23147188,1,False
01/363072,1,False
01/230881,1,False
23/167321,1,False
03/166771,1,False
01/197456?,1,False
02/121447,1,False
03/239047,1,False
13/7301,1,False
23/159819,1,False
02/67578,1,False
01/28263,1,False
00/332336,1,False
00/58745,1,False
18/12710,1,False
09/422555,1,False
14/82910,1,False
01/139716,1,False
24/47608,1,False
01/128940,1,False
01/276195,1,False
0468159,1,False
00/164884,1,False
01/155238,1,False
07/88562,1,False
22/147590,1,False
17/26750,1,False
03/9581,1,False
24/23969,1,False
00/24611,1,False
24/111016,1,False
24/19826,1,False
01/174035,1,False
15/13464,1,False
11/19901,1,False
15/94372,1,False
23/123005,1,False
09/115988,1,False
20/7476,1,False
0627325,1,False
00205247,1,False
02/169137,1,False
03/176957,1,False
09/178116,1,False
23/8041,1,False
09/110346,1,False
12/95501,1,False
22/37590,1,False
01/343392,1,False
23/9669,1,False
23/125479,1,False
17/25959,1,False
03/135144,1,False
00/622231,1,False
02/92906,1,False
09/192823,1,False
03/95983,1,False
05/29640,1,False
01/206178,1,False
05/22586,1,False
01/423700,1,False
09/176536,1,False
01/320498,1,False
08/35203,1,False
15/18054,1,False
01/457188,1,False
01/370358,1,False
16/77479,1,False
01/324122,1,False
2454118,1,False
01/149766,1,False
14/44898,1,False
07/179251,1,False
09/123450,1,False
01/256645,1,False
01/380830,1,False
08/39673,1,False
08/71019,1,False
03/224081,1,False
001129100,1,False
19/6179,1,False
01/354423,1,False
00/468623,1,False
05/47127,1,False
62733/22,1,False
17/49284,1,False
101/21489,1,False
03/19193,1,False
23/46322,1,False
026318,1,False
22/5790,1,False
00/271230,1,False
23/83069,1,False
01/174382,1,False
22/120328,1,False
00364118,1,False
10/1023,1,False
04/12113,1,False
01/323222,1,False
01/443353,1,False
04/78067,1,False
04/790519,1,False
00/140409,1,False
09/11855,1,False
01484253,1,False
01/540541,1,False
00/418095,1,False
02/213271,1,False
07/34156,1,False
01/200923,1,False
01/486463,1,False
17/24854,1,False
03/16880,1,False
01/402908,1,False
10/13017,1,False
01/508685,1,False
23/185854,1,False
00/145745,1,False
02/89170,1,False
23/222560,1,False
33/72202,1,False
01/171108,1,False
00/14254,1,False
02/13256,1,False
23/109465,1,False
23/62758,1,False
10253358,1,False
10/25358,1,False
00/299015,1,False
23/14652,1,False
09/98951,1,False
02/311509,1,False
01121992,1,False
01/1017999,1,False
01/316865,1,False
03/181603,1,False
17/16156,1,False
00/125464,1,False
10/129138,1,False
23/203331,1,False
04/154739,1,False
01192737,1,False
24/128253,1,False
04/20336,1,False
21/26519,1,False
01/313803,1,False
01/404939,1,False
21/12348,1,False
04528118,1,False
00/149288,1,False
02/6552,1,False
03/109108,1,False
10/38854,1,False
01/38751,1,False
04/84336,1,False
03/74846,1,False
05/38639,1,False
23101686,1,False
14/114936,1,False
14/181535,1,False
23111727,1,False
09179986,1,False
2465954,1,False
24/100810,1,False
02/144468,1,False
22/14264,1,False
01/317834,1,False
24/51904,1,False
01/533646,1,False
09/154432,1,False
01/277895,1,False
00/459940,1,False
22/44201,1,False
10/35413,1,False
23/186221,1,False
22/76262,1,False
03/2751015,1,False
24/86607,1,False
00/310128,1,False
24/93532,1,False
01/107731,1,False
14/00213,1,False
02/204426,1,False
01/490351,1,False
01/318239,1,False
01/2123,1,False
00359630,1,False
02/147070,1,False
01/442101,1,False
00/401400,1,False
01/64778,1,False
22/143117,1,False
01/82605,1,False
01/291044,1,False
17/42941,1,False
18/42941,1,False
22/107973,1,False
23/216723,1,False
01/484367,1,False
17/7768,1,False
23/58785,1,False
04/128463,1,False
10/28601,1,False
02/204099,1,False
14658587,1,False
23/137053,1,False
052/212115,1,False
01/429652,1,False
17/8005,1,False
03/140760,1,False
23/142039,1,False
20/7129,1,False
10/12514,1,False
01/196692,1,False
14/172775,1,False
23/1447,1,False
03/131449,1,False
23/143418,1,False
23/104411,1,False
02/218663,1,False
07/66675,1,False
24/42313,1,False
14/46123,1,False
21/23928,1,False
06/8274,1,False
03/67003,1,False
23/155045,1,False
03/73206,1,False
02/148448,1,False
24/35118,1,False
23/2322,1,False
01/436774,1,False
12/38885,1,False
09/192134,1,False
23/35936,1,False
00/277716,1,False
24/101879,1,False
03/82249,1,False
02/311269,1,False
09/114242,1,False
01/384566,1,False
02/98147,1,False
03/154156,1,False
03/6541,1,False
14/73586,1,False
08/58509,1,False
02/218688,1,False
09/83151,1,False
09/83064,1,False
01/303752,1,False
02/20091,1,False
03/126162,1,False
0441842,1,False
01/258834,1,False
23/27481,1,False
03/91255,1,False
03124256,1,False
00/394082,1,False
23/174806,1,False
23/71028,1,False
03/16516,1,False
01/204890,1,False
01/422899,1,False
03/175650,1,False
2364412,1,False
08/51803,1,False
03/19056,1,False
06/15710,1,False
01/174597,1,False
15/100802,1,False
00/467712,1,False
09/156305,1,False
12/42781,1,False
01/409564,1,False
01/451121,1,False
02/244553,1,False
23/204431,1,False
08/83235,1,False
24/84108,1,False
04/17926,1,False
01/332648,1,False
09/38366,1,False
22/77028,1,False
09/149992,1,False
13/1012020,1,False
00/387816,1,False
10/ 27335,1,False
07/53615,1,False
01/121232,1,False
16/22236,1,False
06/19600,1,False
09/118086,1,False
05/7640,1,False
18/41645,1,False
24/80679,1,False
02/278598,1,False
23445093,1,False
03/200755,1,False
24/33336,1,False
01/355543,1,False
01/126027,1,False
21/163698,1,False
00/010203,1,False
10/14828,1,False
2391783,1,False
03143502,1,False
03/169664,1,False
17/911985,1,False
01/20431,1,False
21/49895,1,False
00/227349,1,False
19/2579,1,False
23/189025,1,False
01/356369,1,False
09/50754,1,False
10/56823,1,False
03/183187,1,False
22/66206,1,False
08/66908,1,False
08/9164,1,False
23/149228,1,False
12/32047,1,False
24/53613,1,False
22/35832,1,False
01/14121,1,False
09/150219,1,False
04/42881,1,False
21/6507,1,False
09/122402,1,False
24/38124,1,False
02/43703,1,False
23/125487,1,False
01/356676,1,False
22 /36005,1,False
02/78741,1,False
00/254174,1,False
11/25288,1,False
23/60100,1,False
10/7158,1,False
09/183278,1,False
00457645,1,False
02/100296,1,False
16/42103,1,False
23/27124,1,False
22/88811,1,False
24/121489,1,False
15/16616,1,False
00/3333231,1,False
02/281684,1,False
02/184789,1,False
02/70861,1,False
01/315089,1,False
01/413309,1,False
15/71541,1,False
01/225632,1,False
01/386021,1,False
09/191666,1,False
01/485679,1,False
23179783,1,False
22/1195,1,False
03/953357,1,False
01/226807,1,False
06/41364,1,False
03/61276,1,False
01/472536,1,False
01/385574,1,False
15/16498,1,False
01/353592,1,False
23/77012,1,False
01/97424,1,False
01/302945,1,False
23/107180,1,False
02/236105,1,False
01/421248,1,False
23/155561,1,False
23106317,1,False
22/100998,1,False
00/306506,1,False
15/11322,1,False
23/4289,1,False
08/24258,1,False
15/8331,1,False
01/31869,1,False
01/318169,1,False
23/63112,1,False
01/139117,1,False
22/26783,1,False
00/424720,1,False
14/63122,1,False
NON FORNI,1,False
22/70854,1,False
03/60495,1,False
14/102884,1,False
14/128792,1,False
08/50533,1,False
11/59679,1,False
01/313729,1,False
01/178168,1,False
04/97915,1,False
02/212115,1,False
023/309,1,False
24/111444,1,False
01/137067,1,False
14/106764,1,False
09/117758,1,False
03109657,1,False
15AD05402,1,False
09/76319,1,False
09/15111,1,False
16/52491,1,False
01/436936,1,False
01/18620,1,False
02/148877,1,False
06/55946,1,False
02/180770,1,False
14/84702,1,False
01/355006,1,False
24/59606,1,False
03/139959,1,False
03/130516,1,False
03/87433,1,False
01/334494,1,False
14/36640,1,False
02/216697,1,False
00/399674,1,False
03/8863,1,False
03/166696,1,False
03/58404,1,False
02/116865,1,False
18/47944,1,False
01/451066,1,False
23/29906,1,False
09/184159,1,False
05/36217,1,False
23/144281,1,False
23/37141,1,False
24/9277,1,False
17/17445,1,False
01/425636,1,False
01/3039338,1,False
04/149059,1,False
02/243434,1,False
03/118227,1,False
02/38867,1,False
11/5819,1,False
08/58960,1,False
01/392000,1,False
22/116946,1,False
00/882600,1,False
16/83359,1,False
007566199,1,False
23/140240,1,False
2369297,1,False
00/189165,1,False
02/115444,1,False
02/266451,1,False
02/50751,1,False
09/29910,1,False
09/029910,1,False
03/73827,1,False
00/467336,1,False
01/271956,1,False
52730792,1,False
09/152652,1,False
24/51058,1,False
01/439699,1,False
00/154250,1,False
01/296628,1,False
22/14864,1,False
00/227542,1,False
05/15375,1,False
02/289700,1,False
01/80274,1,False
23/110788,1,False
14/140439,1,False
03/120141,1,False
01/53693,1,False
03/233424,1,False
24/68685,1,False
52653434,1,False
01/390466,1,False
04/154972,1,False
18/48070,1,False
03/109408,1,False
09/76694,1,False
03/96539,1,False
02/165576,1,False
14/122323,1,False
03/130012,1,False
01/341937,1,False
00/465647,1,False
2353151,1,False
01/354851,1,False
24/64243,1,False
22 139713,1,False
23/34650,1,False
22/06627,1,False
16/19714,1,False
00/437724,1,False
00/371228,1,False
24/118651,1,False
8201133,1,False
23/117304,1,False
05/86302,1,False
24/19399,1,False
00/294582,1,False
22/54841,1,False
23/62446,1,False
03/139516,1,False
05/14710,1,False
23/22017,1,False
00/312507,1,False
22/95862,1,False
100/264892,1,False
23/146255,1,False
14/86508,1,False
05/86242,1,False
24/72690,1,False
22/85051,1,False
01/151575,1,False
17/15254,1,False
01/110367,1,False
01409512,1,False
02/22448,1,False
23/163702,1,False
23/166043,1,False
16/91182,1,False
16/82442,1,False
00/124145,1,False
09/131559,1,False
01/447318,1,False
24/71060,1,False
01/205826,1,False
01/353457,1,False
10/20154,1,False
10/20150,1,False
23/14595,1,False
01/349129,1,False
01/258843,1,False
01/324392,1,False
28/69173,1,False
23/16609,1,False
22/102643,1,False
02/271400,1,False
02/40277,1,False
24/98629,1,False
00/348854,1,False
18/11841,1,False
21/15090,1,False
09/133525,1,False
23/93555,1,False
23/9470,1,False
15/67491,1,False
01/140159,1,False
01/175429,1,False
05/108637,1,False
02/90181,1,False
34/3040,1,False
15/67621,1,False
09/44636,1,False
31/0311980,1,False
24/73808,1,False
01/448690,1,False
04/115492,1,False
00/100000,1,False
00/363771,1,False
02/236422,1,False
01/500089,1,False
22/19032,1,False
16/38784,1,False
09/31244,1,False
23/74677,1,False
10/61675,1,False
17/24787,1,False
17/5519,1,False
23/110579,1,False
01/477896,1,False
22/10925,1,False
14/118665,1,False
00/2334,1,False
01/12121,1,False
01/51536,1,False
17/19060,1,False
16/94504,1,False
00/334960,1,False
02/25386,1,False
22/70437,1,False
01/487610,1,False
02/134788,1,False
00/388558,1,False
17/31294,1,False
22/124822,1,False
01/249252,1,False
01/208577,1,False
24/95443,1,False
03/209496,1,False
15/26057,1,False
01/435035,1,False
23/872870,1,False
17/28112,1,False
02/17148,1,False
01/534511,1,False
04/108625,1,False
23 13023,1,False
06/12908,1,False
04/10345,1,False
02/308512,1,False
11/56871,1,False
00/419943,1,False
00/419948,1,False
10/18903,1,False
03/94801,1,False
08/20746,1,False
23/192182,1,False
04/153233,1,False
01/96575,1,False
01/490477,1,False
11/8116,1,False
01/361611,1,False
02/107089,1,False
1000749414,1,False
23227638,1,False
24/111183,1,False
22/52508,1,False
23/934697,1,False
01/276584,1,False
07/64410,1,False
05/23563,1,False
04/128639,1,False
01/338810,1,False
00/312869,1,False
02/41187,1,False
16/76590,1,False
14/105690,1,False
00/336192,1,False
11/6565,1,False
22/120346,1,False
01/164891,1,False
07/114308,1,False
03/52732,1,False
03/80313,1,False
16/1322,1,False
02/157503,1,False
09/13548,1,False
02/83644,1,False
04/148146,1,False
01/284223,1,False
30/3261,1,False
09/149485,1,False
01/53112,1,False
00/234149,1,False
01/144470,1,False
8510173104,1,False
01/457571,1,False
01/467059,1,False
02/224396,1,False
23/193334,1,False
CIA82943D4,1,False
13/42700,1,False
12/0275153,1,False
01/305824,1,False
17BA98039,1,False
03/55792,1,False
03/183578,1,False
01/398690,1,False
01/236997,1,False
15/67341,1,False
15/91620,1,False
01/76402,1,False
23/130355,1,False
04/349013,1,False
23/162201,1,False
21/25117,1,False
02/170197,1,False
22/30273,1,False
03/76944,1,False
23/153170,1,False
08/12610,1,False
01/352580,1,False
01/443280,1,False
17/38836,1,False
23/127934,1,False
0308779,1,False
23/176328,1,False
22/42423,1,False
23/126101,1,False
15/22864,1,False
16/58404,1,False
09/189929,1,False
12/21351,1,False
03161285,1,False
01/02353,1,False
12/2221,1,False
01/115148,1,False
17/5152,1,False
01/243810,1,False
07/140518,1,False
23/169020,1,False
02/112954,1,False
23/201172,1,False
01/277470,1,False
16/67393,1,False
01/85563,1,False
22/9483,1,False
01/168542,1,False
01/381003,1,False
14/179241,1,False
24/3558,1,False
18/21162,1,False
01/428890,1,False
05/68891,1,False
09/132109,1,False
09/95763,1,False
14/20129,1,False
22/68208,1,False
24/25398,1,False
23/199603,1,False
10/64445,1,False
14/46314,1,False
04/65047,1,False
04/148368,1,False
06/1112016,1,False
28/7284,1,False
03/75239,1,False
17/36014,1,False
08/05740,1,False
16/5731,1,False
01/321765,1,False
24/4444,1,False
23/49429,1,False
24/111339,1,False
01/149453,1,False
03/177069,1,False
03/92332,1,False
09/240727,1,False
24/71703,1,False
18/47053,1,False
14/77943,1,False
01/462999,1,False
01/74076,1,False
22/125204,1,False
2498912,1,False
01/359969,1,False
22/562210,1,False
03/47770,1,False
13/33230,1,False
09/197052,1,False
3/129528,1,False
01/284308,1,False
22/75562,1,False
01/193229,1,False
22/38046,1,False
03/31759,1,False
00/425441,1,False
10/37352,1,False
09/18810,1,False
23/148169,1,False
01/318827,1,False
04/110425,1,False
23/23343,1,False
02/338190,1,False
02/149323,1,False
01/473806,1,False
9633TU183,1,False
23/143326,1,False
01/79768,1,False
01/345030,1,False
01/321174,1,False
15/61748,1,False
01/478213,1,False
22/32753,1,False
07/97080,1,False
06/31823,1,False
16/76732,1,False
10/74335,1,False
04/82335,1,False
4/112710,1,False
17/45997,1,False
23/199173,1,False
04/151980,1,False
23/74237,1,False
07/99387,1,False
01/518236,1,False
01/246646,1,False
01/134361,1,False
01/501965,1,False
01/40664,1,False
22/21415,1,False
00/408594,1,False
23/151380,1,False
16/71368,1,False
02/144948,1,False
21/11068,1,False
23/37252,1,False
03/137808,1,False
24/101129,1,False
09/111739,1,False
02/159295,1,False
16/104140,1,False
22/100425,1,False
01/371005,1,False
23/53479,1,False
02/207228,1,False
22/37402,1,False
01/233716,1,False
1002740211,1,False
03/21488,1,False
01/465462,1,False
23/99390,1,False
01/520766,1,False
01/239216,1,False
00/449590,1,False
04/151455,1,False
22/ 21541,1,False
07/63890,1,False
01/465734,1,False
01/44165,1,False
01/480199,1,False
14/54067,1,False
23/87594,1,False
17/27764,1,False
02/145154,1,False
01/412862,1,False
17/27735,1,False
14/47018,1,False
07/118651,1,False
14/55118,1,False
24/45216,1,False
24/83937,1,False
09/74822,1,False
24/96523,1,False
00/320618,1,False
23/48663,1,False
12/63301,1,False
16073/10,1,False
14/21683,1,False
23/76739,1,False
22/123779,1,False
07/82389,1,False
05/131080,1,False
23/48620,1,False
14/9031,1,False
02/225540,1,False
02/179216,1,False
01450688,1,False
010450688,1,False
09/61676,1,False
01/365315,1,False
01/408168,1,False
01/289205,1,False
22/102125,1,False
10/2579,1,False
02/285015,1,False
23/137711,1,False
00/548745,1,False
01/505898,1,False
05/68190,1,False
01/425067,1,False
01/480539,1,False
14/151723,1,False
22/125922,1,False
04/79040,1,False
01/369640,1,False
09/47007,1,False
04/33470,1,False
02/124777,1,False
01/172920,1,False
01/190387,1,False
05/31421,1,False
01/239460,1,False
00/472394,1,False
09/155124,1,False
01/302103,1,False
24/73266,1,False
01/4786,1,False
01/272100,1,False
23/36313,1,False
02/306227,1,False
04/90182,1,False
01/455125,1,False
09/40980,1,False
01/491874,1,False
23/3287,1,False
27/117998,1,False
03/97590,1,False
23/99798,1,False
17/21920,1,False
01/82469,1,False
02/102319,1,False
09/158424,1,False
02/332652,1,False
01/312406,1,False
04/81721,1,False
02/144330,1,False
00/433252,1,False
10/102021,1,False
11/30115,1,False
09/8624,1,False
12/3101,1,False
02/74972,1,False
03/90149,1,False
13/014269,1,False
24/89064,1,False
22/119206,1,False
01/481979,1,False
02/63596,1,False
16/6421,1,False
01/493472,1,False
00/345745,1,False
24/74311,1,False
14/84277,1,False
07/48408,1,False
09/67021,1,False
22/19562,1,False
01/199532,1,False
09/131439,1,False
05/44122,1,False
15/172984,1,False
01/77421,1,False
17/32282,1,False
01/426812,1,False
02/159632,1,False
10/46691,1,False
03/178512,1,False
03/153813,1,False
22/95903,1,False
23/71856,1,False
24/46151,1,False
22/42662,1,False
00/349504,1,False
24/69542,1,False
01/30770,1,False
24/6474,1,False
01/474166,1,False
00/40147,1,False
09/87968,1,False
23187982,1,False
09/32596,1,False
01/101052,1,False
23/104911,1,False
02/235360,1,False
01/171541,1,False
02/285998,1,False
01/544524,1,False
00/251447,1,False
13/33406,1,False
01/282162,1,False
23/95223,1,False
07/47599,1,False
22/73354,1,False
01/94990,1,False
06/18584,1,False
03/43991,1,False
07/142892,1,False
03/87261,1,False
22/63027,1,False
01/407613,1,False
09/154744,1,False
02/63718,1,False
24/74085,1,False
09/138316,1,False
00/332455,1,False
03/141633,1,False
02/197883,1,False
23/192701,1,False
01/508506,1,False
02/070115,1,False
01/138644,1,False
23/224951,1,False
22/148172,1,False
09/157815,1,False
24/126189,1,False
03/42671,1,False
01/288476,1,False
23/161983,1,False
18/19659,1,False
01/219100,1,False
23/12941,1,False
08/54345,1,False
03/123535,1,False
24/102507,1,False
03/215946,1,False
24/106154,1,False
01/20389,1,False
03/179738,1,False
00/260198,1,False
23/10032,1,False
04/152876,1,False
01/363223,1,False
23/115121,1,False
23/23858,1,False
04/6434,1,False
24/95962,1,False
18/10916,1,False
01/526633,1,False
01/337648,1,False
08/68857,1,False
02/178594,1,False
02/1236,1,False
09/35567,1,False
00/272270,1,False
23/99097,1,False
14/22129,1,False
09/23203,1,False
02/228002,1,False
01/443894,1,False
04/94944,1,False
01/388131,1,False
16/20203,1,False
03/117632,1,False
02/68596,1,False
24/116130,1,False
23/239075,1,False
02/41532,1,False
24/33859,1,False
12/44445,1,False
16/39402,1,False
04/161434,1,False
01/51041,1,False
12/2358,1,False
04/12806,1,False
04/94782,1,False
03/122331,1,False
23/137573,1,False
17/13475,1,False
01/348134,1,False
17/46181,1,False
02/12273,1,False
23/130027,1,False
24/11311,1,False
09/101308,1,False
09/035305,1,False
16/40839,1,False
04/042882,1,False
01/306447,1,False
24/88584,1,False
03/109870,1,False
01/88562,1,False
01/518129,1,False
14/157562,1,False
02/181235,1,False
14/56335,1,False
0017108,1,False
03/208502,1,False
02/35584,1,False
14/46544,1,False
02/137796,1,False
03/29007,1,False
02/240148,1,False
02/233913,1,False
08/61479,1,False
02/131472,1,False
01/313028,1,False
08/125487,1,False
23/186268,1,False
01/247952,1,False
01/397429,1,False
02/203936,1,False
23/9697,1,False
23/9617,1,False
02/102035,1,False
23/184100,1,False
01/26683,1,False
23/199101,1,False
23/64435,1,False
02/125568,1,False
01/505277,1,False
07/158610,1,False
NON CONF,1,False
24/101885,1,False
23/190543,1,False
23136988,1,False
01/32692,1,False
03/211882,1,False
23/61157,1,False
09/196084,1,False
06/32549,1,False
21/4212,1,False
00/309965,1,False
15/26268,1,False
16/80147,1,False
08/49422,1,False
24/97952,1,False
02/108757,1,False
01/100786,1,False
01/718216,1,False
09/167462,1,False
09/200194,1,False
01/349729,1,False
01/367258,1,False
02/189990,1,False
00/380555,1,False
01/417104,1,False
05/65292,1,False
01/404379,1,False
02/246887,1,False
01/23663,1,False
2437436,1,False
01/144435,1,False
18/20091,1,False
01/511651,1,False
06/29254,1,False
01/280066,1,False
03/216125,1,False
02/281004,1,False
03/193255,1,False
23/153822,1,False
13/52552,1,False
06/20225,1,False
01/1522973,1,False
15/69381,1,False
23/108987,1,False
13/4725,1,False
23/153677,1,False
0399543,1,False
23/68695,1,False
17/1063,1,False
00/48100,1,False
05/57837,1,False
03/167928,1,False
22/46838,1,False
02/103360,1,False
14/68974,1,False
07/76043,1,False
03/67803,1,False
23/155663,1,False
23/111371,1,False
08/24165,1,False
16/3657,1,False
02/267974,1,False
15/49749,1,False
03/133352,1,False
23/100027,1,False
23/4599,1,False
01/447510,1,False
23/634210,1,False
01/260754,1,False
02/61634,1,False
01/397014,1,False
09/225564,1,False
01/285782,1,False
23/72550,1,False
03/91742,1,False
03/193190,1,False
04/67339,1,False
05/80468,1,False
01/41043,1,False
01/504990,1,False
01/475140,1,False
01/169895,1,False
24/101230,1,False
01/449011,1,False
13/14246,1,False
01/419898,1,False
02/180504,1,False
2291846,1,False
23/158204,1,False
19/11340,1,False
01/296819,1,False
14/143358,1,False
01/77293,1,False
02/150601,1,False
02/81543,1,False
01/459834,1,False
01/197870,1,False
01/402023,1,False
2/78418,1,False
04/69693,1,False
0/163414,1,False
14/84873,1,False
17/12042,1,False
04/847940,1,False
00/363371,1,False
09/235053,1,False
01/124062,1,False
08/53073,1,False
17/37190,1,False
02/50984,1,False
14/931930,1,False
24/10176,1,False
24/87992,1,False
01/213010,1,False
01/470813,1,False
05/55904,1,False
04/105630,1,False
00278284,1,False
15/83161,1,False
15/5236,1,False
03/166609,1,False
03/137562,1,False
01/145884,1,False
22/08240,1,False
01/494063,1,False
04/174061,1,False
10/38556,1,False
01/144608,1,False
01/542800,1,False
24/57971,1,False
16/46794,1,False
01/275660,1,False
14/21455,1,False
02/106148,1,False
00/302417,1,False
17/53860,1,False
01/515502,1,False
23/24624,1,False
15/49862,1,False
19/42782,1,False
24/112082,1,False
16/3094,1,False
01/261536,1,False
01/270231,1,False
14/45522,1,False
00/376366,1,False
24/33190,1,False
22/41038,1,False
10/55944,1,False
16/47863,1,False
23/196830,1,False
23/176648,1,False
01/460030,1,False
01295880,1,False
23/154217,1,False
24/44818,1,False
02/168803,1,False
02/271521,1,False
00/477079,1,False
23/179592,1,False
02/215524,1,False
15/85265,1,False
8/105862,1,False
21/30748,1,False
09/167259,1,False
09/201267,1,False
01/262404,1,False
01/109246,1,False
01/185128,1,False
03/101344,1,False
01/196805,1,False
02/30336,1,False
03/82782,1,False
09/25238,1,False
19/11578,1,False
14/23124,1,False
02/45036,1,False
07/35647,1,False
09/176847,1,False
24/9796,1,False
2271010,1,False
03/56970,1,False
24/101539,1,False
15/101150,1,False
23191202,1,False
23/105779,1,False
09/82945,1,False
23192851,1,False
02/158528,1,False
00/383227,1,False
23/151275,1,False
02/100806,1,False
D7309059,1,False
03/122486,1,False
23/117080,1,False
01/260522,1,False
14/140272,1,False
03/199852,1,False
02/300934,1,False
00/467775,1,False
23/192443,1,False
23/97115,1,False
01/421063,1,False
03/162467,1,False
01/373720,1,False
14/64310,1,False
01/511289,1,False
02/147755,1,False
14/99743,1,False
12/59939,1,False
02/23091,1,False
01/30712,1,False
01/201200,1,False
00/376742,1,False
05/41904,1,False
07/42286,1,False
23/66333,1,False
09/89378,1,False
14/135801,1,False
14/40567,1,False
24/131197,1,False
01/160677,1,False
22/120405,1,False
01/314756,1,False
02/1688,1,False
01/462305,1,False
22/169448,1,False
20/6452,1,False
21/52520,1,False
07/139870,1,False
07/163221,1,False
07/187336,1,False
01/262523,1,False
01/436866,1,False
09/20441,1,False
08/59410,1,False
24/113830,1,False
23/217860,1,False
01/135649,1,False
23/159054,1,False
04/11104,1,False
22/138592,1,False
00/145255,1,False
03/57074,1,False
11/73332,1,False
18/32947,1,False
02/308420,1,False
23/62206,1,False
02/214212,1,False
22/70614,1,False
17/32221,1,False
22/53590,1,False
02/21232,1,False
01/457223,1,False
03/67007,1,False
03/38603,1,False
01/433226,1,False
24/118657,1,False
09/150047,1,False
24/54940,1,False
01/61329,1,False
17/16313,1,False
02/296581,1,False
13/4727,1,False
04/54503,1,False
40/1384,1,False
01/131226,1,False
23/80806,1,False
17/41028,1,False
02/177828,1,False
02/147055,1,False
05/31000,1,False
22/43002,1,False
02/247282,1,False
23/168638,1,False
00/254785,1,False
02/207868,1,False
02/277462,1,False
02/86597,1,False
23/189316,1,False
15/97364,1,False
01/413639,1,False
21/082012,1,False
22/145751,1,False
23/50981,1,False
22/35802,1,False
01/3023292,1,False
2394019,1,False
07/43342,1,False
10/26967,1,False
15/85746,1,False
00/362645,1,False
00/319759,1,False
21/22981,1,False
04/41664,1,False
01/326253,1,False
00/275550,1,False
02/41931,1,False
01/344969,1,False
24/25878,1,False
01/331259,1,False
01/148787,1,False
23/72568,1,False
00/1389313,1,False
07/49932,1,False
01/231757,1,False
02/080794,1,False
02/282968,1,False
24/121810,1,False
24/119267,1,False
17/39460,1,False
04/78805,1,False
43/3329,1,False
18/48954,1,False
01/36728,1,False
23/22685,1,False
22/128302,1,False
02/211103,1,False
02/235723,1,False
02/15282,1,False
02/221264,1,False
10/41730,1,False
09/153072,1,False
01/521166,1,False
02/224532,1,False
01/273538,1,False
00/394504,1,False
01/363870,1,False
01/444625,1,False
22/156973,1,False
23114696,1,False
05/55033,1,False
01/200261,1,False
23/9945,1,False
01/240451,1,False
01/181368,1,False
22/78882,1,False
01/410671,1,False
02/225173,1,False
08/7230,1,False
22/109908,1,False
23/71789,1,False
03/183048,1,False
22/18519,1,False
01/484924,1,False
09/108783,1,False
03/665045,1,False
23/35249,1,False
23/229810,1,False
04/8729,1,False
18/14506,1,False
23/145772,1,False
01/386371,1,False
00/87439,1,False
09/49703,1,False
04/100504,1,False
23/52806,1,False
03146574,1,False
14/116657,1,False
23201483,1,False
06/18116,1,False
01/362531,1,False
07/93704,1,False
05/77174,1,False
02/252882,1,False
14/117701,1,False
24/65246,1,False
23/64782,1,False
01/195707,1,False
14/54922,1,False
23/105382,1,False
01/10518,1,False
03/4437,1,False
01/401547,1,False
01/514750,1,False
24/65926,1,False
14/142266,1,False
00/279719,1,False
21/28989,1,False
07/88250,1,False
02128402,1,False
22/39565,1,False
01/464018,1,False
15/25646,1,False
09/65195,1,False
20/22660,1,False
20/38860,1,False
24/44063,1,False
10/41270,1,False
7 44916,1,False
22/93751,1,False
323/293997,1,False
02/234352,1,False
00/348191,1,False
16/97208,1,False
02/318134,1,False
04/120433,1,False
90/141134,1,False
01/246944,1,False
05/13741,1,False
23/53465,1,False
23/141062,1,False
23/30883,1,False
02/242833,1,False
15/62662,1,False
07/136010,1,False
09/19604,1,False
01/494661,1,False
22/45742,1,False
23/84500,1,False
02/263129,1,False
02/59015,1,False
01/205900,1,False
00/205900,1,False
14/157413,1,False
24/55466,1,False
23/70459,1,False
01/305543,1,False
24/34533,1,False
05/66063,1,False
11/59636,1,False
15/4200,1,False
24/119249,1,False
24/57433,1,False
02/173401,1,False
22/27058,1,False
00/332139,1,False
23/55417,1,False
23/35511,1,False
16/80162,1,False
09/128433,1,False
01/298219,1,False
15/18801,1,False
15/8801,1,False
03/119991,1,False
05/9395,1,False
24/7973,1,False
03/160385,1,False
02/152001,1,False
02/52613,1,False
10/43003,1,False
01/137321,1,False
02/61227,1,False
17/16521,1,False
24/59512,1,False
03132143,1,False
01/16558,1,False
01/80336,1,False
00/428886,1,False
01/123383,1,False
02/192507,1,False
22/211376,1,False
23/104101,1,False
2325912,1,False
01/3347,1,False
24/126314,1,False
01/511432,1,False
04/37301,1,False
23/201303,1,False
23/111405,1,False
03/134806,1,False
14/35761,1,False
03/057960,1,False
18/49144,1,False
02/279881,1,False
08/29275,1,False
00/548751,1,False
00/147854,1,False
22/31750,1,False
23/170438,1,False
0326382,1,False
09/38939,1,False
09/24278,1,False
01/464616,1,False
04/85141,1,False
23/85965,1,False
01/420799,1,False
23/73777,1,False
23/128721,1,False
14/128401,1,False
17/40022,1,False
22/71517,1,False
01/11968,1,False
23/76217,1,False
04/84849,1,False
14/100320,1,False
18121984,1,False
00/189222,1,False
07/117669,1,False
21/722122,1,False
02/055921,1,False
23/230390,1,False
07/162827,1,False
24/6703,1,False
01/208744,1,False
07/22465,1,False
12/42293,1,False
14/54621,1,False
23/102226,1,False
08/37096,1,False
0145287,1,False
06/20555,1,False
04/6253,1,False
23/23751,1,False
23/89065,1,False
02/136161,1,False
23/142710,1,False
03/213136,1,False
13/19438,1,False
14/131241,1,False
23/138009,1,False
15/35100,1,False
23/190008,1,False
01/486842,1,False
14/42178,1,False
08/73659,1,False
03/69084,1,False
09/131630,1,False
02/89569,1,False
24/41492,1,False
01/151066,1,False
03/142981,1,False
22/46615,1,False
04/61784,1,False
04/39074,1,False
03/216240,1,False
23/80319,1,False
06/57978,1,False
19/14911,1,False
04/2121,1,False
02/142273,1,False
09/32266,1,False
16/29321,1,False
14/118217,1,False
22/48522,1,False
09/203542,1,False
07/20949,1,False
22/135785,1,False
23/47239,1,False
01/477190,1,False
24/72496,1,False
01/452142,1,False
01/87854,1,False
01/42150,1,False
01/26942,1,False
17/2289,1,False
01/496939,1,False
24/91148,1,False
03/103188,1,False
07/74464,1,False
24/119872,1,False
24/149550,1,False
04/27171,1,False
07/60197,1,False
14/1254,1,False
22/45850,1,False
21/34861,1,False
22/19918,1,False
23/152645,1,False
23/199836,1,False
23/51540,1,False
17/28325,1,False
01/524308,1,False
17/43641,1,False
04/123118,1,False
04/165786,1,False
01/500911,1,False
14/137929,1,False
09/87783,1,False
03/213557,1,False
02/254375,1,False
23/65538,1,False
03/175416,1,False
24/26209,1,False
22/11874,1,False
24/46809,1,False
00/311272,1,False
02/26475,1,False
06/45628,1,False
24/140021,1,False
02/196727,1,False
24/00189,1,False
24/95401,1,False
07/150197,1,False
03/81041,1,False
01/413896,1,False
02/145976,1,False
01/152649,1,False
24/157103,1,False
24/44506,1,False
01/11569,1,False
07/141706,1,False
18/13432,1,False
24/43955,1,False
02/51083,1,False
23/52140,1,False
04/162105,1,False
16/75299,1,False
05/33034,1,False
02/263175,1,False
02/9412021,1,False
02/190885,1,False
07/48185,1,False
01/347066,1,False
02/212924,1,False
02/210782,1,False
14/65375,1,False
02/184299,1,False
20/14208,1,False
23/143118,1,False
01/85156,1,False
9404941008,1,False
09/110274,1,False
23/159306,1,False
23/130471,1,False
01/78721,1,False
00459601,1,False
00/459601,1,False
09/130153,1,False
01/173276,1,False
14/52163,1,False
22/120506,1,False
45/9371226,1,False
24/53833,1,False
02/106904,1,False
14/141736,1,False
11/392007,1,False
22/49890,1,False
01/359204,1,False
760575150,1,False
01/285336,1,False
07/35452,1,False
24/94587,1,False
02/77101,1,False
01/495285,1,False
03/197250,1,False
24/9322,1,False
21/004623,1,False
01/77838,1,False
NO NFOURNI,1,False
01/388716,1,False
01/555350,1,False
17/40907,1,False
23/195542,1,False
01/514142,1,False
22/15653,1,False
22/1571,1,False
01/248050,1,False
23/147356,1,False
10/49678,1,False
01/384830,1,False
01/149758,1,False
23/132039,1,False
04/94633,1,False
23/192821,1,False
24/24870,1,False
24/42080,1,False
01/407736,1,False
07/27418,1,False
23/173057,1,False
01/284737,1,False
17/51983,1,False
00/472227,1,False
23/18393,1,False
01/130031,1,False
14/153425,1,False
14/18686,1,False
01/257252,1,False
03/177720,1,False
22852117,1,False
01/78874,1,False
09/191520,1,False
02/189111,1,False
02/181379,1,False
23/105972,1,False
04/47197,1,False
02/172699,1,False
06/649637,1,False
04/118301,1,False
00/402631,1,False
01/513730,1,False
17/45225,1,False
24/10590,1,False
22/76211,1,False
22/75276,1,False
23/133280,1,False
01/389290,1,False
09/34101,1,False
00/247910,1,False
00/453797,1,False
23/133983,1,False
03/180077,1,False
24/98466,1,False
05/88207,1,False
01/355137,1,False
01135176,1,False
23/147789,1,False
01/203923,1,False
01/203929,1,False
14/130662,1,False
05/74707,1,False
24/38324,1,False
03/17036,1,False
01/164127,1,False
22/31043,1,False
17/1107,1,False
04/126111,1,False
15/22483,1,False
04/47588,1,False
8702751105,1,False
15/30462,1,False
29/154910,1,False
23/195767,1,False
14/57242,1,False
14/141251,1,False
01/454289,1,False
23/9023,1,False
23/41278,1,False
22/10604,1,False
01/242731,1,False
23/185755,1,False
01/0237712,1,False
00/385382,1,False
00/291990,1,False
22/93440,1,False
04/119256,1,False
15/59515,1,False
02/28496,1,False
02/88496,1,False
01/376165,1,False
02/146254,1,False
04/44729,1,False
01/494946,1,False
14/78700,1,False
15/45896,1,False
01/499690,1,False
23/25531,1,False
01/161171,1,False
1700178,1,False
23/109735,1,False
18/011277,1,False
18/40883,1,False
16/46944,1,False
01/252559,1,False
03/121134,1,False
03212295,1,False
22/47880,1,False
01/250242,1,False
02/224840,1,False
03/69475,1,False
0/1265140,1,False
0123720,1,False
02/53599,1,False
01/306081,1,False
07/64980,1,False
00/47298,1,False
32/32978,1,False
01/463561,1,False
14/65944,1,False
22/13598,1,False
01/43850,1,False
07/11110,1,False
01/373658,1,False
19/26806,1,False
04/135786,1,False
09/51345,1,False
24/145870,1,False
15/48042,1,False
16/42107,1,False
23/115482,1,False
03/112370,1,False
23/21344,1,False
24/81333,1,False
01383551,1,False
01/15175,1,False
01/410364,1,False
06/ 793551,1,False
23/197024,1,False
03/63632,1,False
01/112504,1,False
01/282242,1,False
07/20810,1,False
23/82334,1,False
01/157599,1,False
23060636,1,False
17/53387,1,False
24/27624,1,False
07/64532,1,False
23/59055,1,False
09/219564,1,False
24/16593,1,False
23/57540,1,False
02/273281,1,False
00/351930,1,False
16/16237,1,False
01/4916420,1,False
02/95975,1,False
14/113708,1,False
14/128825,1,False
07/120159,1,False
01/529970,1,False
00/205985,1,False
1/484176,1,False
24/43449,1,False
12/58978,1,False
23/239848,1,False
23/106555,1,False
01/444443,1,False
21/49642,1,False
14/12617,1,False
11/7325,1,False
01/197846,1,False
09/215878,1,False
22/137658,1,False
01/386841,1,False
01/235489,1,False
24/110513,1,False
09/76966,1,False
116202486,1,False
22/34008,1,False
07/185884,1,False
01/452727,1,False
01/332553,1,False
02/177981,1,False
01/521313,1,False
23/123650,1,False
01/382034,1,False
01/214710,1,False
24/120512,1,False
24/71095,1,False
02/127095,1,False
10/9771,1,False
23/177874,1,False
14/14521,1,False
03/65732,1,False
00/358021,1,False
24/11399,1,False
21/39188,1,False
01/184942,1,False
23/110880,1,False
01/523394,1,False
00/12541,1,False
03/158142,1,False
12/1254,1,False
09/155285,1,False
15/83192,1,False
14/29777,1,False
01/517854,1,False
24/128599,1,False
04/122158,1,False
02/1185,1,False
01/307041,1,False
23/35033,1,False
10/10757,1,False
22/17861,1,False
23/186033,1,False
03102425,1,False
01/396225,1,False
23/205772,1,False
17/27896,1,False
17/27996,1,False
01/112981,1,False
23/56820,1,False
23/54820,1,False
24/139118,1,False
02/267207,1,False
09/9968,1,False
05/490010,1,False
10/78752,1,False
24/111590,1,False
14/183838,1,False
09/59897,1,False
14/162546,1,False
15/45287,1,False
01/85613,1,False
22/122297,1,False
22/102947,1,False
03/146623,1,False
01/324600,1,False
01/65187,1,False
01/364862,1,False
13/7393,1,False
02/216143,1,False
00/283140,1,False
04/129158,1,False
02/188577,1,False
01/501726,1,False
02/131665,1,False
01/163435,1,False
09/246188,1,False
04/64446,1,False
07/5731,1,False
03/217151,1,False
01/24541,1,False
11/15624,1,False
20/1233,1,False
01/520397,1,False
14/67466,1,False
23/162243,1,False
02/257918,1,False
22/9107,1,False
05/54349,1,False
02/48129,1,False
23/120363,1,False
24/126052,1,False
22/23639,1,False
24/44094,1,False
02/218999,1,False
01/202912,1,False
03/147794,1,False
02/144014,1,False
02/243640,1,False
04/70606,1,False
23/119414,1,False
5/51996,1,False
08/72694,1,False
09/48681,1,False
07/53133,1,False
07/146088,1,False
2436945,1,False
02/25967,1,False
23/42336,1,False
22/9756,1,False
23/116459,1,False
01/317520,1,False
23/78829,1,False
01/58462,1,False
17/23312,1,False
01/204605,1,False
01/214854,1,False
14/166609,1,False
02/115889,1,False
24/58434,1,False
04/92678,1,False
03/35025,1,False
01/528310,1,False
01/124680,1,False
22/68783,1,False
01/428447,1,False
11/164806,1,False
01/81329,1,False
24/89271,1,False
02/232251,1,False
03/107904,1,False
22/63980,1,False
00/386691,1,False
13/56099,1,False
16/53737,1,False
01/1813,1,False
01/57925,1,False
01/120447,1,False
07/119519,1,False
24120160,1,False
01/526014,1,False
01/380896,1,False
10/53699,1,False
15/81814,1,False
15/104381,1,False
02/18569,1,False
02/137567,1,False
02/144531,1,False
01/282513,1,False
02/309943,1,False
01/739197,1,False
24/1642,1,False
23/63972,1,False
21/43247,1,False
04/55385,1,False
11/26542,1,False
02/188699,1,False
02/306827,1,False
02/238065,1,False
11/15874,1,False
04/062083,1,False
15/28255,1,False
22/13199,1,False
07/159026,1,False
22/124192,1,False
01/533587,1,False
02/210308,1,False
01/465569,1,False
01/252973,1,False
01/290295,1,False
02/51281,1,False
16/40060,1,False
4/12346,1,False
17/125124,1,False
14/1333673,1,False
01/523963,1,False
10/34563,1,False
00/249384,1,False
07/79904,1,False
04/65832,1,False
02/40600,1,False
01/143189,1,False
03/93482,1,False
01/532053,1,False
22/4464,1,False
00/453769,1,False
01/417698,1,False
23/26771,1,False
24/123722,1,False
01/499680,1,False
21/6334,1,False
03/161014,1,False
2427148,1,False
01/153010,1,False
8206923109,1,False
01/122697,1,False
00/457125,1,False
01/229184,1,False
02/259316,1,False
24/41570,1,False
01/60070,1,False
08/79046,1,False
03/115193,1,False
09/127114,1,False
22/58035,1,False
22/112709,1,False
00/520511,1,False
14/164027,1,False
05/10982,1,False
02/114767,1,False
07/172215,1,False
01/157020,1,False
21/66091,1,False
08/734174,1,False
02/180277,1,False
02/197140,1,False
22/78039,1,False
01/42513,1,False
02/191552,1,False
01/95627,1,False
23/45271,1,False
07/115810,1,False
07/5479,1,False
23/202724,1,False
03/232041,1,False
22/90056,1,False
24/115482,1,False
07142905,1,False
23/10906,1,False
23/204517,1,False
03/6741,1,False
02/63834,1,False
09/173855,1,False
01/789321,1,False
22/103284,1,False
01/428071,1,False
02/2314,1,False
14/49188,1,False
16/26547,1,False
04/161675,1,False
0762216,1,False
05/50006,1,False
01/18361,1,False
10/36424,1,False
00/364688,1,False
02/159357,1,False
15/99195,1,False
23/79669,1,False
00/1111111,1,False
24/114624,1,False
07/103241,1,False
00/463262,1,False
14/75926,1,False
23/182072,1,False
08/7861,1,False
11/1212,1,False
01/140461,1,False
01/40411,1,False
01/140441,1,False
01/141377,1,False
21/9628,1,False
01/166582,1,False
23/67491,1,False
01/463685,1,False
01/94674,1,False
23/159378,1,False
01/427085,1,False
02/106807,1,False
23/196033,1,False
02/311794,1,False
17/14362,1,False
15/47739,1,False
02/260765,1,False
14/60755,1,False
01/225243,1,False
04/112436,1,False
01/437412,1,False
00/257382,1,False
22/111004,1,False
23/154306,1,False
01/567404,1,False
01/487351,1,False
17/97177,1,False
17/97171,1,False
01/295421,1,False
22/117060,1,False
2/117060,1,False
02/102942,1,False
02/178398,1,False
01/331212,1,False
02/261725,1,False
23/195059,1,False
01/5103000,1,False
09/179910,1,False
23/134013,1,False
13/827901,1,False
01/186216,1,False
17/37484,1,False
28/12145,1,False
02/208383,1,False
00/200897,1,False
03/37825,1,False
12/5817,1,False
10/23473,1,False
01/435465,1,False
24/24495,1,False
01/527231,1,False
03/149360,1,False
15/41671,1,False
24/132693,1,False
05/092008,1,False
03/154291,1,False
01/227311,1,False
01/5472135,1,False
04/74441,1,False
03/110446,1,False
24/116864,1,False
01/48032,1,False
22/98875,1,False
23/110572,1,False
24/42172,1,False
24/100476,1,False
20/28057,1,False
14/44726,1,False
02/113216,1,False
01/260817,1,False
09/216200,1,False
01/277376,1,False
03/91731,1,False
03/45195,1,False
15/153688,1,False
01/415156,1,False
0222430,1,False
15/11448,1,False
14/153857,1,False
24/47144,1,False
19/30680,1,False
01/427238,1,False
24/73050,1,False
23/180495,1,False
01/319515,1,False
01/40220,1,False
01/432146,1,False
01/403840,1,False
00487863,1,False
09/102298,1,False
01/180988,1,False
01/405472,1,False
07/8104,1,False
24/135659,1,False
2257313,1,False
01/15722,1,False
09/211027,1,False
01/429901,1,False
01/236824,1,False
01/441833,1,False
06/28182,1,False
02/85550,1,False
22/24927,1,False
21/7917,1,False
05/33971,1,False
03/32185,1,False
10/5460,1,False
23/146165,1,False
27/711996,1,False
23/128097,1,False
01/202764,1,False
01/370942,1,False
24/26434,1,False
03/168908,1,False
04/83512,1,False
02/122375,1,False
01/178096,1,False
09/65561,1,False
01/274128,1,False
23/74005,1,False
21/16808,1,False
03/157099,1,False
10/63143,1,False
02/137227,1,False
22/146600,1,False
01/451425,1,False
09/64637,1,False
2330021,1,False
02/186666,1,False
23/113315,1,False
04/126378,1,False
02/189459,1,False
02/104980,1,False
09/141129,1,False
01/240609,1,False
24/96324,1,False
24/36324,1,False
09/77918,1,False
05/76459,1,False
NON DEFINI,1,False
03/194631,1,False
24/16930,1,False
14/27510,1,False
23148583,1,False
02/213476,1,False
01/428099,1,False
24/83423,1,False
17/5851,1,False
22/122950,1,False
23/19793,1,False
18/22077,1,False
24/35798,1,False
16/41645,1,False
04/160310,1,False
22/70146,1,False
09/73147,1,False
01/235628,1,False
02/300317,1,False
23/164436,1,False
08/6054,1,False
02/310085,1,False
00/644322,1,False
09/203950,1,False
02/31397,1,False
01/90637,1,False
09/54477,1,False
20/26069,1,False
04/461799,1,False
01/305224,1,False
23/163484,1,False
00/380792,1,False
24/143664,1,False
02/161977,1,False
22/124677,1,False
01/443644,1,False
23/63269,1,False
01/20121,1,False
23/202221,1,False
01/15587,1,False
24/133938,1,False
02/273868,1,False
22/56372,1,False
04/95236,1,False
02/111312,1,False
23/142531,1,False
03/224383,1,False
24/111900,1,False
01/32477,1,False
04/122007,1,False
23/145471,1,False
01/17374,1,False
01/109600,1,False
22/46739,1,False
22/135930,1,False
04/82702,1,False
24/42821,1,False
08/73601,1,False
02/288210,1,False
23/59860,1,False
11/15396,1,False
24/31407,1,False
23/152137,1,False
09/215214,1,False
24/77597,1,False
01/279804,1,False
22/35822,1,False
20/31030,1,False
24/131861,1,False
15/58803,1,False
22/12736,1,False
03/166227,1,False
22/19191,1,False
14/111388,1,False
01/316476,1,False
17/28423,1,False
2281146,1,False
01/231774,1,False
01/366048,1,False
04/88227,1,False
24/13255,1,False
01/524877,1,False
05/79338,1,False
24/116982,1,False
24/75290,1,False
03/184491,1,False
10/25134,1,False
01/399756,1,False
02/154738,1,False
14/48355,1,False
00/420360,1,False
23/30225,1,False
01/260052,1,False
02/255326,1,False
01/523574,1,False
03/165773,1,False
01/501449,1,False
23/2020299,1,False
08/32725,1,False
10/82781,1,False
23/79850,1,False
01/41475,1,False
01/526582,1,False
01/396206,1,False
22/63804,1,False
02/216536,1,False
23/70451,1,False
03/77632,1,False
01/22544,1,False
23/100333,1,False
01/362104,1,False
01/509928,1,False
01/293207,1,False
02/254700,1,False
04/166543,1,False
01/464980,1,False
16/69237,1,False
03/23505,1,False
24/109527,1,False
09/19876,1,False
01/464680,1,False
24/67413,1,False
24/120046,1,False
04/71107,1,False
22/134435,1,False
23103751,1,False
09/68298,1,False
01/480725,1,False
2381026,1,False
14/124355,1,False
01/123067,1,False
17/47175,1,False
01/426466,1,False
23/043783,1,False
14/36539,1,False
17/46676,1,False
01/37057,1,False
02/212366,1,False
03/133920,1,False
23/210193,1,False
14 73789,1,False
03/87714,1,False
02/96096,1,False
03/192710,1,False
22/119308,1,False
09/28631,1,False
01/185597,1,False
02/206910,1,False
23/54494,1,False
01/262827,1,False
22/122247,1,False
24/117224,1,False
00/14574,1,False
03/107130,1,False
03112249,1,False
24/58737,1,False
23/225956,1,False
14/5338,1,False
04/166326,1,False
24/174021,1,False
01/478358,1,False
03/226676,1,False
01/535220,1,False
15/31733,1,False
03/218256,1,False
02/184566,1,False
24/54748,1,False
24/86100,1,False
23/21521,1,False
22/148094,1,False
23/31501,1,False
01/524207,1,False
01/365950,1,False
02/168706,1,False
02/0095709,1,False
02/295747,1,False
07/11514,1,False
02/280436,1,False
04/17573,1,False
01/13986,1,False
01/55641,1,False
15/42639,1,False
09/156513,1,False
01121604,1,False
18/35440,1,False
02/129085,1,False
03/93956,1,False
00/37065,1,False
05/68990,1,False
24/75624,1,False
01/307008,1,False
03/223595,1,False
17/11308,1,False
15/120382,1,False
00173252,1,False
22/2694,1,False
09/185800,1,False
24/37007,1,False
14/29005,1,False
01/316420,1,False
01512494,1,False
02/156241,1,False
01/100686,1,False
24/103129,1,False
01/21412,1,False
01/436767,1,False
22/725486,1,False
01/364782,1,False
24/28910,1,False
03/20605,1,False
02/15051,1,False
23/192453,1,False
21082013,1,False
23/187535,1,False
22/123638,1,False
01/0474923,1,False
15/93315,1,False
01/51159,1,False
23/13505,1,False
24/88914,1,False
PRS263785J,1,False
24/42423,1,False
15/105796,1,False
03/186842,1,False
01/306448,1,False
15/83812,1,False
01/149097,1,False
15/94731,1,False
09/201606,1,False
24/128011,1,False
07/109486,1,False
20/10583,1,False
04/78632,1,False
10/62808,1,False
22/7096,1,False
03/121709,1,False
00/420520,1,False
01/376581,1,False
21/3323,1,False
12/29660,1,False
09/19507,1,False
3634781,1,False
A180508184,1,False
24/57785,1,False
01/21033,1,False
0025889957,1,False
04/142643,1,False
24/7449,1,False
23/68531,1,False
22/131565,1,False
01/115425,1,False
19/112019,1,False
20/17198,1,False
04/166860,1,False
01/292936,1,False
09/105073,1,False
24/47896,1,False
03/170419,1,False
23/55485,1,False
01/368446,1,False
02/101010,1,False
03/36871,1,False
09/124093,1,False
01/339643,1,False
09/64643,1,False
03/239819,1,False
03/6274,1,False
22/5172,1,False
01/332715,1,False
08/53591,1,False
00/364172,1,False
03/108442,1,False
04/45132,1,False
01/467295,1,False
01/223841,1,False
01/299771,1,False
22/88465,1,False
00/457052,1,False
23/114585,1,False
04/71241,1,False
23/73799,1,False
05/23606,1,False
05/457845,1,False
05/186185,1,False
03/16865,1,False
04/63087,1,False
04/126444,1,False
19/6775,1,False
22/126520,1,False
23/210943,1,False
05/020652,1,False
06/3831,1,False
02/206082,1,False
15/27470,1,False
4 149389,1,False
01/212968,1,False
03/43169,1,False
24/44997,1,False
24/27975,1,False
01/319219,1,False
13/29684,1,False
01/55366,1,False
22/23044,1,False
03/1359,1,False
03/196079,1,False
14/103920,1,False
09/212679,1,False
02/84810,1,False
23/145448,1,False
01/512537,1,False
22/82319,1,False
02/313141,1,False
07/101094,1,False
02/298788,1,False
01/395691,1,False
01/480370,1,False
22/17910,1,False
23/42008,1,False
01/106321,1,False
03/152251,1,False
01/305349,1,False
03/129170,1,False
23/175117,1,False
00/566110,1,False
0/21232,1,False
19/22004,1,False
02/270512,1,False
08/74556,1,False
01/399979,1,False
00/424885,1,False
23/86219,1,False
03/176935,1,False
02/27094,1,False
23/185574,1,False
10/48754,1,False
15/25758,1,False
09/48673,1,False
22/97710,1,False
23/116041,1,False
23/168383,1,False
14/133907,1,False
15/51578,1,False
02/65166,1,False
02/166537,1,False
01/307011,1,False
02/98925,1,False
16/33443,1,False
06/35231,1,False
23/173721,1,False
23/13183,1,False
08/57128,1,False
24/68330,1,False
03/13482,1,False
23/13511,1,False
23/135110,1,False
29/114254,1,False
01/2312,1,False
02/195908,1,False
24/76879,1,False
02/184482,1,False
24/56290,1,False
24/1138843,1,False
23/180420,1,False
03/84140,1,False
17/25463,1,False
02/202447,1,False
03/159652,1,False
03/74304,1,False
01/145629,1,False
00/407517,1,False
08/86565,1,False
22/42123,1,False
14/1693207,1,False
00/404887,1,False
19/11566,1,False
18/30102,1,False
22/8754,1,False
23/208194,1,False
03/159779,1,False
23/17079,1,False
02/332654,1,False
24/86527,1,False
09/125320,1,False
01/426460,1,False
03/208677,1,False
22/17366,1,False
10/19405,1,False
01/159331,1,False
01/947612,1,False
18/52178,1,False
22/85559,1,False
22/67165,1,False
02/2135,1,False
14/145720,1,False
09/53295,1,False
01/89644,1,False
01/165384,1,False
09/107572,1,False
15/95846,1,False
22/83424,1,False
03/075960,1,False
01/317452,1,False
13/39219,1,False
01/41011,1,False
24/15372,1,False
23/195504,1,False
01/515723,1,False
02/26108,1,False
02/24318,1,False
14/54857,1,False
02/205792,1,False
15/124912,1,False
01/403535,1,False
02/78926,1,False
16/64358,1,False
01/494011,1,False
06/44753,1,False
24/80858,1,False
01/196416,1,False
16/68924,1,False
23/138905,1,False
03/123370,1,False
02/227164,1,False
03/192911,1,False
11/38944,1,False
02/34340,1,False
01/288561,1,False
22/0088,1,False
02/254517,1,False
23/219182,1,False
01/333926,1,False
04/10293,1,False
03/33790,1,False
23/168494,1,False
12/21541,1,False
01/92459,1,False
21/22214,1,False
20/17149,1,False
24/70864,1,False
22/77928,1,False
23/160768,1,False
01/37607,1,False
05/002466,1,False
22/124884,1,False
22/27318,1,False
00/27318,1,False
19/9277,1,False
00/300643,1,False
09/218088,1,False
23/112799,1,False
00/437484,1,False
01/105621,1,False
23/243033,1,False
23/208334,1,False
09/94264,1,False
01/370032,1,False
22/74353,1,False
23/40501,1,False
00/54125,1,False
03/83918,1,False
23/2032038,1,False
02/130293,1,False
01/330221,1,False
01/517943,1,False
02/195900,1,False
02/159123,1,False
02/36521,1,False
01/527620,1,False
01/54810,1,False
02/67432,1,False
02/9572,1,False
14/58416,1,False
02/156576,1,False
02/69457,1,False
02/239721,1,False
16/80987,1,False
22/146450,1,False
22/20006,1,False
01/344946,1,False
14/54521,1,False
01/55150,1,False
24/116229,1,False
24/125028,1,False
02/116379,1,False
22/176880,1,False
24/74260,1,False
01/287504,1,False
15/49908,1,False
02/31739,1,False
02/166577,1,False
02/2535 63,1,False
01/485509,1,False
02/246092,1,False
23/177028,1,False
04/180349,1,False
02/163702,1,False
22/60541,1,False
01/260172,1,False
00/65874,1,False
02/21549,1,False
01/151360,1,False
01345322,1,False
L00649621,1,False
24/21370,1,False
05/20809,1,False
22/86465,1,False
04/0742300,1,False
16/7887,1,False
02/203562,1,False
01/361570,1,False
23/194321,1,False
24/131479,1,False
01/153325,1,False
02/250854,1,False
22/10751,1,False
23/183052,1,False
02/6656,1,False
22/80304,1,False
01/286269,1,False
02/113192,1,False
23/42714,1,False
07/154281,1,False
01/168986,1,False
21/1088,1,False
08/32698,1,False
01/503941,1,False
03/13320,1,False
02/87413,1,False
24/41681,1,False
16/29742,1,False
00/4528577,1,False
04/118195,1,False
04/95290,1,False
00/270279,1,False
01/227962,1,False
23/223711,1,False
04/30928,1,False
23/49646,1,False
22/50088,1,False
08/65352,1,False
16/21626,1,False
23/16254,1,False
01/348664,1,False
01/441624,1,False
01/12129,1,False
02/219993,1,False
24/32198,1,False
02/4961,1,False
02/306630,1,False
17/63245,1,False
15/117550,1,False
01/530795,1,False
23/48021,1,False
24/121990,1,False
24/103426,1,False
00/390895,1,False
14/67766,1,False
17/27512,1,False
01/1253697,1,False
24/125373,1,False
23/398001,1,False
3 39801,1,False
03/10734,1,False
04/141730,1,False
03/30668,1,False
23/222363,1,False
05/102915,1,False
03/185130,1,False
02/26109,1,False
03/854125,1,False
14/62725,1,False
23/91945,1,False
00/433065,1,False
04/124452,1,False
01/331361,1,False
22/112296,1,False
01/297489,1,False
02/176297,1,False
01/307435,1,False
01/361363,1,False
02/97759,1,False
03/150469,1,False
02/201111,1,False
00/57498,1,False
01/341674,1,False
09/214848,1,False
00/33524,1,False
01/510488,1,False
23/26800,1,False
2757880034,1,False
01/458296,1,False
02/268180,1,False
02/232470,1,False
02/305493,1,False
02/46624,1,False
01/207575,1,False
10/15178,1,False
02/136010,1,False
02/24386,1,False
01/512066,1,False
00/428080,1,False
0186814,1,False
24/76942,1,False
07/129493,1,False
01/401903,1,False
02/58294,1,False
22/87702,1,False
24/56868,1,False
00/327083,1,False
01/623273,1,False
00/387083,1,False
04/10221,1,False
00/376556,1,False
22/146067,1,False
04/136166,1,False
01/122099,1,False
01/220159,1,False
01/516485,1,False
01/247587,1,False
22/101306,1,False
02/196695,1,False
01/55333,1,False
02/69700,1,False
23/112566,1,False
02/115605,1,False
04/142639,1,False
01/369278,1,False
24/150817,1,False
00/163653,1,False
02/8255,1,False
01/209360,1,False
233 127694,1,False
24/79602,1,False
23/175771,1,False
22/65068,1,False
14/149259,1,False
01/24479,1,False
10/30292,1,False
03/205370,1,False
04/110660,1,False
01/486487,1,False
15/103075,1,False
01/03690,1,False
22/113764,1,False
01/499692,1,False
24/114645,1,False
18/42963,1,False
22/46650,1,False
00/12548,1,False
23/202959,1,False
22/72879,1,False
22/127106,1,False
09/152005,1,False
00/333451,1,False
00/477303,1,False
03/129069,1,False
24/70655,1,False
22/10123,1,False
15/22722,1,False
24/104592,1,False
07/116752,1,False
01/280176,1,False
14/42991,1,False
04/134038,1,False
10/33103,1,False
14/32358,1,False
05/84954,1,False
15/119936,1,False
01/539589,1,False
01/294004,1,False
03/67982,1,False
04/85025,1,False
04/44278,1,False
24/92187,1,False
03/160939,1,False
01/460180,1,False
15/650629,1,False
06/50629,1,False
02/294875,1,False
22/140055,1,False
00384796,1,False
22/151273,1,False
04/105978,1,False
24/33062,1,False
01/461359,1,False
07/163445,1,False
24/63977,1,False
02/316957,1,False
06/44749,1,False
01/0428307,1,False
01/428307,1,False
02/250084,1,False
00/014525,1,False
23/9185,1,False
23/117221,1,False
00/3017,1,False
01/344661,1,False
24/86379,1,False
01/316296,1,False
22/94898,1,False
15/25414,1,False
16/92733,1,False
18/32663,1,False
15/75380,1,False
01/93897,1,False
01/513379,1,False
03/119713,1,False
24/30141,1,False
02/289455,1,False
02/25089,1,False
24/31051,1,False
09/316725,1,False
01/918236,1,False
01/216549,1,False
08/10600,1,False
09/52961,1,False
01/526367,1,False
01/34056,1,False
18/8965,1,False
24/6578,1,False
01/161932,1,False
04/53685,1,False
11/12060,1,False
03/6209,1,False
01/142854,1,False
22/127938,1,False
01/350233,1,False
23/27110,1,False
05/167314,1,False
09/229621,1,False
24/28764,1,False
07/26618,1,False
01/12332,1,False
23/66063,1,False
24/34918,1,False
23/193568,1,False
02/23121,1,False
02/205198,1,False
12/21455,1,False
01/522499,1,False
02/237022,1,False
24/117661,1,False
23/139438,1,False
24/1890,1,False
02/126819,1,False
04/52083,1,False
01/14790,1,False
01/18509,1,False
02/187270,1,False
02/169932,1,False
23/86489,1,False
08/83470,1,False
21/37331,1,False
05/53823,1,False
01/488165,1,False
06/50571,1,False
01/514632,1,False
23/148042,1,False
02/92010,1,False
24/44920,1,False
14/78801,1,False
23/22542,1,False
23/50487,1,False
22/148767,1,False
02/53986,1,False
01/54856,1,False
00/1430415,1,False
23/4907,1,False
14/810400,1,False
01/295667,1,False
24/61907,1,False
24/76985,1,False
11/0154,1,False
07/23801,1,False
14/132632,1,False
21/22851,1,False
02/156282,1,False
14/19277,1,False
09/29603,1,False
02/60006,1,False
02/231773,1,False
23/191560,1,False
03/139350,1,False
00/214585,1,False
04/118942,1,False
14/128998,1,False
02/221771,1,False
03/238407,1,False
22/117477,1,False
21/27351,1,False
02/259496,1,False
02/193454,1,False
08/127510,1,False
23/94225,1,False
04/154292,1,False
09/131290,1,False
03/87588,1,False
01/308774,1,False
03/223994,1,False
24/42020,1,False
10/75264,1,False
04/134070,1,False
10/48094,1,False
02/10313,1,False
01/465627,1,False
07/65992,1,False
07/132088,1,False
02/79380,1,False
02/178344,1,False
14/112986,1,False
02/304500,1,False
02/292448,1,False
02/275011,1,False
15/69980,1,False
01/286934,1,False
14/70968,1,False
01/3702800,1,False
22/29569,1,False
24/102755,1,False
15/97158,1,False
21/1883,1,False
F116380,1,False
01/338571,1,False
22/18404,1,False
00/15498,1,False
04/48011,1,False
23/27590,1,False
22/023544,1,False
01/208806,1,False
15/5927,1,False
04/154643,1,False
24/54653,1,False
02/101222,1,False
8709133125,1,False
01/79022,1,False
02/176891,1,False
15/8793,1,False
14/78779,1,False
05/49826,1,False
24/79718,1,False
03/79801,1,False
10/39316,1,False
23/89031,1,False
23/204986,1,False
01/401390,1,False
22/67357,1,False
03/170397,1,False
23/20194,1,False
01/316972,1,False
17/41449,1,False
00/126497,1,False
00/267918,1,False
24/30827,1,False
14/111834,1,False
14/100236,1,False
01/254194,1,False
04/69684,1,False
17/17150,1,False
01/252786,1,False
24/37796,1,False
10/29966,1,False
23/175402,1,False
01/140288,1,False
00/195265,1,False
04/171842,1,False
10/73622,1,False
09/217872,1,False
23/142670,1,False
23/83153,1,False
04/92806,1,False
08/7729,1,False
01/292523,1,False
00/12547,1,False
11/40537,1,False
01/148920,1,False
02/165871,1,False
02/333799,1,False
22/103580,1,False
22/143699,1,False
22/145827,1,False
02/271731,1,False
02/277538,1,False
04/12938,1,False
24/10989,1,False
23/170891,1,False
04/86066,1,False
24/21009,1,False
03/175521,1,False
27/116487,1,False
01/174840,1,False
16/103766,1,False
01/520503,1,False
16/7359,1,False
8708313103,1,False
02/161407,1,False
22/113466,1,False
09/75559,1,False
23/40049,1,False
01/10348,1,False
01/407280,1,False
04/162055,1,False
24/88073,1,False
24/3285,1,False
24/21038,1,False
01/325418,1,False
04-1/0365,1,False
01/328769,1,False
02/158116,1,False
24/31038,1,False
01/468796,1,False
03/99318,1,False
09/91357,1,False
02/325609,1,False
22/12067,1,False
22/35950,1,False
02/283272,1,False
14/79962,1,False
02/236445,1,False
23/117624,1,False
04/139206,1,False
01/337471,1,False
09/45841,1,False
23/134211,1,False
24/26651,1,False
24/26631,1,False
10/65537,1,False
01/528000,1,False
03/107577,1,False
01/287550,1,False
01/497600,1,False
22/155807,1,False
04/98343,1,False
01/361157,1,False
09/103857,1,False
04/76301,1,False
02/186522,1,False
20AH01028,1,False
04/134602,1,False
00/55410,1,False
02/4826,1,False
01/1466350,1,False
04/159134,1,False
13/48505,1,False
24/73347,1,False
18/25828,1,False
01/542923,1,False
02/168355,1,False
24/26550,1,False
01/155232,1,False
24/142869,1,False
01/119615,1,False
01/368341,1,False
10/19578,1,False
09/55210,1,False
16/105459,1,False
11353588,1,False
02/1731183,1,False
03/91523,1,False
23/183866,1,False
15/127053,1,False
00/451245,1,False
23/155246,1,False
23/68899,1,False
01/423519,1,False
23/2467,1,False
03/185885,1,False
24/38230,1,False
03/12440,1,False
04/113087,1,False
23/228755,1,False
02/247752,1,False
03/10610,1,False
01/253109,1,False
23/217303,1,False
11/35145,1,False
00/382928,1,False
00/407874,1,False
03/159359,1,False
14/97705,1,False
20/86591,1,False
01/23214,1,False
23/83518,1,False
01/45254,1,False
24/143925,1,False
02/239846,1,False
23/127981,1,False
02/184801,1,False
09/14575,1,False
24/34710,1,False
14/109034,1,False
03/93621,1,False
21/49314,1,False
01/2131,1,False
04/120168,1,False
24/56178,1,False
03/72291,1,False
04/134078,1,False
10/87924,1,False
01/523634,1,False
01/523008,1,False
14/70839,1,False
21/12712,1,False
23/166143,1,False
24/65586,1,False
24/100112,1,False
15/58160,1,False
02/118211,1,False
03/104359,1,False
02/263098,1,False
22/93885,1,False
23/53220,1,False
20/21115,1,False
24/118984,1,False
03/151372,1,False
02/19979,1,False
022/306758,1,False
01/476176,1,False
01/329172,1,False
23/210731,1,False
02/256287,1,False
15/74043,1,False
01/18457,1,False
24/97939,1,False
23/172905,1,False
15/66688,1,False
24/45928,1,False
001/225454,1,False
22/107307,1,False
01/397666,1,False
21/25357,1,False
17/5133,1,False
02/57232,1,False
24/138246,1,False
0/145214,1,False
01/551541,1,False
01/450372,1,False
01/541145,1,False
02/57464,1,False
24/36349,1,False
24/33327,1,False
03/242127,1,False
02/10060,1,False
02/015216,1,False
19/21898,1,False
02/65599,1,False
04/140246,1,False
02/254059,1,False
24/35859,1,False
02/170833,1,False
02/267420,1,False
09/227095,1,False
14/2145,1,False
09/222746,1,False
22/151716,1,False
01/126333,1,False
15/34835,1,False
01/3451,1,False
03/9750,1,False
24/45315,1,False
15/103080,1,False
14/83500,1,False
02/270554,1,False
03/192049,1,False
01/155094,1,False
24/104913,1,False
02/44230,1,False
01/497896,1,False
01/125723,1,False
09/225655,1,False
23/124686,1,False
03/19981,1,False
05/49449,1,False
22/124555,1,False
02/223809,1,False
01/326207,1,False
06/00378,1,False
00/264294,1,False
00/264234,1,False
37/6922,1,False
05/70819,1,False
02/200929,1,False
01/463246,1,False
02/121059,1,False
23/133129,1,False
24/38454,1,False
23/126639,1,False
02/168313,1,False
10/49444,1,False
24/145736,1,False
03/122103,1,False
17/10005,1,False
01/508514,1,False
01/137658,1,False
02/239509,1,False
01/543914,1,False
01/164661,1,False
02/226696,1,False
23/33614,1,False
23/127736,1,False
16/88075,1,False
24/4236,1,False
09/160010,1,False
03/83274,1,False
02/158608,1,False
22/135200,1,False
24/78439,1,False
23/149668,1,False
15/96964,1,False
01/33772,1,False
22/161184,1,False
07/86871,1,False
08/84046,1,False
24/103794,1,False
14/24755,1,False
09/52249,1,False
23/86552,1,False
01/249538,1,False
02/207667,1,False
09/8289,1,False
00/434187,1,False
01/54971,1,False
23/201968,1,False
01/295424,1,False
10/65245,1,False
02/261763,1,False
24/148578,1,False
15/126187,1,False
24/115980,1,False
02/290159,1,False
22/50303,1,False
010/01111,1,False
17/36735,1,False
17/18988,1,False
23/145567,1,False
24/39198,1,False
01/432617,1,False
14/129319,1,False
23/90783,1,False
03/74773,1,False
02/25802,1,False
22/119990,1,False
87/039120,1,False
08/36792,1,False
10/28214,1,False
03/85255,1,False
16/103433,1,False
02/415649,1,False
23/104702,1,False
07/102606,1,False
04/139522,1,False
00/301064,1,False
07/53629,1,False
01/425578,1,False
22/73150,1,False
23/132379,1,False
01/218636,1,False
02/136702,1,False
21/2271,1,False
24/46967,1,False
06/34300,1,False
04/93190,1,False
01/84904,1,False
01/119125,1,False
01/376635,1,False
03/213749,1,False
01/468347,1,False
00/346497,1,False
23/200795,1,False
01/271823,1,False
02/21021,1,False
01/189279,1,False
09/221460,1,False
02/327441,1,False
01/541411,1,False
01/452172,1,False
01/459852,1,False
17/44821,1,False
24/84537,1,False
09/78469,1,False
02/110578,1,False
01/444544,1,False
02/101481,1,False
14/110044,1,False
15/127904,1,False
02/152162,1,False
16/102623,1,False
02/32696,1,False
23/42855,1,False
02/1526,1,False
02/152630,1,False
01/273510,1,False
10/63866,1,False
01/369823,1,False
24/99097,1,False
01/432332,1,False
01/66525,1,False
22/135634,1,False
22/73505,1,False
03/42607,1,False
00/284607,1,False
16/76760,1,False
04/131916,1,False
16/20463,1,False
01/537508,1,False
02/301723,1,False
09/135886,1,False
02/279998,1,False
01/313817,1,False
10/65753,1,False
03/55615,1,False
24/127068,1,False
01/492222,1,False
04/103572,1,False
22/50284,1,False
01/289850,1,False
01/1411656,1,False
24/155460,1,False
17/48155,1,False
04/37449,1,False
24/155030,1,False
03/59828,1,False
10/6820,1,False
07/13005,1,False
15/127927,1,False
24/84858,1,False
01/240789,1,False
01/547195,1,False
24/8587,1,False
09/110088,1,False
24/9710,1,False
00/800433,1,False
17/48752,1,False
04/117808,1,False
01/432345,1,False
24/81435,1,False
12/12321,1,False
25/21541,1,False
09/350251,1,False
02/191496,1,False
01/299787,1,False
01/383150,1,False
01/253527,1,False
02/281798,1,False
15/52232,1,False
04/100408,1,False
24/52843,1,False
23/176301,1,False
02/146470,1,False
02/92024,1,False
08/98968,1,False
00/303623,1,False
15/134009,1,False
09/46550,1,False
24/144040,1,False
18/48672,1,False
17/58515,1,False
07/106368,1,False
07/106362,1,False
01/15100,1,False
01/101889,1,False
01/556568,1,False
24/58519,1,False
02/256046,1,False
02/300654,1,False
24/45401,1,False
02/224056,1,False
15/98591,1,False
18/49248,1,False
01/466332,1,False
24/92375,1,False
22/151773,1,False
24/61722,1,False
22/140077,1,False
04/179631,1,False
01/214541,1,False
01/348053,1,False
17/31316,1,False
24/99021,1,False
09/203939,1,False
09/153417,1,False
17/21981,1,False
04/122268,1,False
22/47585,1,False
01/1097,1,False
08/66082,1,False
07/134207,1,False
02/250804,1,False
23/21242,1,False
02/160612,1,False
01/33921,1,False
24/80723,1,False
15/106241,1,False
02/208944,1,False
04/108288,1,False
04/128341,1,False
02/218943,1,False
03/75381,1,False
01/560227,1,False
21/41646,1,False
17/60087,1,False
24/61105,1,False
23/69260,1,False
01/94845,1,False
01/520858,1,False
17/57215,1,False
01/423358,1,False
02/150018,1,False
10/83466,1,False
08/28614,1,False
01/387537,1,False
01/489006,1,False
01/489005,1,False
02/245690,1,False
881113334,1,False
01/18870,1,False
03/94585,1,False
8458TU104,1,False
01/406981,1,False
23/30371,1,False
05/76913,1,False
02/146414,1,False
01/473416,1,False
23/193998,1,False
29/52195,1,False
08/77120,1,False
00/436588,1,False
22/55663,1,False
02/273303,1,False
02/40766,1,False
09/155836,1,False
04/86142,1,False
23/708398,1,False
14/62929,1,False
24/66730,1,False
22/162143,1,False
02/263826,1,False
01/428744,1,False
09/221304,1,False
02/86198,1,False
03/117130,1,False
03/15824,1,False
20/1933,1,False
24/97292,1,False
11/68297,1,False
17/51197,1,False
04/114881,1,False
09/525584,1,False
04/144698,1,False
02/151454,1,False
17/51823,1,False
23/151517,1,False
10/79040,1,False
24/140213,1,False
02/141050,1,False
01/377776,1,False
23/121097,1,False
18/41016,1,False
02/306224,1,False
02/317893,1,False
01/517458,1,False
01/215127,1,False
24/12671,1,False
24/67317,1,False
14/113384,1,False
03/151494,1,False
15/0941,1,False
23/157780,1,False
02/82967,1,False
02/344075,1,False
04/63168,1,False
12/021021,1,False
02/185203,1,False
01/489896,1,False
05/73877,1,False
00/258271,1,False
01/383119,1,False
24/95155,1,False
01/315761,1,False
01/101640,1,False
00/408350,1,False
01/355865,1,False
06/22760,1,False
22/53571,1,False
23/172789,1,False
02/104481,1,False
04/151306,1,False
02/161172,1,False
23/115263,1,False
07/2123,1,False
23/56333,1,False
07/135591,1,False
08/65077,1,False
24/155817,1,False
22/120537,1,False
15/96282,1,False
20/24040,1,False
08/1475,1,False
04/163506,1,False
03/54378,1,False
10/75247,1,False
02/198916,1,False
24/2113,1,False
24/107086,1,False
02/071866,1,False
23/0517,1,False
00/88720,1,False
00/456742,1,False
23/59685,1,False
01/549953,1,False
22/0163033,1,False
00/325455,1,False
00/400736,1,False
13/8025,1,False
01/281551,1,False
2000783709,1,False
23/6442,1,False
00/12454,1,False
20A177296,1,False
01/400190,1,False
03/200116,1,False
00/332340,1,False
00/327650,1,False
15/135268,1,False
22/42697,1,False
01/270336,1,False
02/31216,1,False
199/667,1,False
02/232944,1,False
02/57788,1,False
13/5275,1,False
23/201805,1,False
02/240391,1,False
24/82613,1,False
24/149789,1,False
13/59781,1,False
22/105412,1,False
22/55322,1,False
01/407756,1,False
02/189114,1,False
02/140254,1,False
01/411726,1,False
08/74187,1,False
03/119578,1,False
10/65647,1,False
02/284651,1,False
04/26124,1,False
08/46010,1,False
01/29552,1,False
03/220718,1,False
16/12041,1,False
23/91930,1,False
01/259381,1,False
01/959381,1,False
01/452163,1,False
09/180499,1,False
24/61096,1,False
00/357570,1,False
24/138340,1,False
00/289278,1,False
01/501689,1,False
34/4457,1,False
001001FBL7,1,False
23/144643,1,False
16/106044,1,False
01/466897,1,False
09/61263,1,False
02/268069,1,False
00/266030,1,False
01/167526,1,False
02/164153,1,False
01/250594,1,False
16/34933,1,False
24/140894,1,False
24/142607,1,False
17/11778,1,False
06/47676,1,False
01/275014,1,False
02/265203,1,False
23/228047,1,False
24/12531,1,False
24/149774,1,False
22/6124,1,False
16/18784,1,False
07/85975,1,False
02/43851,1,False
02/244463,1,False
14/45324,1,False
01/91151,1,False
09/20280,1,False
10/58186,1,False
23/210906,1,False
02/136321,1,False
09/110427,1,False
01/56585,1,False
14/180316,1,False
01/471871,1,False
09/227697,1,False
01/328509,1,False
01/448355,1,False
00/418223,1,False
01/559579,1,False
00/426794,1,False
02/166950,1,False
12/164791,1,False
00/440070,1,False
01/61266,1,False
08/51098,1,False
00/001010,1,False
02/278758,1,False
17/56520,1,False
24/2774,1,False
22/45457,1,False
03/49858,1,False
21/50650,1,False
24/61942,1,False
12/40498,1,False
08/29738,1,False
01/120504,1,False
01/526226,1,False
18/48894,1,False
01/377639,1,False
24/33122,1,False
00/85471,1,False
00/403112,1,False
22/20054,1,False
02/238795,1,False
14/28709,1,False
24/115397,1,False
00/131944,1,False
24/137896,1,False
15/16374,1,False
24/85501,1,False
21/61720,1,False
07/94084,1,False
01/460941,1,False
02/291471,1,False
24/97936,1,False
24/135784,1,False
09/109770,1,False
11/54906,1,False
23/227369,1,False
02/139104,1,False
23/90139,1,False
23/54476,1,False
23/153198,1,False
02/313375,1,False
01/591870,1,False
AAA1A2ABBE,1,False
14/132374,1,False
02/216650,1,False
01/69407,1,False
22/37779,1,False
24/38929,1,False
22/38293,1,False
08/44862,1,False
02/236600,1,False
00/5560,1,False
08/37569,1,False
02/219852,1,False
03/22105,1,False
01/169207,1,False
21/17443,1,False
04/103083,1,False
09/239215,1,False
01/522106,1,False
24/78178,1,False
00/365224,1,False
02/169534,1,False
09/155613,1,False
10/140387,1,False
03/32138,1,False
03/125458,1,False
02/70594,1,False
03/015723,1,False
15/24994,1,False
22/26492,1,False
04/62516,1,False
23/95296,1,False
02/108926,1,False
24/1385,1,False
01/201349,1,False
03/13470,1,False
01/271887,1,False
23/5549,1,False
01/3892121,1,False
02/212028,1,False
23/97772,1,False
00/177065,1,False
24/1122,1,False
02/126616,1,False
24/56070,1,False
15/80419,1,False
238/13866,1,False
02/298580,1,False
24/150343,1,False
24/55584,1,False
14/111219,1,False
01/554285,1,False
02/238486,1,False
07/192944,1,False
00/463141,1,False
15/28276,1,False
02/138161,1,False
22/172479,1,False
17/39231,1,False
09/125884,1,False
01/212740,1,False
02/441216,1,False
15/111858,1,False
02/71713,1,False
24/1738,1,False
01/533391,1,False
69/45910,1,False
01/250499,1,False
02/222210,1,False
02/218304,1,False
01/436137,1,False
02/259256,1,False
02/374524,1,False
10/32647,1,False
09/71264,1,False
02/179013,1,False
24/148559,1,False
01/537759,1,False
01/196932,1,False
22/84024,1,False
09/195292,1,False
24/122341,1,False
24/155607,1,False
23/237547,1,False
06/22032,1,False
01/510314,1,False
01/522837,1,False
01/302257,1,False
01/343565,1,False
02/172209,1,False
24/148064,1,False
22/64930,1,False
22/121348,1,False
01/493196,1,False
02/252271,1,False
00/45145,1,False
04/150306,1,False
01551577,1,False
04/56506,1,False
23/183288,1,False
01/280487,1,False
24/4419,1,False
24/153853,1,False
02/153381,1,False
01/494317,1,False
02/314462,1,False
01/361655,1,False
14/162238,1,False
22/70303,1,False
01/507808,1,False
04/15638,1,False
02/135981,1,False
03/168639,1,False
12/822946,1,False
22/97637,1,False
01/324213,1,False
01/338799,1,False
02/228407,1,False
01/89356,1,False
14/179308,1,False
02/63571,1,False
01/280095,1,False
08/25576,1,False
22/175532,1,False
02/424219,1,False
02/101983,1,False
04/94759,1,False
01/428206,1,False
23/2417,1,False
02/343266,1,False
01/64636,1,False
09/240653,1,False
01/402342,1,False
01/126186,1,False
02/177021,1,False
02/15082,1,False
23/6382,1,False
23/158973,1,False
11/21355,1,False
01/277049,1,False
23/223288,1,False
02/9093,1,False
15/78400,1,False
24/82453,1,False
00/405890,1,False
03/192123,1,False
23/132006,1,False
02/258896,1,False
02/212112,1,False
23/176828,1,False
01/540972,1,False
21/39945,1,False
03/262859,1,False
10/32319,1,False
24/129033,1,False
01/309651,1,False
02/171031,1,False
07/000172,1,False
01/558457,1,False
07/221882,1,False
01/248502,1,False
23/156992,1,False
02/345176,1,False
03/156697,1,False
23/231465,1,False
09/121842,1,False
24/3540,1,False
00/409524,1,False
01/396609,1,False
05/84666,1,False
23/130495,1,False
13/20707,1,False
043081/4,1,False
01/178835,1,False
15/25144,1,False
03/65535,1,False
22/106081,1,False
24/123791,1,False
08/68899,1,False
04/77922,1,False
02/163336,1,False
01/457290,1,False
01/271226,1,False
04/147848,1,False
01/751614,1,False
21/007148,1,False
04/46915,1,False
02/280068,1,False
22/172360,1,False
01/538063,1,False
15/111404,1,False
24/155080,1,False
08/5412,1,False
01/418762,1,False
09/119631,1,False
20/651204,1,False
15/132045,1,False
14/106167,1,False
23/59364,1,False
03/0282445,1,False
24/155763,1,False
24/154204,1,False
02/63516,1,False
24/150558,1,False
04/202509,1,False
02/323173,1,False
02/241094,1,False
09/177625,1,False
